Symbol,Trade Date,Broker,ADV,Volatility,Beta,Mkt Cap (MM),Side,Order Shares,Executed Shares,POV,P_avg,Pd,P0,Pn,VWAP
AAPL,8/5/24,Broker A,72106864,0.68,1.041596293,2901664,Buy,2294800,2294800,0.153908303,197.52,193.27,193.49,199.25,197.3792238
MSFT,8/5/24,Broker C,26193634,0.4,0.991805494,2669692,Buy,658600,658600,0.151335505,367.34,362.82,362.88,370.55,367.287875
NVDA,8/5/24,Broker B,323825056,0.81,1.904370189,2364604,Sell,14230300,14230300,0.148171538,96.08,98.77,98.63,97.66,96.09798646
AMZN,8/5/24,Broker A,56974192,0.58,1.184175968,1775661,Sell,519200,519200,0.091065774,167.46,169.6,169.56,168.62,167.5654634
META,8/5/24,Broker A,20542520,0.67,1.181922793,1223500,Sell,526900,526900,0.173758074,481.83,491.33,491.27,489.22,481.9210258
GOOGL,8/5/24,Broker B,38393644,0.46,0.987897754,1813077,Buy,728600,728600,0.119374791,150.72,148.88,148.81,150.9,150.6527847
AVGO,8/5/24,Broker D,37874508,0.79,1.959495664,781511,Buy,748900,748900,0.126207894,170.05,166.99,166.99,171.21,169.9914492
GOOG,8/5/24,Broker D,24951546,0.46,0.98287636,1813077,Buy,845000,845000,0.197498667,153.37,150.97,151.16,153.89,153.3525195
TSLA,8/5/24,Broker E,140806080,1.03,1.58415544,731758,Buy,4502900,4502900,0.035237915,236.06,230.26,230.27,237.1,235.9619683
LLY,8/5/24,Broker B,3938780.25,0.57,0.776895583,775474,Sell,34200,34200,0.123051577,831.58,841.51,841.29,838,831.6014833
JPM,8/5/24,Broker C,14446872,0.49,1.117400289,637278,Buy,112800,112800,0.073196702,232.93,230.63,230.74,234.49,232.9079842
V,8/5/24,Broker D,7732261.5,0.41,0.824475527,643335,Sell,178000,178000,0.058767623,325.1,329,328.92,326.7,325.1447781
XOM,8/5/24,Broker E,19817686,0.42,0.607271492,455670,Sell,839600,839600,0.119777015,104.07,105.61,105.47,104.67,104.1198425
COST,8/5/24,Broker A,2917253,0.35,0.817268252,424947,Sell,10400,9100,0.049830226,986.54,993,992.85,988.31,986.6704836
MA,8/5/24,Broker B,3392971.25,0.4,0.856543481,463128,Sell,147100,147100,0.087703487,508.99,517,516.93,512.43,509.0841354
UNH,8/5/24,Broker A,6109557,0.85,0.466492683,387145,Buy,234800,234800,0.169971446,461.37,449.76,449.65,462.03,461.2703308
NFLX,8/5/24,Broker E,5633900.5,0.49,1.128229022,420426,Sell,37200,37200,0.104734793,977.52,984.4,984.37,982.25,977.5396604
WMT,8/5/24,Broker D,27689224,0.42,0.781679511,740837,Sell,1103400,1103400,0.07524952,91.77,93.02,93.12,91.83,91.83076164
PG,8/5/24,Broker B,9135826,0.29,0.483530194,388659,Buy,326700,326700,0.04409216,172.08,169.89,170.14,172.75,172.050883
JNJ,8/5/24,Broker D,10849724,0.33,0.518104196,378153,Sell,136000,136000,0.178672875,156.74,157.96,157.98,157.01,156.8096919
HD,8/5/24,Broker C,4276120,0.36,0.904466271,344794,Buy,91500,87500,0.064422603,357.96,354.29,354.22,358,357.8927141
ABBV,8/5/24,Broker B,8754635,0.36,0.487410396,301009,Sell,229400,229400,0.177648339,171.25,173.47,173.33,172.68,171.3385534
KO,8/5/24,Broker E,20127234,0.24,0.439482689,313171,Buy,561800,525800,0.078675474,73.83,73.38,73.35,74.02,73.69002435
PM,8/5/24,Broker B,7038256,0.31,0.448695272,252431,Sell,98200,98200,0.068583553,162.33,163.76,163.76,162.43,162.369097
BAC,8/5/24,Broker A,58030748,0.54,1.156621456,280695,Sell,2773400,2773400,0.122283465,36.35,37.07,37.1,36.85,36.41481537
CRM,8/5/24,Broker C,7202936.5,0.47,1.214108348,227046,Sell,306500,306500,0.171686481,236.28,240.43,240.28,236.55,236.2635516
CVX,8/5/24,Broker E,11178586,0.49,0.715148687,233589,Sell,356400,356400,0.126819077,133.97,136.02,135.81,135.55,134.0527263
ABT,8/5/24,Broker C,8016111.5,0.3,0.586934447,225271,Buy,162000,162000,0.167722456,132.22,130.97,131.02,132.43,132.1956809
MCD,8/5/24,Broker E,4345218,0.28,0.59120661,220757,Sell,200100,170500,0.082685925,308.25,311,311.04,310.36,308.2857517
CSCO,8/5/24,Broker A,26598580,0.43,0.881947041,216300,Buy,262700,262700,0.119072338,55.73,55.16,55.16,55.69,55.60827018
IBM,8/5/24,Broker D,5153453.5,0.39,0.758216262,219038,Sell,171800,171800,0.154879854,234.83,238.07,237.88,236.26,234.8868107
LIN,8/5/24,Broker D,2600478.25,0.37,0.727685034,209902,Buy,103400,103400,0.187651162,456.54,450.54,450.63,456.52,456.4970426
WFC,8/5/24,Broker A,20418954,0.5,0.994544625,209003,Buy,630400,630400,0.050858383,65.35,64.2,64.28,65.89,65.20714385
ORCL,8/5/24,Broker A,12495883,0.58,1.279027343,344416,Sell,120500,120500,0.059309189,125.34,126.89,126.94,126.53,125.4655616
MRK,8/5/24,Broker D,18299742,0.35,0.553353965,195901,Sell,709200,709200,0.181429717,77.03,78.08,78,77.53,77.10406273
PEP,8/5/24,Broker E,7963296,0.27,0.47175014,194356,Sell,85400,85400,0.149269739,141.8,142.5,142.48,142.2,141.897304
GE,8/5/24,Broker D,6722253,0.57,1.188797116,190224,Sell,307500,307500,0.083817496,175.92,179.29,179.37,178.65,175.9488255
T,8/5/24,Broker A,45441512,0.33,0.480280787,189002,Sell,1984300,1984300,0.183288197,26.83,27.16,27.21,27.16,26.91777304
PLTR,8/5/24,Broker C,110576536,0.91,2.046456575,212958,Buy,1694300,1694300,0.077946758,94.55,92.84,92.78,94.56,94.50887836
VZ,8/5/24,Broker E,29510090,0.34,0.553383589,184170,Sell,22100,22100,0.08310763,44.32,44.2,44.37,44.4,44.41474817
ACN,8/5/24,Broker C,4422696,0.44,0.80521059,175001,Sell,22200,22200,0.045932633,280.21,282.34,282.33,281.05,280.2314455
ISRG,8/5/24,Broker D,2817014.75,0.61,1.206331491,167787,Sell,111700,111700,0.183727845,466.56,475.94,475.73,467.8,466.6712488
RTX,8/5/24,Broker E,5422184.5,0.41,0.707878292,168382,Buy,118300,118300,0.161923267,129.84,128.5,128.57,129.74,129.7032881
INTU,8/5/24,Broker D,1932800.125,0.43,1.002376318,159026,Buy,16100,16100,0.191055848,583.32,578.43,578.5,584.83,583.2500816
TMO,8/5/24,Broker D,2260051.5,0.45,0.859779418,159245,Sell,63700,63700,0.164666925,419.65,425.5,425.38,424.68,419.702659
NOW,8/5/24,Broker C,2160465,0.62,1.252818584,156492,Sell,97600,94200,0.198778037,743.64,759.36,759.35,746.58,743.6624857
GS,8/5/24,Broker D,3531042.75,0.6,1.261187077,161610,Sell,30200,30200,0.068410799,499.88,505.4,505.39,504.17,499.8961358
UBER,8/5/24,Broker C,19155544,0.55,1.195605874,152495,Buy,610800,610800,0.069093964,75.7,74.44,74.44,76.76,75.72219645
PGR,8/5/24,Broker A,3972077.25,0.43,0.573527932,150903,Buy,135300,135300,0.143896977,268.12,264.18,264.05,269.38,267.9937779
DIS,8/5/24,Broker E,11873562,0.58,0.890657663,151854,Buy,493300,416100,0.102968684,86.24,84.91,84.86,86.65,86.14708559
ADBE,8/5/24,Broker D,4928740.5,0.59,1.125434399,146280,Sell,246100,246100,0.052606391,337.5,344.57,344.52,337.93,337.520042
BKNG,8/5/24,Broker C,318188.8125,0.47,1.077503562,145622,Buy,10800,10800,0.128783895,4637.17,4566.64,4566.86,4666.18,4637.17812
QCOM,8/5/24,Broker E,9248309,0.67,1.497467756,150571,Buy,50500,50500,0.18974248,136.04,134.73,134.88,136.09,135.9372044
AMGN,8/5/24,Broker C,3351891,0.33,0.565429389,147144,Buy,89600,89600,0.153464082,280.34,277.29,277.33,281.89,280.3480292
SPGI,8/5/24,Broker B,1517246.25,0.42,1.000825882,140911,Buy,72100,68900,0.175688702,467.54,460,460.1,469,467.4542279
TJX,8/5/24,Broker E,6671403,0.3,0.678406835,138498,Buy,46500,46500,0.010607454,127.91,127.23,127.36,127.81,127.7809106
AMD,8/5/24,Broker A,41816476,0.95,1.692152262,139004,Buy,1608800,1452000,0.181884022,88.33,86.02,85.98,90.23,88.26998032
CAT,8/5/24,Broker E,3281743.25,0.5,1.076455116,136086,Buy,36600,36600,0.177909911,291.99,289.33,289.4,293.39,291.9135523
BSX,8/5/24,Broker D,9649542,0.42,0.887817025,138411,Sell,106800,106800,0.14215234,93.91,95.05,94.77,94.3,93.91423039
AXP,8/5/24,Broker A,4197011.5,0.62,1.152603507,169900,Buy,180200,180200,0.180397268,254.33,248.85,248.96,258.75,254.2702949
NEE,8/5/24,Broker A,13180131,0.37,0.569819272,133149,Buy,527600,527600,0.094926529,66.98,65.82,66.01,67.08,66.91132626
TXN,8/5/24,Broker C,8989339,0.71,1.09406817,132493,Buy,159400,159400,0.062498293,147.98,145.46,145.55,148.94,147.9871697
MS,8/5/24,Broker E,9562043,0.6,1.288030863,170984,Buy,5600,5600,0.074944833,108.44,108.14,108.17,108.38,108.3215907
UNP,8/5/24,Broker B,3233668.5,0.38,0.845109522,129483,Buy,96100,96100,0.078724118,221.07,218.16,218.23,223.6,221.0038378
GILD,8/5/24,Broker B,10361147,0.28,0.585657597,129908,Sell,102400,102400,0.118476835,103.24,104.1,104,103.73,103.2678685
SCHW,8/5/24,Broker A,12408055,0.45,1.128342867,139918,Buy,321600,321600,0.198402168,76.56,75.64,75.46,77.13,76.41933557
CMCSA,8/5/24,Broker E,28652040,0.38,0.723178506,127042,Buy,1496800,1303500,0.111136285,34.13,33.75,33.71,34.33,34.02797929
HON,8/5/24,Broker A,4912729.5,0.44,0.834966779,124940,Buy,130900,118000,0.031779897,197.89,194.98,195.16,200.01,197.7960904
BLK,8/5/24,Broker A,1083176.875,0.51,1.162742853,132389,Buy,9900,9900,0.034006636,876.94,867,867.11,884.48,876.9005907
TMUS,8/5/24,Broker B,4545863,0.35,0.688813746,288121,Buy,55600,55600,0.133945674,262.87,260.39,260.49,264.89,262.8410874
VRTX,8/5/24,Broker E,1611804.375,0.24,0.849466443,122761,Buy,45500,38200,0.082431595,491.07,488,488.04,493.14,490.9798626
PFE,8/5/24,Broker A,61340208,0.31,0.494620919,124999,Buy,207100,207100,0.025236841,22.35,22.13,22.22,22.3,22.2611712
LOW,8/5/24,Broker D,2954811.25,0.36,0.888534725,119089,Buy,98800,98800,0.101796474,220.38,217.67,217.76,222.59,220.3247044
BA,8/5/24,Broker D,10290827,0.72,1.262373209,119889,Buy,249000,249000,0.024783763,163.01,160,160.08,162.98,162.9194153
DHR,8/5/24,Broker E,4341055.5,0.51,0.908220112,132330,Buy,19500,19500,0.163900946,186.59,185.28,185.46,186.99,186.4893328
ADP,8/5/24,Broker E,2150195,0.35,0.787215412,115897,Buy,41600,41600,0.042451279,293.35,290.77,290.98,293.77,293.239823
SYK,8/5/24,Broker B,1907405.125,0.37,0.750790775,129618,Buy,5100,5100,0.012273758,346.74,344.71,344.75,348.36,346.6546524
C,8/5/24,Broker B,20884940,0.6,1.245760441,117993,Sell,146900,146900,0.154238844,61.98,62.75,62.68,62.63,62.05574673
FI,8/5/24,Broker D,3409129.25,0.43,0.87523675,116342,Buy,41300,36800,0.013192245,210.64,208.64,208.73,212.38,210.5708141
DE,8/5/24,Broker C,1539067.125,0.43,0.961758375,119846,Buy,24500,24500,0.028196598,455.36,450.42,450.39,456.02,455.3067593
COP,8/5/24,Broker A,10939566,0.67,0.772891283,110678,Sell,435000,435000,0.178387182,85.32,87.26,87.26,85.89,85.4060181
AMAT,8/5/24,Broker D,8732342,0.7,1.516796589,110130,Sell,243700,243700,0.040600452,132.51,135.13,135.06,133.46,132.561241
PANW,8/5/24,Broker C,5760672,0.58,1.216528773,105969,Buy,49400,49400,0.138143164,166.92,165.09,165.08,167.17,166.9138103
MMC,8/5/24,Broker C,2447921.75,0.33,0.590217888,104508,Buy,116500,116500,0.18095933,221.62,218.61,218.71,222.78,221.5879061
CB,8/5/24,Broker D,2063046.375,0.31,0.533117235,112104,Buy,69600,69600,0.042170249,288.11,285,285.05,289.58,288.041162
ETN,8/5/24,Broker D,3941023.75,0.6,1.268835664,101652,Buy,172900,172900,0.125923174,269.4,264.12,264.19,272.11,269.3953703
MDT,8/5/24,Broker A,8498045,0.29,0.682784915,104912,Buy,393700,393700,0.178119969,83.67,82.6,82.6,83.84,83.57400768
AMT,8/5/24,Broker D,3553526.5,0.31,0.532872975,102045,Buy,74100,74100,0.035789412,223.4,221.33,221.41,224.48,223.340674
SO,8/5/24,Broker D,5008373,0.23,0.426127642,99270,Buy,71900,71900,0.062105876,92.34,91.62,91.77,92.41,92.29994615
BMY,8/5/24,Broker C,13893362,0.33,0.433606565,99581,Sell,616000,616000,0.050112396,48.55,49.35,49.19,48.54,48.53360359
MO,8/5/24,Broker B,12420729,0.23,0.458243698,97184,Buy,620600,620600,0.155160465,59.06,58.3,58.43,59.6,59.02927308
ELV,8/5/24,Broker E,1897402.5,0.34,0.451055408,92069,Buy,1100,1100,0.044461147,422.1,421.66,421.71,422.3,422.0130297
LMT,8/5/24,Broker D,1811621.75,0.34,0.528686762,107512,Buy,14200,14200,0.164595368,462.56,459.26,459.46,463.51,462.526719
BX,8/5/24,Broker A,6410232,0.74,1.327261329,147576,Buy,56600,56600,0.015657763,128.83,127,126.99,129.64,128.7782052
PLD,8/5/24,Broker D,6284098,0.54,1.035050511,93652,Sell,211500,197500,0.102862541,99.01,100.51,100.63,99.94,99.1305437
CME,8/5/24,Broker B,3201366.75,0.23,0.449448019,93818,Buy,41500,41200,0.13603134,265.13,263.28,263.31,265.79,265.119651
DUK,8/5/24,Broker C,4900300,0.24,0.36730212,93375,Buy,166200,166200,0.112859735,122.87,121.58,121.74,123.78,122.8949178
SBUX,8/5/24,Broker E,11626514,0.59,1.146592379,91644,Buy,295300,285300,0.090436426,81.67,80.36,80.52,81.87,81.5691769
CRWD,8/5/24,Broker B,4596504.5,0.73,1.664388299,89901,Buy,50100,50100,0.144538567,369.14,363.8,363.72,372.1,369.0677824
ICE,8/5/24,Broker B,4024815.75,0.28,0.815884113,89064,Sell,70900,70900,0.076350499,155.79,157.42,157.17,156.39,155.8048131
CI,8/5/24,Broker D,1856092.125,0.26,0.510866761,88048,Buy,52700,44000,0.066093471,333.57,330.8,330.85,334.75,333.5099334
WELL,8/5/24,Broker B,3609059,0.31,0.67238766,93593,Buy,213200,178900,0.195566716,148.65,146.76,146.69,148.6,148.5561454
GEV,8/5/24,Broker E,4296794.5,0.8,1.5,85579,Buy,207900,207900,0.047224883,327.69,320,320.03,328.94,327.6230992
ADI,8/5/24,Broker D,4588623,0.77,1.321415544,86791,Buy,142500,134000,0.170116066,176.38,172.65,172.81,178.58,176.3378891
MCK,8/5/24,Broker A,1129723.5,0.27,0.501902699,85534,Buy,25000,25000,0.021945176,709.93,703.03,703.08,714.7,709.8872072
MDLZ,8/5/24,Broker D,10405951,0.27,0.409132928,87785,Buy,49800,49800,0.017085855,67.81,67.3,67.5,67.85,67.75795143
CVS,8/5/24,Broker C,10635882,0.33,0.764965117,82270,Buy,511500,511500,0.087347589,68.18,67.3,67.28,68.34,68.17899813
WM,8/5/24,Broker B,1838091.625,0.25,0.538219333,91559,Sell,35600,35600,0.174473407,228.83,230.78,230.77,229.86,228.8883277
KLAC,8/5/24,Broker B,1346563.125,0.74,1.578629613,82496,Buy,13100,13100,0.06654026,632.55,623.43,623.53,639.54,632.4689957
AJG,8/5/24,Broker E,1667881.125,0.34,0.612837076,81682,Sell,19300,19300,0.072380657,326.39,328.42,328.46,326.79,326.5324583
INTC,8/5/24,Broker D,111931832,0.93,1.574641943,82154,Sell,2052800,2052800,0.026872216,18.43,18.93,18.81,18.51,18.46059017
LRCX,8/5/24,Broker B,13776550,0.81,1.61843729,80088,Buy,58700,58700,0.112792436,63.14,62.36,62.41,63.8,63.11467073
ORLY,8/5/24,Broker B,458705.9688,0.3,0.512424648,78334,Buy,2400,2400,0.067405958,1400.63,1392,1391.97,1405.53,1400.56083
AON,8/5/24,Broker A,1403522.25,0.28,0.581544459,76886,Sell,13000,13000,0.140712892,362.94,365.75,365.73,364.91,363.0486091
APH,8/5/24,Broker E,9046439,0.54,1.336825252,77057,Buy,358400,358400,0.077401068,65.07,63.94,64.04,65.36,64.95076007
CL,8/5/24,Broker B,5917938,0.3,0.457846314,76810,Sell,257400,257400,0.11357876,94.64,95.8,95.84,95.04,94.66837565
SHW,8/5/24,Broker A,2088853.375,0.36,0.941084564,81062,Buy,98500,98500,0.051871933,337.08,331.87,332.05,340.38,336.9592438
EQIX,8/5/24,Broker E,787754.5625,0.39,0.928478122,75633,Buy,800,800,0.137993052,785.41,783.79,783.89,786.18,785.2691284
MU,8/5/24,Broker E,28983996,1.04,1.875524879,74587,Sell,51200,51200,0.08755646,67.14,67.76,67.68,67.59,67.22664457
TDG,8/5/24,Broker E,314887.9063,0.42,0.995311379,73277,Buy,14100,14100,0.046833507,1349.52,1331.41,1331.44,1353.81,1349.406985
TT,8/5/24,Broker E,1656028.125,0.45,1.197039723,72305,Buy,15400,15400,0.145408006,332.67,330.1,330.2,332.76,332.5521689
ANET,8/5/24,Broker B,11877461,0.7,1.682001829,84968,Buy,576400,576400,0.079128572,70.41,68.68,68.76,71.81,70.33544758
NOC,8/5/24,Broker B,1115825.375,0.32,0.599564493,76585,Buy,13700,13700,0.021522577,544.68,540,540.05,546.5,544.6163006
PH,8/5/24,Broker D,1032480.313,0.68,1.207091451,70472,Buy,32900,32900,0.123355983,562.98,552.06,552.29,572.85,562.9206616
WMB,8/5/24,Broker A,8275608.5,0.39,0.808866858,68896,Sell,350800,350800,0.188520688,56.9,57.95,57.79,57.27,57.00574075
CDNS,8/5/24,Broker E,2427913.5,0.57,1.3736552,69006,Buy,13800,13800,0.15502068,258.96,257.02,257.02,259.96,258.8655372
MMM,8/5/24,Broker E,4530638,0.51,1.006646872,68003,Buy,141000,141000,0.175170551,130.83,129,129.04,131.26,130.788429
CTAS,8/5/24,Broker C,2318209.75,0.41,0.948155165,80923,Buy,47600,47600,0.032222093,206.82,204.49,204.44,208.84,206.8444328
UPS,8/5/24,Broker E,6512738.5,0.48,0.871397614,81575,Buy,112500,112500,0.122517341,96.83,95.57,95.84,97.16,96.68619927
MSI,8/5/24,Broker C,948396.125,0.34,0.9049986,68847,Buy,10000,10000,0.160190544,420.96,417.56,417.6,422.08,420.931572
GD,8/5/24,Broker E,1655810.125,0.36,0.714203775,73317,Sell,79200,79200,0.110319824,271.61,275.01,274.97,274.48,271.7163346
KKR,8/5/24,Broker C,7550706.5,0.9,1.628254652,87004,Sell,309000,257700,0.063998137,98.4,101,100.93,100.82,98.37737285
ZTS,8/5/24,Broker C,2779203.75,0.37,0.767200053,65522,Sell,39800,39800,0.130041194,147.32,148.67,148.74,147.63,147.3431372
NKE,8/5/24,Broker C,25678442,0.71,0.788271487,82833,Buy,189900,160400,0.115033922,55.8,55.23,55.16,55.98,55.73837753
MCO,8/5/24,Broker A,1041817.375,0.52,1.158737779,74348,Sell,800,800,0.120987152,416.87,419,419.14,417.88,416.9600124
CMG,8/5/24,Broker A,14388523,0.46,0.869820356,63064,Buy,210100,210100,0.122425912,48.54,47.84,47.95,48.74,48.41850829
CEG,8/5/24,Broker B,4398039.5,0.83,1.476271391,60695,Sell,5400,5400,0.124833115,201.88,203.49,203.49,202.15,201.9698327
SNPS,8/5/24,Broker E,1463162.375,0.54,1.399227858,62213,Buy,66500,66500,0.056099439,413.01,406.26,406.14,419.44,412.9559245
NEM,8/5/24,Broker B,13934138,0.49,1.032853365,62236,Buy,155000,141600,0.122865446,57.66,57,57.04,57.71,57.64825293
EOG,8/5/24,Broker B,4546741,0.56,0.80652982,60179,Buy,149800,149800,0.190235304,110.67,108.58,108.73,111.46,110.6092016
COF,8/5/24,Broker E,5593778,0.71,1.180324078,63005,Buy,139800,139800,0.045413827,171.96,169.08,169.11,174.03,171.8787729
ITW,8/5/24,Broker C,1335379.125,0.41,0.863521516,66773,Buy,18800,18800,0.07416781,231.2,228.79,228.86,231.92,231.2178436
DASH,8/5/24,Broker D,8294022.5,0.68,1.455383658,72765,Sell,167600,167600,0.145995458,175.19,178.23,178.12,178.02,175.2429238
FTNT,8/5/24,Broker A,5420590,0.6,1.176363707,71299,Sell,50500,50500,0.112115073,93.62,94.87,94.83,94.11,93.72114471
AZO,8/5/24,Broker C,164381.0938,0.3,0.586766005,59709,Sell,6000,6000,0.039393502,3551.32,3591.9,3591.81,3578.29,3551.355253
PYPL,8/5/24,Broker E,11983751,0.56,1.264015198,59636,Sell,341700,341700,0.19441255,59.19,60.24,60.06,59.87,59.29706501
PNC,8/5/24,Broker B,3215447.75,0.46,1.039765954,59414,Buy,145300,145300,0.143202374,153.04,150.5,150.45,153.8,153.0206522
ECL,8/5/24,Broker B,1645770.375,0.3,0.852666318,65664,Sell,4700,4700,0.189964958,236.87,238.09,238.09,238.05,236.8811931
HCA,8/5/24,Broker B,1648882.375,0.33,0.669401526,78197,Sell,56800,48700,0.030235631,331.09,334.93,335.02,331.8,331.1209235
ROP,8/5/24,Broker D,670314.9375,0.35,0.779269636,57910,Buy,9600,9600,0.112247916,555.35,550.42,550.6,558.15,555.2959385
USB,8/5/24,Broker D,15376011,0.5,1.192224503,58908,Sell,95400,95400,0.105585499,37.58,37.91,37.9,37.7,37.56552517
REGN,8/5/24,Broker B,1086888.625,0.39,0.743007243,61073,Sell,7100,6500,0.039973917,551.66,556.04,555.99,553.96,551.7223545
APD,8/5/24,Broker C,1285565.375,0.42,0.879582047,57305,Sell,59400,59400,0.13013388,257.26,261.39,261.38,261.02,257.3070555
TRV,8/5/24,Broker A,1616036.75,0.36,0.650661469,56549,Sell,21600,21600,0.163504646,253.36,256.12,255.95,254,253.4429535
AEP,8/5/24,Broker E,5192580,0.26,0.428053766,56352,Buy,24400,21700,0.126570602,108.28,107.77,107.98,108.32,108.2156125
BDX,8/5/24,Broker D,2398220.25,0.32,0.611429393,56454,Buy,41700,41700,0.084164955,200.48,198.71,198.76,200.69,200.3461903
APO,8/5/24,Broker B,5210564.5,0.84,1.517835021,68247,Sell,136600,119100,0.069591803,121.94,124.63,124.58,123.25,122.0369302
EMR,8/5/24,Broker E,3611822,0.55,1.123367548,54371,Sell,99800,99800,0.130118532,96.31,97.89,97.69,97.49,96.41516814
ADSK,8/5/24,Broker D,1828719.625,0.43,1.176352382,54160,Sell,74100,74100,0.085713005,252.02,255.92,255.81,252.42,252.0608715
BK,8/5/24,Broker A,4807429.5,0.46,1.002221107,53159,Sell,68400,68400,0.063984188,74.45,75.39,75.37,75.17,74.49535625
OKE,8/5/24,Broker D,4399638.5,0.61,0.982543945,51107,Buy,169400,169400,0.148028949,86.64,84.99,85.02,87.1,86.62475076
CSX,8/5/24,Broker E,17247650,0.38,0.81662339,51585,Sell,432200,430000,0.046515268,27.05,27.39,27.32,27.32,27.10399347
AFL,8/5/24,Broker E,2209897.75,0.37,0.651851058,57294,Buy,24300,24300,0.106986828,107.41,106.86,106.7,107.76,107.3241984
KMI,8/5/24,Broker B,14069475,0.41,0.77816236,57307,Buy,414500,414500,0.084919686,27.36,26.86,26.99,27.42,27.32989195
CPRT,8/5/24,Broker D,5663842.5,0.31,1.003289819,56739,Buy,187000,187000,0.104767085,60.06,59.45,59.43,60.52,60.00612245
ALL,8/5/24,Broker A,2196536,0.42,0.638867438,49568,Buy,16800,16800,0.170747488,193.71,192.06,191.9,195.09,193.6160306
O,8/5/24,Broker A,6787345.5,0.28,0.546792388,51687,Buy,144700,128600,0.146006928,58.58,58.15,58.03,58.62,58.47909964
JCI,8/5/24,Broker A,4893669.5,0.52,1.112372398,49147,Buy,243900,243900,0.108008732,77.37,75.7,75.85,78.53,77.27411619
HLT,8/5/24,Broker D,3031887.5,0.45,0.915118396,49023,Buy,77100,77100,0.173152724,211.77,209,209.06,213.84,211.7335034
MAR,8/5/24,Broker D,2279838,0.52,1.014037013,59395,Sell,800,800,0.121650145,217.67,218.3,218.3,218.23,217.6975126
HWM,8/5/24,Broker B,3149206.5,0.62,1.214276791,48321,Buy,66400,66400,0.049611047,124.7,122.49,122.67,124.67,124.6419773
NSC,8/5/24,Broker D,1405256,0.42,0.922046959,49532,Buy,5800,5800,0.132107063,219.21,217.72,217.84,219.86,219.1438651
COR,8/5/24,Broker C,2001972.375,0.23,0.437819302,54464,Buy,32900,32900,0.115264893,291.56,289.33,289.53,292.63,291.5340787
RSG,8/5/24,Broker D,1455583.875,0.28,0.62843889,74483,Buy,6400,6400,0.171097456,243.82,242.53,242.7,244.45,243.7480094
SLB,8/5/24,Broker A,21908206,0.69,0.939860463,47078,Buy,517800,508000,0.041911782,35.45,34.72,34.79,35.53,35.32217674
ABNB,8/5/24,Broker B,6031917,0.64,1.223857641,71612,Sell,50400,50400,0.029254736,109.88,111.32,111.26,110,109.9477629
CARR,8/5/24,Broker C,5284097.5,0.48,1.201488495,50267,Buy,78900,78900,0.016118501,59.99,59.28,59.29,60.32,60.01518046
AIG,8/5/24,Broker C,6132646.5,0.39,0.718751848,46340,Buy,109700,109700,0.149097638,82.07,81.09,81.2,82.39,82.04620644
DLR,8/5/24,Broker A,2638210.25,0.42,0.910633385,50244,Buy,115900,115900,0.097546198,151.57,148.95,149.11,151.57,151.4697872
RCL,8/5/24,Broker B,3211878.75,0.77,1.301109672,51454,Buy,130500,130500,0.157733994,194.35,189.52,189.75,198.11,194.3145443
EXC,8/5/24,Broker B,9899152,0.27,0.404019773,46671,Sell,50600,50600,0.058702773,47.14,47.48,47.41,47.38,47.20252109
KR,8/5/24,Broker A,8351748.5,0.33,0.378295392,47789,Buy,112500,112500,0.036372075,72.48,71.63,71.79,72.63,72.38414463
KMB,8/5/24,Broker D,2202193.5,0.27,0.478593826,46454,Sell,43100,43100,0.056751698,142.14,143.45,143.27,143.09,142.2134787
WDAY,8/5/24,Broker C,2488970.25,0.44,1.046601534,56951,Sell,67600,67600,0.040571903,215.91,218.91,218.87,217.12,215.9101418
FCX,8/5/24,Broker B,21833502,0.87,1.440998435,47352,Buy,334300,334300,0.147975781,33.86,33.12,33.23,33.87,33.81589328
TFC,8/5/24,Broker C,12838491,0.54,1.143862844,46093,Sell,602500,602500,0.08501898,34.75,35.5,35.43,35.33,34.76810924
FAST,8/5/24,Broker A,4317566.5,0.41,0.823430419,46056,Buy,48400,48400,0.180697651,81.91,81.06,81.06,82.16,81.78951793
PSA,8/5/24,Broker E,899280.375,0.35,0.74413836,50443,Buy,42500,42500,0.056389566,297.31,293.61,293.83,299.94,297.1875139
FICO,8/5/24,Broker E,192598.1719,0.51,1.182162404,44345,Buy,6600,6600,0.077667935,1919.09,1891.67,1891.82,1945.62,1919.034836
PAYX,8/5/24,Broker D,2656627.25,0.41,0.755127072,50567,Sell,58100,58100,0.097505112,142.35,144.06,143.99,143.76,142.3669069
PCAR,8/5/24,Broker B,3600774.75,0.46,0.874807894,45822,Buy,55400,55400,0.197898869,88.23,87.17,87.18,88.7,88.25195026
SPG,8/5/24,Broker E,2080938.375,0.52,1.014560699,48024,Sell,111100,99100,0.069211963,145.73,148.3,148.2,146.43,145.7582649
ROST,8/5/24,Broker C,3821738.5,0.38,0.791156411,44554,Buy,38200,38200,0.197199588,140.3,139.14,139.11,141.21,140.2774969
FDX,8/5/24,Broker D,2370554,0.6,0.871101379,49147,Sell,117100,117100,0.139259597,202.08,206.3,206.33,202.77,202.167359
SRE,8/5/24,Broker B,5377201,0.39,0.737867653,45934,Sell,82900,82900,0.167582032,69.87,70.53,70.62,70.23,69.88505339
CCI,8/5/24,Broker A,4355920.5,0.42,0.537642241,44471,Sell,214800,214000,0.068498941,101.4,103.16,103.16,102.51,101.504021
KVUE,8/5/24,Broker E,17303216,0.31,0.598850489,42729,Buy,78100,78100,0.195016798,23.43,23.33,23.35,23.36,23.36030067
AMP,8/5/24,Broker A,587742.8125,0.54,1.200113416,43226,Buy,17600,17600,0.126065824,468.86,460.72,460.86,470.72,468.7286047
D,8/5/24,Broker E,5696607,0.35,0.531895697,44366,Buy,45500,45500,0.063085374,53.31,52.92,53.02,53.45,53.26316755
GWW,8/5/24,Broker D,300362.875,0.31,0.898724616,47149,Buy,8500,8500,0.084429274,1008.11,998.03,998.05,1010.84,1008.00419
GM,8/5/24,Broker A,17818398,0.47,1.023413062,42893,Buy,616000,616000,0.169209874,45.29,44.47,44.55,45.37,45.16013195
NXPI,8/5/24,Broker E,3608436.75,0.87,1.313321352,43496,Buy,61800,61800,0.175458886,169.35,166.6,166.48,170.69,169.2189942
TGT,8/5/24,Broker D,9577029,0.59,0.745406866,42724,Sell,407600,385200,0.082237236,90.89,92.64,92.64,91.86,90.90492502
MSCI,8/5/24,Broker A,605950.1875,0.44,0.953426242,41399,Buy,7200,7200,0.078758898,545.39,539.27,539.38,545.65,545.253671
KDP,8/5/24,Broker B,14291824,0.25,0.479637235,47907,Buy,658100,658100,0.146880817,36.01,35.49,35.61,36.18,35.94159836
EW,8/5/24,Broker B,4871998.5,0.29,0.932674706,40680,Buy,183100,183100,0.054157091,72.05,71.2,71.22,72.05,72.02409427
MET,8/5/24,Broker C,4264862,0.57,0.970704496,47958,Buy,78000,77800,0.164067317,72.83,71.79,71.8,73.35,72.7693375
PEG,8/5/24,Broker D,3184916.75,0.3,0.649215996,40010,Buy,85900,85900,0.103323603,83.78,83,82.98,83.85,83.73900849
VRSK,8/5/24,Broker D,1055410.375,0.32,0.653001904,39793,Buy,24000,24000,0.055404575,294.46,291.64,291.68,296.58,294.4590663
LHX,8/5/24,Broker A,1484300.75,0.31,0.786988199,40194,Buy,71400,71400,0.08338743,220.1,217.15,217.12,221.9,220.0145778
CTVA,8/5/24,Broker E,3840735.75,0.42,0.811250389,40380,Sell,128800,121400,0.15185828,58.73,59.38,59.43,59.42,58.88217093
PSX,8/5/24,Broker C,3662350.5,0.67,0.967380404,39525,Buy,133200,133200,0.062525583,99.51,97.45,97.51,100.62,99.49052377
MNST,8/5/24,Broker A,6403771.5,0.29,0.588039458,56453,Buy,190300,190300,0.170662272,59.09,58.36,58.43,59.21,58.95313038
AXON,8/5/24,Broker B,729520.5,0.59,1.405653238,42188,Buy,21200,21200,0.054950996,559.85,550,550.07,560.32,559.8332568
MPC,8/5/24,Broker A,3156129.25,0.66,0.903885305,39477,Buy,23700,23700,0.067260635,127.11,125.28,125.51,128.36,126.9455227
XEL,8/5/24,Broker E,3795987.5,0.26,0.411776662,39727,Buy,178200,178200,0.069418198,70.56,69.88,69.93,70.7,70.4628755
DFS,8/5/24,Broker D,2594477.75,0.77,1.18055141,41593,Buy,70200,70200,0.171999916,173.91,170.52,170.48,175.04,173.8631107
YUM,8/5/24,Broker A,2512590.25,0.33,0.630044401,39132,Sell,64400,64400,0.061183078,141.35,143.14,143.02,141.82,141.447077
FIS,8/5/24,Broker D,4254328,0.48,0.729293287,40453,Sell,101200,101200,0.051690748,75.13,75.94,76.14,75.39,75.14820453
PWR,8/5/24,Broker D,1551233.25,0.53,1.243507385,37625,Buy,8500,8500,0.013305479,264.87,262.68,262.67,264.87,264.7928682
VST,8/5/24,Broker C,8435292,0.94,1.630477905,36234,Buy,94900,94900,0.079604532,114.46,112.52,112.48,115.21,114.4693114
OTIS,8/5/24,Broker E,2712143.75,0.37,0.794259965,38396,Sell,57600,49300,0.066523685,97.11,97.95,97.93,97.19,97.14768964
ED,8/5/24,Broker A,3002038.25,0.26,0.309197754,39968,Sell,126200,111800,0.177344856,110.66,111.89,111.91,111.69,110.7751963
CMI,8/5/24,Broker E,1025966.188,0.55,1.032185197,37770,Buy,11900,11900,0.1545747,280.31,277.56,277.56,282.29,280.2437396
URI,8/5/24,Broker A,761241.625,0.55,1.479452729,37278,Buy,24200,24200,0.109029464,594.2,583.63,583.74,603.68,594.0905531
TEL,8/5/24,Broker D,2187387,0.51,1.162813902,38413,Buy,75200,75200,0.131966642,129.98,127.91,127.94,131.18,129.9678773
BKR,8/5/24,Broker D,8978361,0.68,0.912857592,37435,Sell,198800,198800,0.054833417,37.71,38.32,38.36,38.29,37.74003382
TRGP,8/5/24,Broker B,2373329,0.71,1.006133914,35801,Sell,116100,116100,0.072619178,167.56,171.74,171.74,170.88,167.6161616
PCG,8/5/24,Broker B,18206530,0.3,0.577123642,37009,Buy,255400,255400,0.134350788,17.31,17.13,17.16,17.33,17.26650104
F,8/5/24,Broker B,154269360,0.51,0.947989166,37658,Buy,8173100,7319500,0.054085052,9.88,9.58,9.7,9.94,9.840627571
AME,8/5/24,Broker C,1552392.625,0.38,0.908328295,35823,Sell,32500,32500,0.155889213,154.25,156,155.98,154.7,154.2623248
HES,8/5/24,Broker C,2205686.5,0.57,0.845936716,39072,Buy,81600,81600,0.177160015,131.07,128.74,128.71,131.41,131.0379837
ETR,8/5/24,Broker A,5055218.5,0.32,0.588191152,35935,Buy,21000,21000,0.07672183,83.42,82.72,82.88,83.81,83.36354557
PRU,8/5/24,Broker D,2169791,0.52,0.964037359,34333,Sell,22300,22300,0.166278881,97.47,98.55,98.5,98.48,97.52869662
SYY,8/5/24,Broker A,3494709.5,0.33,0.499918789,34951,Buy,96200,96200,0.144195637,72.65,71.73,71.79,73.28,72.5413756
TTWO,8/5/24,Broker D,1877009.375,0.37,0.942398071,36210,Buy,63200,63200,0.140327853,213.45,210.84,210.85,215.88,213.3812294
VLO,8/5/24,Broker B,4028594.5,0.69,1.000251889,34226,Buy,146700,146700,0.091011783,110.66,108.17,108.33,112.18,110.5626524
CBRE,8/5/24,Broker E,2165243.75,0.44,1.102758408,34651,Sell,76600,76600,0.169266962,115.09,116.63,116.59,116.44,115.2178013
ACGL,8/5/24,Broker C,1782318.875,0.41,0.650769889,33736,Buy,24700,24700,0.116010097,93.24,92.29,92.3,93.57,93.22658354
EA,8/5/24,Broker A,3472875.25,0.31,0.707976997,36989,Sell,158400,158400,0.138461896,142.95,145.02,144.91,143.97,143.0668667
WEC,8/5/24,Broker D,2579657.75,0.21,0.450434834,34130,Sell,100700,100700,0.091654402,107.25,108.3,108.15,107.59,107.2943153
DHI,8/5/24,Broker B,3912135,0.41,0.862580538,38054,Buy,37000,37000,0.107464728,121.57,120.36,120.44,121.87,121.5213665
CTSH,8/5/24,Broker B,4620921.5,0.45,0.897250831,33549,Buy,204400,204400,0.09317567,70.44,69.32,69.27,70.76,70.36409173
VICI,8/5/24,Broker C,8872924,0.29,0.661714256,33973,Buy,233300,233300,0.174854685,32.78,32.43,32.46,33.06,32.7694809
HIG,8/5/24,Broker D,1744182.625,0.36,0.681961477,32598,Buy,69800,69800,0.130260311,118.64,117.02,117.13,119.39,118.5829524
IDXX,8/5/24,Broker D,920356.4375,0.47,1.024811983,32955,Buy,42500,42500,0.192613363,416.31,409.47,409.49,419.54,416.2729002
CSGP,8/5/24,Broker E,3336447.5,0.46,1.052419782,32817,Sell,100,100,0.145912113,78.7,78.61,78.65,78.75,78.77573017
CHTR,8/5/24,Broker C,1460611,0.5,0.81772697,51101,Buy,60900,60900,0.104471928,341.37,335.28,335.56,345.33,341.3535576
CAH,8/5/24,Broker D,2750151.25,0.3,0.615272462,31686,Buy,76800,76800,0.051109833,136.8,135.52,135.48,137.76,136.7426572
WTW,8/5/24,Broker E,719839.0625,0.32,0.564704597,31380,Sell,5400,5400,0.084430405,318.94,320.52,320.48,319.55,319.0263541
GLW,8/5/24,Broker A,7247951.5,0.55,1.127289295,34871,Buy,182700,182700,0.113608673,41.39,40.72,40.71,41.89,41.33001457
VMC,8/5/24,Broker A,1552427.25,0.32,0.91711092,30934,Buy,400,400,0.057191982,240.96,240.19,240.22,241.41,240.8889673
HUM,8/5/24,Broker B,1663929.125,0.52,0.504744947,29680,Buy,92400,79000,0.0483278,267.63,262.51,262.6,270.9,267.5867942
EBAY,8/5/24,Broker B,5998861,0.38,0.746352613,30584,Sell,203200,203200,0.052048553,65.27,66.27,66.17,65.55,65.34943024
GIS,8/5/24,Broker A,7428856.5,0.32,0.222607225,31580,Buy,369300,326400,0.104120904,58.41,57.38,57.62,58.63,58.30073742
RMD,8/5/24,Broker D,1162067.625,0.38,1.053770781,30970,Sell,60600,50600,0.16208193,208.55,211.62,211.47,209.33,208.5931235
IT,8/5/24,Broker C,862088.0625,0.45,1.129665256,30243,Buy,40800,37400,0.114477291,406.4,399.82,399.91,410.1,406.4393908
EQT,8/5/24,Broker D,8427179,0.55,1.113951445,28486,Buy,417800,391000,0.044434375,51.15,50.25,50.21,51.72,51.1725418
MLM,8/5/24,Broker D,607821.625,0.33,0.953669608,29395,Buy,24500,24000,0.070989901,497.04,491.14,491.17,501.48,497.025801
CNC,8/5/24,Broker D,4603081,0.31,0.406555951,28776,Buy,218500,218500,0.04544959,61.38,60.71,60.64,61.37,61.27307814
EXR,8/5/24,Broker D,1285439.375,0.39,0.8493523,29330,Buy,52000,52000,0.146338324,141.65,139.76,139.73,142.64,141.6944913
NDAQ,8/5/24,Broker B,3591433.75,0.46,0.828990459,40567,Buy,30900,28400,0.0657343,72.25,71.51,71.56,72.26,72.19551926
VTR,8/5/24,Broker A,3759618.25,0.28,0.697105527,29243,Buy,62900,62900,0.02546988,67.93,67.44,67.31,68.01,67.90097542
GRMN,8/5/24,Broker A,1260726.25,0.65,0.991939723,35947,Sell,47000,47000,0.049834982,182.94,187.12,186.92,185.65,183.0176675
A,8/5/24,Broker E,2477031.75,0.47,0.998218417,28584,Buy,19500,19500,0.091429306,102.82,101.85,102.08,102.81,102.7700138
WAB,8/5/24,Broker B,1099454.375,0.48,1.110182405,28560,Sell,33200,33200,0.161721944,166.12,168.74,168.74,167.19,166.1312703
IR,8/5/24,Broker D,3131694,0.52,1.183133483,28103,Buy,43300,43300,0.180798494,71.83,70.89,71,71.86,71.76274123
STZ,8/5/24,Broker D,2573782.25,0.32,0.651316345,33844,Buy,34900,33700,0.158472811,188.01,186.45,186.56,188.34,187.9001267
AWK,8/5/24,Broker E,1828562.625,0.3,0.470711619,28692,Sell,71100,68900,0.123920585,146.49,148,147.88,146.93,146.5999642
AVB,8/5/24,Broker C,957343.8125,0.39,0.853089452,28729,Buy,42500,42500,0.10644348,204.52,201.42,201.56,206.58,204.5238387
ODFL,8/5/24,Broker A,1910647.125,0.58,1.112155557,31794,Sell,37100,37100,0.151240409,149.09,151.47,151.49,150.11,149.2475456
GEHC,8/5/24,Broker B,5121890.5,0.71,1.147836328,27690,Buy,43900,43900,0.187815577,62.51,61.73,61.68,63.05,62.43580125
LULU,8/5/24,Broker C,3117086,0.75,0.817370057,30631,Buy,6700,6700,0.069807833,251.5,249.34,249.42,253.47,251.4802841
BRO,8/5/24,Broker C,1961675.125,0.32,0.701902211,32509,Buy,95400,95400,0.04822899,118.18,116.84,116.65,118.88,118.1470695
DTE,8/5/24,Broker A,1640223.5,0.26,0.47982955,27347,Buy,62300,58400,0.104622035,134.26,132.83,132.79,134.49,134.1113167
BR,8/5/24,Broker D,621545.6875,0.36,0.782384157,26690,Sell,32000,29100,0.147866833,231.47,234.67,234.66,233.14,231.4792083
EFX,8/5/24,Broker B,1234932.125,0.52,1.309583545,26868,Buy,31900,31900,0.132380579,221.25,217.89,217.85,223.91,221.2617431
OXY,8/5/24,Broker A,15108736,0.7,0.679570973,36670,Buy,495400,495400,0.078802325,39.85,39.1,39.01,40.53,39.772312
XYL,8/5/24,Broker B,1987830.125,0.41,1.123633265,26408,Buy,86600,86600,0.132926363,110.99,109.21,109.28,111.55,110.9409848
TSCO,8/5/24,Broker A,5318770.5,0.45,0.765961647,26363,Buy,177000,177000,0.094134757,51.09,50.19,50.3,51.07,50.95906881
DXCM,8/5/24,Broker E,4825727,0.55,1.070894837,25922,Buy,42600,35900,0.064163037,68.66,68.07,68.1,68.61,68.52593426
AEE,8/5/24,Broker E,2107070.25,0.25,0.507441759,26065,Buy,96900,96900,0.16862672,99.02,98.08,98.17,99.25,98.88004588
MTB,8/5/24,Broker B,1625571.25,0.47,0.980700493,25756,Buy,76000,75800,0.112250751,161.87,158.69,159.05,162.01,161.8270432
ANSS,8/5/24,Broker B,632879.5625,0.41,1.127478838,26115,Buy,15900,15900,0.167351548,304.91,300.88,300.99,308.46,304.8697941
DELL,8/5/24,Broker B,8990889,0.93,1.688794136,57495,Buy,29300,29300,0.188266463,84.38,83.38,83.39,84.74,84.35508481
PPL,8/5/24,Broker E,5713525,0.25,0.522806942,26096,Sell,121600,121600,0.066702112,35.23,35.57,35.45,35.41,35.36068119
ROK,8/5/24,Broker E,1085357.25,0.53,1.038438201,25660,Buy,46000,46000,0.079360425,232.55,228.88,228.84,234.67,232.497247
DAL,8/5/24,Broker D,15970300,0.95,1.207352281,25772,Sell,552700,552700,0.190581212,39.1,40.16,40.13,39.76,39.13947837
NUE,8/5/24,Broker E,2965347.25,0.63,1.079811215,24614,Buy,52100,48000,0.112659875,110.9,109.33,109.5,111.94,110.783448
CHD,8/5/24,Broker B,1830031.375,0.27,0.411989838,25384,Buy,27800,27800,0.143079316,105.86,105,105,106.35,105.8253268
FANG,8/5/24,Broker D,3052251.25,0.82,0.885042548,38922,Sell,87000,87000,0.155833791,131.28,134.18,134.16,131.79,131.3220708
KHC,8/5/24,Broker A,12042805,0.33,0.360269487,35730,Buy,430100,430100,0.172744613,30.02,29.56,29.63,29.87,29.82532827
DD,8/5/24,Broker C,3624361,0.71,0.984351695,25156,Buy,158600,151200,0.045318346,60.74,59.48,59.4,61.61,60.72695352
MPWR,8/5/24,Broker C,1145968.625,1.11,1.914679885,24331,Sell,14100,14100,0.199412173,502.11,512.72,512.65,508.41,502.0876708
ATO,8/5/24,Broker C,1068291.25,0.23,0.55874145,24847,Sell,37500,37500,0.172009657,155.3,156.78,156.73,155.46,155.3489203
IRM,8/5/24,Broker B,2148413.75,0.49,1.041708589,24072,Buy,22100,22100,0.099585548,84.74,83.59,83.82,85.25,84.65121664
SBAC,8/5/24,Broker C,1136725.875,0.32,0.55840081,24366,Sell,11400,11400,0.160389311,227.83,229.46,229.56,229.23,227.8204925
HSY,8/5/24,Broker A,1714671.625,0.32,0.440539747,33721,Sell,24700,22300,0.071494678,164.71,166.37,166.25,165.26,164.7919477
RJF,8/5/24,Broker D,1904403.75,0.49,1.124410748,26810,Buy,17300,17300,0.191452961,133.73,132.36,132.47,134.44,133.6873513
TPL,8/5/24,Broker B,145288.7344,0.87,1.070005655,28707,Buy,0,0,0.166063654,1274.91,1274.22,1274.24,1275.1,1274.798879
LEN,8/5/24,Broker A,3604617.5,0.41,0.952108204,27192,Sell,149800,149800,0.129055261,102.15,103.78,103.8,102.92,102.2669262
IP,8/5/24,Broker E,6315342,0.57,0.763397038,23786,Buy,72700,72700,0.156409217,46.38,45.83,45.91,46.5,46.29786583
TYL,8/5/24,Broker B,289309.8438,0.37,0.932694316,23947,Sell,5100,4900,0.019134227,559.44,565.31,565.42,562.09,559.5005868
GDDY,8/5/24,Broker C,1731630.75,0.4,1.121523619,23532,Buy,34200,34200,0.153329299,172.88,170.84,170.95,174.08,172.8799123
CNP,8/5/24,Broker E,6544230,0.2,0.511033058,23818,Buy,185600,185600,0.061935297,37.24,36.98,37.03,37.18,37.1501643
IQV,8/5/24,Broker D,2062076.375,0.54,0.965077341,24899,Sell,2500,2500,0.021010655,141.69,142.24,142.38,142.14,141.749965
DRI,8/5/24,Broker A,1471352.875,0.41,0.675583124,23062,Buy,54800,54800,0.178030318,202.62,199.52,199.55,203.95,202.5370954
STT,8/5/24,Broker E,2406070.25,0.51,0.965664208,23269,Buy,25600,25600,0.050854368,80.98,80.1,80.27,81.43,80.92596239
KEYS,8/5/24,Broker E,1073229.625,0.59,1.460006237,22790,Buy,19100,19100,0.19967177,134.95,133.2,133.27,135.21,134.8578099
EQR,8/5/24,Broker A,2058523.25,0.41,0.833705187,25639,Buy,85100,85100,0.13011953,68.68,67.64,67.61,68.76,68.56786658
PPG,8/5/24,Broker E,2583960.25,0.52,0.913599849,22561,Sell,32300,32300,0.086130072,98.51,99.57,99.48,98.98,98.63862531
FITB,8/5/24,Broker D,6024540,0.51,1.154086709,22261,Buy,103700,103700,0.120513795,34.32,33.84,33.9,34.33,34.23966912
ADM,8/5/24,Broker D,5736518,0.43,0.613135517,23091,Buy,131200,131200,0.102940957,48.38,47.83,47.8,48.8,48.34934559
CBOE,8/5/24,Broker A,1028178.75,0.3,0.335441858,22449,Buy,2900,2900,0.076200042,219.3,217.97,218.08,219.62,219.1918593
EXE,8/5/24,Broker D,6257997,0.43,0.875163198,23791,Buy,81000,81000,0.152120582,107.48,106.4,106.44,108.26,107.3988189
HPQ,8/5/24,Broker C,10433243,0.69,1.06854558,22389,Sell,419400,419400,0.083695197,22.86,23.45,23.37,23.3,22.84333617
FTV,8/5/24,Broker B,2953923,0.5,1.015593648,21779,Buy,71400,61900,0.157891382,65.63,64.63,64.72,65.7,65.5596478
EIX,8/5/24,Broker E,3870291.5,0.38,0.615453899,21488,Sell,140000,135000,0.135959892,56.1,56.88,56.74,56.73,56.20395455
K,8/5/24,Broker C,2832324.25,0.04,0.390702844,28449,Sell,109200,109200,0.076079795,81.93,82.35,82.14,82,81.94786683
VLTO,8/5/24,Broker B,1591432.75,0.37,1.5,21630,Buy,4600,4600,0.065278485,89.03,88.46,88.5,89.09,88.98960017
DOV,8/5/24,Broker D,1323083.75,0.51,1.118279934,21659,Sell,25800,25800,0.058151741,157.76,159.94,159.83,157.92,157.7700664
STE,8/5/24,Broker A,602092.9375,0.32,0.631336212,21495,Buy,12000,12000,0.164309506,223.69,221.22,221.35,224.38,223.5552315
UAL,8/5/24,Broker C,12011164,1.08,1.18553853,21399,Buy,391400,388400,0.050068648,66.88,65.09,65.04,67.38,66.85062242
CMS,8/5/24,Broker A,2745851.25,0.23,0.402545393,21566,Buy,89500,89500,0.144082387,73.42,72.74,72.7,73.37,73.30215365
FE,8/5/24,Broker A,5861474.5,0.28,0.476894647,24124,Sell,82600,82600,0.047411608,41.36,41.85,41.72,41.56,41.5085909
NVR,8/5/24,Broker E,26889.36719,0.39,0.721931219,21180,Sell,800,800,0.130731649,7058.17,7135.1,7135.12,7077.13,7058.273939
CPAY,8/5/24,Broker A,511122.2813,0.7,1.102929354,20953,Sell,10300,10300,0.076222872,300.53,306.16,306.13,302.02,300.6495894
TDY,8/5/24,Broker B,304619.3125,0.41,0.851020634,21234,Buy,9700,9700,0.079957363,466.27,459.81,459.79,470.74,466.2301727
ES,8/5/24,Broker D,2653985.75,0.35,0.498877913,20696,Buy,23600,23600,0.154641089,57.69,57.21,57.28,57.84,57.64423297
MTD,8/5/24,Broker E,196380.4375,0.55,1.060753942,20219,Buy,2100,2000,0.194868841,1006.18,996.88,996.83,1011.64,1006.083288
MCHP,8/5/24,Broker E,13373664,1.16,1.530130506,21206,Sell,360600,360600,0.078236792,36.64,37.6,37.62,37.26,36.69213036
CINF,8/5/24,Broker D,926051.375,0.41,0.634547472,19996,Sell,5100,5100,0.187426012,131.1,131.92,132.01,131.58,131.1705859
WRB,8/5/24,Broker A,2284885,0.37,0.595682919,25539,Buy,31600,31600,0.050503324,69.6,68.9,68.88,70.1,69.5277627
DG,8/5/24,Broker D,5504300.5,0.46,0.147626966,21029,Sell,204600,204600,0.170003649,92.22,93.55,93.64,92.66,92.2368334
SW,8/5/24,Broker C,4414833.5,0.57,1.5,21286,Sell,153700,153700,0.146052522,40.23,41.1,40.97,40.55,40.26955266
CDW,8/5/24,Broker C,1711498.375,0.53,1.044915199,19557,Buy,70000,70000,0.050575048,152.36,149.7,149.67,152.9,152.3794362
VRSN,8/5/24,Broker B,912534.6875,0.29,0.593307614,22717,Buy,18000,18000,0.052268344,248.35,245.86,246.05,249.4,248.343791
LYV,8/5/24,Broker E,2976203.75,0.53,1.095992446,28820,Buy,32900,32900,0.070961915,128.12,127,126.93,128.32,128.0205837
DVN,8/5/24,Broker B,10589528,0.85,0.784066737,19133,Sell,140400,140400,0.125424414,28.92,29.61,29.44,29.15,28.95402829
HPE,8/5/24,Broker B,29635630,0.83,1.436243892,19467,Buy,220100,220100,0.151064235,15.28,14.95,15.06,15.39,15.2614387
HBAN,8/5/24,Broker A,25923222,0.59,1.129999638,19676,Sell,498500,498500,0.072116274,13.07,13.58,13.28,13.15,13.13316698
NRG,8/5/24,Broker E,3331282.75,0.74,1.218113065,18959,Buy,38400,33400,0.032342764,97.44,96.1,96.27,98.14,97.3366506
DOW,8/5/24,Broker D,9681285,0.76,0.934338987,19846,Sell,460700,460700,0.143038481,27.33,28.17,28.01,27.68,27.38506884
HAL,8/5/24,Broker E,14295516,0.79,0.9959566,18895,Sell,74600,74600,0.142822837,21.9,22.05,22.12,22.05,22.03627805
TROW,8/5/24,Broker A,2628548.75,0.55,1.24284482,18568,Buy,46700,46700,0.135738314,86.5,85.27,85.24,87.57,86.46764516
ZBH,8/5/24,Broker B,2224673.75,0.3,0.66424644,19026,Sell,91500,91500,0.057850912,96.36,97.5,97.56,97.29,96.36829297
PHM,8/5/24,Broker C,2378124.5,0.43,0.928031027,18770,Buy,89600,89600,0.115809463,95.56,94.03,94.15,96.52,95.52246261
INVH,8/5/24,Broker A,3488844.75,0.31,0.804176807,20470,Buy,161600,161600,0.115818627,33.99,33.43,33.54,34.08,33.84542527
WAT,8/5/24,Broker C,577985.25,0.53,0.874369264,18814,Sell,27500,25700,0.137436527,311.91,317.6,317.79,317.72,311.9082209
CTRA,8/5/24,Broker C,7670125,0.45,0.794653773,18957,Buy,294200,294200,0.155922545,25.92,25.48,25.52,26.04,25.93743568
MKC,8/5/24,Broker B,2814116.5,0.32,0.453034908,20013,Sell,63900,63900,0.187092493,74.11,75,74.9,74.22,74.16308828
CCL,8/5/24,Broker E,30730354,0.84,1.585720658,22498,Buy,962300,892100,0.159538147,18.01,17.59,17.65,18.08,17.90161668
WY,8/5/24,Broker D,3923671.75,0.41,0.926903367,17921,Buy,52800,52800,0.195058008,25.57,25.43,25.33,25.64,25.53058815
EXPE,8/5/24,Broker E,2731665,0.76,1.383257627,18899,Buy,90400,76300,0.181805622,151.95,149.07,149.17,152.19,151.8464007
SYF,8/5/24,Broker E,5665065,0.79,1.195883751,18361,Buy,165700,163400,0.134992047,48.71,47.85,47.78,49.35,48.63564863
IFF,8/5/24,Broker A,2113117.5,0.43,0.765907586,18594,Buy,41700,41700,0.103002743,73.91,72.88,72.97,74.57,73.78876181
NI,8/5/24,Broker A,5584637.5,0.29,0.636198223,17935,Buy,171000,171000,0.178953341,39.67,39.12,39.22,39.76,39.52023828
MAA,8/5/24,Broker A,1073008.875,0.33,0.744632661,18099,Sell,13700,13300,0.091601888,154.25,155.91,155.7,155.37,154.356811
LDOS,8/5/24,Broker E,1774806.75,0.33,0.886574626,17724,Buy,85600,85600,0.173304964,141.69,140,140.1,142.43,141.5838631
HUBB,8/5/24,Broker A,752433.75,0.47,1.161202312,17637,Buy,32600,32600,0.064067146,340.29,334.28,334.35,342.89,340.1712682
DGX,8/5/24,Broker D,1434326.75,0.25,0.461955011,17963,Buy,43300,43300,0.040095469,165.03,163.63,163.61,166.06,165.0221431
WBD,8/5/24,Broker E,44823424,1.01,1.16329062,19642,Buy,656400,656400,0.093947474,8.43,8.06,8.28,8.33,8.325531768
LH,8/5/24,Broker C,818770,0.33,0.56757921,17756,Sell,31100,31100,0.086370855,213.63,216.3,216.29,215.9,213.6471749
MOH,8/5/24,Broker A,752848.375,0.42,0.305419803,16524,Sell,23500,23500,0.124921627,315.76,320.54,320.48,316.82,315.8706069
LII,8/5/24,Broker A,457593.5,0.48,1.069374204,19202,Buy,1900,1700,0.180595693,553.39,548.84,548.87,556.13,553.2950918
ESS,8/5/24,Broker E,526468.6875,0.42,0.903372884,17425,Buy,14000,14000,0.083745766,275.37,272.3,272.38,278.14,275.2863525
RF,8/5/24,Broker C,11484495,0.53,1.14174211,17285,Sell,573900,573900,0.093382162,18.62,19.15,18.99,18.76,18.66895817
TSN,8/5/24,Broker D,2524327,0.29,0.444923162,21653,Buy,66500,66500,0.030194251,61.72,61.05,61.15,61.7,61.69223448
BIIB,8/5/24,Broker E,1859786.375,0.44,0.701340735,17051,Sell,90600,88300,0.115276066,116.28,117.97,117.99,117.34,116.3744593
PODD,8/5/24,Broker A,913339.9375,0.47,1.104999661,16754,Buy,38000,38000,0.112885265,247.93,243.67,243.66,249.11,247.8235121
NTRS,8/5/24,Broker E,1545806.5,0.52,1.090333939,16920,Buy,24900,24900,0.179159444,88.36,87.57,87.42,88.77,88.20563351
PTC,8/5/24,Broker D,1066607.125,0.44,1.078693867,16800,Buy,29700,26300,0.168219887,144.08,142.19,142.29,144.36,144.0089766
CLX,8/5/24,Broker C,1512404.375,0.23,0.525460303,17079,Sell,2600,2500,0.120572298,139.09,139.57,139.53,139.13,139.1097848
GPN,8/5/24,Broker C,3507925.75,0.84,0.966453552,16589,Sell,157400,157400,0.195987823,66.79,68.55,68.59,67.68,66.79238347
WSM,8/5/24,Broker D,3767200.25,0.79,1.285576701,17028,Buy,174400,174400,0.14340329,140.26,137.07,136.86,142.42,140.1864103
NTAP,8/5/24,Broker C,2661723.75,0.59,1.255655408,16615,Buy,2600,2500,0.15532112,81.8,81.5,81.38,81.92,81.77363954
STLD,8/5/24,Broker D,2060822.125,0.57,1.085546494,17021,Buy,38300,32100,0.135310521,119.28,117.77,117.74,120.5,119.2453471
PKG,8/5/24,Broker E,1002152,0.39,0.758322477,16373,Buy,22400,22400,0.051381449,187.35,185.64,185.58,187.33,187.2269531
ULTA,8/5/24,Broker E,1273502.75,0.66,0.72329247,16568,Sell,40500,40500,0.158703589,350.58,357.06,356.79,355.32,350.706139
FDS,8/5/24,Broker D,352102.2813,0.36,0.788227975,15673,Buy,7500,7100,0.104452494,428.03,423.72,423.79,429.16,427.9902161
DPZ,8/5/24,Broker D,719962.3125,0.39,0.976678789,16060,Sell,30500,30500,0.137018869,460.13,466.77,466.65,466.12,460.1431573
DECK,8/5/24,Broker E,3603507.5,0.77,0.957816899,15716,Buy,71700,71700,0.129493525,105.58,103.86,103.87,106.85,105.5215287
STX,8/5/24,Broker A,4192351,0.75,1.502993703,15652,Sell,81900,81900,0.086854307,73.03,74.45,74.44,73.18,73.11510151
SNA,8/5/24,Broker D,519470.875,0.45,0.87209785,15288,Buy,18900,16100,0.185114102,309.44,305.16,305.19,310.23,309.3711285
DLTR,8/5/24,Broker A,6869030,0.79,0.797286034,17131,Sell,44200,37800,0.132623106,78.58,79.68,79.62,78.96,78.73863827
GPC,8/5/24,Broker A,1654921.25,0.42,0.686277211,15519,Buy,4800,4000,0.059381687,114.18,113.3,113.43,114.53,114.096299
SMCI,8/5/24,Broker E,53867424,1.05,2.397611856,17514,Buy,982900,982900,0.032961295,31.44,30.75,30.8,31.56,31.31829395
COO,8/5/24,Broker E,2442022.25,0.45,0.941235423,15739,Buy,12400,12400,0.155063102,79.77,79.19,79.32,79.98,79.67105964
EVRG,8/5/24,Broker D,2780009.25,0.23,0.49877277,15381,Sell,88700,79100,0.066091647,67.72,68.3,68.26,67.97,67.82200353
ROL,8/5/24,Broker C,2293436.25,0.33,0.708591282,26548,Buy,92900,92900,0.055210779,56.37,55.63,55.67,57,56.34735002
LNT,8/5/24,Broker E,2183584.75,0.26,0.496919721,15230,Sell,23200,23200,0.119156406,60.36,60.8,60.64,60.59,60.48730212
CFG,8/5/24,Broker E,6193755.5,0.62,1.265007377,15077,Sell,72200,72200,0.057436523,34.71,35.13,35.1,35,34.80200937
PFG,8/5/24,Broker E,1607446.125,0.57,0.982086778,15807,Buy,67300,67300,0.19147456,72.58,71.32,71.36,73.38,72.50702728
L,8/5/24,Broker B,910343.9375,0.39,0.612332523,17530,Buy,27900,27900,0.183287353,86.31,85.1,85.17,86.47,86.27660831
EG,8/5/24,Broker A,415288.5313,0.35,0.552587211,16384,Buy,18700,18700,0.043952026,353.96,348.85,348.86,355.81,353.8521724
EXPD,8/5/24,Broker B,1753609.625,0.44,0.754186869,14436,Sell,13100,13100,0.098492327,104.57,105.67,105.53,104.8,104.5940165
FFIV,8/5/24,Broker C,576744.125,0.48,0.925122261,14459,Sell,23100,20400,0.166006689,251.66,255.78,255.72,255.03,251.668556
JBL,8/5/24,Broker A,1724661.25,0.67,1.366136074,13928,Buy,65700,65700,0.156168947,136.39,133.43,133.47,139.02,136.2781971
BAX,8/5/24,Broker B,5027440,0.56,0.750824749,14639,Buy,207800,207800,0.149829747,29.33,28.75,28.77,29.66,29.26927978
LYB,8/5/24,Broker A,4547265,0.69,0.844999075,18176,Sell,184800,184800,0.048578391,55.37,56.85,56.66,56.18,55.46718553
LUV,8/5/24,Broker A,16223484,0.81,0.978310943,13797,Sell,669200,669200,0.078437281,23.66,24.42,24.29,23.84,23.75338737
WST,8/5/24,Broker C,972558.875,0.44,0.812731206,14884,Buy,37600,37100,0.14607503,208.14,205,205.01,208.52,208.151875
ON,8/5/24,Broker B,10593790,0.95,1.216935754,14662,Buy,358600,343300,0.044285042,34.49,33.7,33.61,34.56,34.44651883
OMC,8/5/24,Broker E,4378209.5,0.49,0.86769712,14065,Buy,214300,214300,0.144955614,74.08,72.72,72.91,74.93,73.95182854
J,8/5/24,Broker B,987790.3125,0.37,0.765809715,14176,Buy,18900,18900,0.151879475,118.38,117,117.09,118.58,118.3568408
TRMB,8/5/24,Broker B,1833999.625,0.59,1.16162169,13818,Sell,77700,77700,0.079761746,56.18,57.53,57.34,56.53,56.2209872
KEY,8/5/24,Broker E,18568466,0.59,1.350797296,15110,Buy,557600,557600,0.091037103,14.29,14.05,14.07,14.16,14.13090084
BALL,8/5/24,Broker C,2751362.5,0.35,0.72291398,13357,Sell,11300,10900,0.104209505,46.79,46.99,47.06,46.9,46.80642941
KIM,8/5/24,Broker E,6303217,0.41,0.923541188,13651,Sell,56000,56000,0.123201575,20.07,20.31,20.21,20.16,20.15103284
AVY,8/5/24,Broker C,860455.75,0.33,0.759776711,13348,Sell,5200,4600,0.16362759,168.53,169.68,169.58,168.6,168.5485477
FSLR,8/5/24,Broker D,3386447.75,0.58,0.734085619,13132,Buy,51200,51200,0.196837062,128.24,126.46,126.58,129.01,128.136362
AMCR,8/5/24,Broker D,34436428,0.35,0.618396103,13456,Buy,453700,453700,0.191650277,9.47,9.35,9.39,9.46,9.431858206
BLDR,8/5/24,Broker C,1751718.125,0.58,1.242862463,12976,Buy,60000,60000,0.079143548,116.87,114.63,114.8,117.45,116.8616753
PNR,8/5/24,Broker E,1924131,0.49,1.106546164,13026,Sell,18300,16300,0.118767257,78.78,79.46,79.4,79.16,78.81310521
GEN,8/5/24,Broker A,4726144.5,0.47,1.009418488,14520,Buy,76700,76700,0.141208061,24.69,24.29,24.38,24.71,24.56393759
TPR,8/5/24,Broker E,7014728.5,0.63,1.042785764,13079,Buy,314900,314900,0.135629525,64.32,63.09,63.11,65.08,64.20517952
DOC,8/5/24,Broker C,5513162,0.29,0.821606755,12889,Sell,215600,189900,0.109479827,18.34,18.52,18.54,18.41,18.34034562
MAS,8/5/24,Broker C,2461541.5,0.48,1.01499474,12710,Sell,96000,91100,0.136883574,59.61,60.67,60.59,59.7,59.63771049
CF,8/5/24,Broker B,2908823.75,0.38,0.506944835,12507,Sell,144200,144200,0.073042573,73.11,74.48,74.26,73.33,73.15481933
HOLX,8/5/24,Broker C,3410084.75,0.3,0.439089477,12853,Buy,168800,168800,0.126679356,58.29,57.46,57.57,58.59,58.27994245
EL,8/5/24,Broker C,4540624.5,0.78,1.135743618,19565,Sell,38500,38500,0.192712429,53.17,54.01,53.92,53.73,53.20787987
WDC,8/5/24,Broker B,9308912,0.9,1.804587364,12508,Buy,222400,222400,0.18609766,37.02,36.09,36.2,37.76,37.00059621
JKHY,8/5/24,Broker D,710372.875,0.38,0.583922863,12299,Buy,21200,21200,0.15889541,174.02,171.83,171.95,174.56,174.0285798
IEX,8/5/24,Broker B,721935.25,0.4,0.921658635,12137,Sell,8700,8700,0.185384669,160.54,162.13,162.16,161.77,160.6396118
UDR,8/5/24,Broker B,2407958,0.43,0.85049963,13490,Sell,500,500,0.021700396,40.72,40.84,40.84,40.83,40.79082899
SJM,8/5/24,Broker C,1412505.25,0.28,0.436529636,12334,Buy,46400,45300,0.073416586,117.75,116.48,116.56,118.13,117.7428726
CAG,8/5/24,Broker E,6965156.5,0.29,0.338077486,12120,Sell,393400,332700,0.143251757,24.99,25.2,25.24,25.1,25.06031975
TXT,8/5/24,Broker B,1671518.375,0.52,1.009713173,11729,Buy,19700,19700,0.115898367,66.25,65.46,65.47,66.42,66.23509842
BBY,8/5/24,Broker A,4805700,0.84,0.958788991,13128,Buy,132500,132500,0.13674364,62.79,61.29,61.37,63.03,62.68370528
ALGN,8/5/24,Broker A,1371862,0.57,1.381431937,12608,Buy,30800,27600,0.112826672,171.71,168.96,169.04,173.33,171.6208937
ARE,8/5/24,Broker E,1681613.75,0.47,1.095249534,13100,Sell,21300,21300,0.154643281,75.78,76.47,76.46,76.12,75.88965574
CPT,8/5/24,Broker A,1145793,0.35,0.813532531,12056,Sell,14800,14800,0.128047131,110.12,111.1,111.21,110.67,110.219391
APTV,8/5/24,Broker E,4253347.5,0.62,0.834469736,11699,Sell,123800,123800,0.070757257,50.54,51.49,51.36,51.11,50.63013174
REG,8/5/24,Broker C,1255055.125,0.33,0.702210128,13247,Sell,9500,9500,0.110916559,70.38,70.92,70.88,70.77,70.41397896
ZBRA,8/5/24,Broker C,718495.125,0.81,1.371357441,11356,Sell,6200,6200,0.177473026,218.56,221.56,221.74,219.24,218.5398703
POOL,8/5/24,Broker D,454624.6875,0.43,0.911036551,11186,Buy,17000,17000,0.128193975,307.88,303.45,303.51,308.13,307.8293739
TER,8/5/24,Broker C,4338915.5,0.96,1.628202081,11277,Sell,73700,73700,0.061084557,67.93,69.41,69.36,68.52,67.93633507
JNPR,8/5/24,Broker B,3132681.5,0.19,0.634801924,11379,Buy,141500,126400,0.156801328,34.57,34.18,34.27,34.66,34.50669391
LVS,8/5/24,Broker C,6501377.5,0.57,0.823726475,23008,Sell,82600,69700,0.092866657,32.25,32.67,32.64,32.62,32.27235037
RVTY,8/5/24,Broker D,1219324.5,0.55,0.797572315,10786,Sell,1400,1400,0.0288339,90.53,90.88,90.97,90.66,90.58128145
AKAM,8/5/24,Broker D,2377838.5,0.52,0.784386694,10509,Sell,72400,72400,0.100196382,71.6,72.77,72.73,71.79,71.66472204
ALLE,8/5/24,Broker E,1194745.875,0.34,0.85759753,10607,Buy,14300,14300,0.026373258,125.53,124.65,124.73,125.72,125.4063642
LKQ,8/5/24,Broker B,2848942.25,0.37,0.666749001,10655,Sell,58400,58400,0.197873435,41.25,41.81,41.72,41.66,41.30135172
CHRW,8/5/24,Broker B,1592970,0.4,0.668679476,10554,Buy,12300,12300,0.135561756,90.76,90.09,89.98,91.31,90.67566251
PNW,8/5/24,Broker E,1304774.75,0.23,0.468580067,11116,Buy,2200,2200,0.060898564,94.34,94.19,94.23,94.33,94.31688203
BG,8/5/24,Broker E,1928443.25,0.39,0.430640489,10557,Buy,70300,70300,0.098270331,80.03,78.96,79.1,80.19,79.98176043
FOXA,8/5/24,Broker A,4894352,0.5,0.622418344,20638,Sell,122300,122300,0.09188306,46.94,47.78,47.68,47.15,47.0631639
JBHT,8/5/24,Broker D,1416926.375,0.6,0.961994886,12713,Sell,36400,36400,0.197958229,125.03,127.3,127.1,126.46,125.0959937
UHS,8/5/24,Broker E,936496.0625,0.52,0.833979607,10240,Buy,5500,5500,0.086036696,176.35,175.07,175.13,177.24,176.225307
ERIE,8/5/24,Broker B,135175.3594,0.4,0.544575632,20663,Sell,3200,2800,0.131461808,403.03,408,407.92,404.87,403.0942978
PAYC,8/5/24,Broker B,727074.8125,0.56,0.874895334,11929,Buy,34200,34200,0.133724752,218.55,214.2,214.23,218.68,218.4856637
GL,8/5/24,Broker D,742776.5625,0.45,0.797355115,9754,Buy,5600,5600,0.19881895,121.5,120.44,120.5,122.36,121.4639792
TAP,8/5/24,Broker B,2594431.25,0.27,0.463173449,11908,Buy,60000,60000,0.063654491,59.26,58.7,58.71,59.63,59.22581758
KMX,8/5/24,Broker C,3893916.5,0.76,0.924367547,9517,Buy,131700,131700,0.196398238,65.15,63.76,63.74,66.38,65.14033194
TKO,8/5/24,Broker A,2176504.5,0.48,0.791934609,28227,Buy,46700,46700,0.031110647,151.67,149.39,149.53,152.95,151.5856315
NDSN,8/5/24,Broker E,408402.3438,0.53,1.068100691,10080,Buy,5300,5300,0.06844381,180.47,178.62,178.68,180.94,180.3375554
NWSA,8/5/24,Broker C,4041857,0.41,0.929095805,15160,Buy,127700,127700,0.076848406,25.95,25.64,25.6,25.92,25.88642039
AIZ,8/5/24,Broker D,495442.1563,0.43,0.737580895,9353,Buy,900,900,0.13800201,189.4,188.46,188.52,189.64,189.3579524
HST,8/5/24,Broker E,11824158,0.56,1.002946138,9439,Sell,173000,173000,0.123409466,13.42,13.5,13.57,13.52,13.50951462
INCY,8/5/24,Broker B,2254369,0.47,0.670278668,10992,Buy,26000,26000,0.153752318,58.09,57.48,57.45,58.63,58.04596322
BXP,8/5/24,Broker A,1637994.625,0.49,1.16145134,9899,Buy,10800,10800,0.130815544,63.67,62.87,63.04,63.63,63.57307414
SOLV,8/5/24,Broker A,1395912.125,0.51,1.5,11062,Buy,32600,32600,0.111887731,66.77,65.68,65.76,67.23,66.65066884
VTRS,8/5/24,Broker E,15793166,0.48,0.810708165,9036,Buy,883700,737200,0.048882486,7.66,7.5,7.54,7.65,7.596055302
SWKS,8/5/24,Broker D,4347467,0.93,1.274859548,8720,Sell,40500,40500,0.141533325,53.73,54.67,54.59,54.34,53.79897491
IPG,8/5/24,Broker D,8651978,0.5,0.892075121,8757,Buy,308000,308000,0.063658439,23.93,23.5,23.56,23.91,23.88009053
HRL,8/5/24,Broker A,3378499.75,0.26,0.42143631,16717,Sell,53600,45900,0.168629685,30.15,30.45,30.4,30.31,30.25418262
EMN,8/5/24,Broker C,1493853.5,0.57,1.016051292,8883,Buy,24300,24300,0.042535065,77.37,76.16,76.32,77.67,77.33039428
SWK,8/5/24,Broker A,2905021.75,0.8,1.096431136,8711,Buy,98500,98500,0.072632099,57.45,56.13,56.11,58.26,57.37211486
MOS,8/5/24,Broker D,5865110.5,0.52,0.943756461,8629,Buy,4900,4900,0.088172101,27.26,27.16,27.15,27.2,27.18483484
DAY,8/5/24,Broker C,2080966.125,0.61,1.275922179,8282,Buy,36000,36000,0.11628875,53.81,53.03,53.03,53.89,53.75240709
HII,8/5/24,Broker C,780269.9375,0.46,1.021251202,8548,Buy,32100,32100,0.179561207,222.05,218.32,218.51,224.19,222.0532082
MKTX,8/5/24,Broker E,684962.75,0.29,0.569458306,8374,Buy,17900,17900,0.130558436,226.71,224.9,224.96,227.12,226.6678617
MRNA,8/5/24,Broker A,9824392,0.7,1.143159986,9716,Buy,429200,429200,0.067098783,24.66,24.03,24.09,24.97,24.5452381
EPAM,8/5/24,Broker D,775269.125,0.59,1.141998291,8339,Buy,11200,11200,0.115469095,148,146,146.09,149.55,147.9810232
RL,8/5/24,Broker B,1348353,0.81,1.060222864,12602,Buy,54600,54600,0.155871274,209.79,204.72,204.65,211.5,209.7388794
HSIC,8/5/24,Broker B,1568497.375,0.35,0.590051532,7728,Buy,58900,58900,0.041957133,65.06,64.22,64.21,65.01,65.00375699
WBA,8/5/24,Broker D,19665150,0.15,0.587754667,9400,Buy,358300,310200,0.050209866,11.18,10.86,11.13,11.08,11.1015207
LW,8/5/24,Broker C,2839034,0.55,0.564399183,7269,Sell,2900,2800,0.151891604,52.56,52.81,52.83,52.63,52.56864687
TECH,8/5/24,Broker A,2193590.5,0.64,0.978624701,7511,Buy,93200,93200,0.088768643,48.31,47.23,47.27,48.56,48.20709821
AOS,8/5/24,Broker B,1550288.375,0.3,0.872556567,8857,Buy,71800,70100,0.176763532,63.31,62.62,62.52,63.64,63.21465633
CPB,8/5/24,Broker A,3745423,0.32,0.404911965,11203,Buy,132400,132400,0.081949248,38.03,37.5,37.55,38.2,37.91754627
MTCH,8/5/24,Broker C,5115680.5,0.44,0.591599047,7173,Buy,113900,113900,0.104052124,29.29,28.86,28.92,29.36,29.27930053
AES,8/5/24,Broker A,14259086,0.58,0.945910573,6977,Sell,43700,43700,0.024135876,9.77,10.06,9.86,9.86,9.858828692
FRT,8/5/24,Broker B,981473.5,0.43,0.80000782,7917,Sell,8000,8000,0.151649143,91.78,92.69,92.64,92.34,91.86112898
NCLH,8/5/24,Broker B,16253093,0.88,1.468388319,7114,Buy,528700,528700,0.134735379,16.73,16.3,16.33,16.87,16.69609629
ENPH,8/5/24,Broker E,3664565.5,0.72,1.072749496,6772,Buy,168000,168000,0.137739605,53.02,51.94,51.9,53.12,52.89590967
HAS,8/5/24,Broker D,2073502.25,0.59,0.878377974,7210,Buy,89000,89000,0.127791782,53.03,51.91,52.03,53.59,52.97874254
WYNN,8/5/24,Broker E,2804277.75,0.64,0.920791984,7958,Buy,107900,107900,0.176212763,76.21,74.77,74.84,76.66,76.13336166
GNRC,8/5/24,Broker A,931832.75,0.64,1.488258839,6354,Buy,16300,16300,0.113006623,111.27,109.46,109.48,112.27,111.1899619
PARA,8/5/24,Broker C,9434556,0.34,0.801711023,7689,Buy,394900,394900,0.125320001,11.2,10.85,11.06,11.33,11.20493568
MGM,8/5/24,Broker E,6752680,0.67,1.398429513,8183,Sell,144600,144600,0.088863425,28.05,28.66,28.48,28.17,28.12094101
ALB,8/5/24,Broker E,3355922.75,0.93,1.281180859,6238,Buy,185200,164600,0.177166934,54.05,52.5,52.62,54.44,53.90256454
DVA,8/5/24,Broker D,909545.5,0.38,0.739418805,10680,Sell,16300,14700,0.047506687,138.88,140.18,140.23,140.01,138.916014
APA,8/5/24,Broker A,9381971,1.05,0.943391263,5606,Sell,448900,448900,0.146712627,15.13,15.63,15.64,15.34,15.23616597
FOX,8/5/24,Broker E,1367305.625,0.52,0.653857589,20638,Buy,56400,56400,0.0796599,44.87,44.17,44.17,45.16,44.7578023
IVZ,8/5/24,Broker D,6818165,0.68,1.153514981,5575,Buy,291800,291800,0.060567601,12.8,12.58,12.53,12.73,12.71292326
BEN,8/5/24,Broker D,5018205,0.5,0.993404508,9116,Buy,131600,131600,0.089782959,17.79,17.41,17.54,17.8,17.72510615
CRL,8/5/24,Broker B,1923912.25,1.15,0.819497168,5043,Sell,68400,68300,0.158014994,100.67,103.9,103.9,102.38,100.7081148
CZR,8/5/24,Broker A,6304107,0.76,1.529064894,5300,Sell,94400,94400,0.176221518,24.67,25.16,25.11,24.84,24.76450738
MHK,8/5/24,Broker D,818728.5,0.53,1.147715569,6250,Sell,11500,11500,0.134171886,99.9,101.08,101.1,100.79,99.94629446
NWS,8/5/24,Broker D,946888.9375,0.42,0.94787389,15160,Buy,13500,13500,0.181761578,30.15,29.74,29.85,30.22,30.13070379
AAPL,8/5/24,Broker C,72106864,0.68,1.041596293,2901664,Buy,720000,673400,0.139837432,195.58,193.27,193.08,197.31,195.5772833
MSFT,8/5/24,Broker D,26193634,0.4,0.991805494,2669692,Sell,702100,591400,0.085958387,358.56,362.82,362.67,358.86,358.6327496
NVDA,8/5/24,Broker A,323825056,0.81,1.904370189,2364604,Sell,12644500,12644500,0.164195905,96.16,98.77,98.66,97.53,96.25166309
AMZN,8/5/24,Broker C,56974192,0.58,1.184175968,1775661,Buy,636800,557400,0.153729959,171.71,169.6,169.73,172.71,171.6335659
META,8/5/24,Broker E,20542520,0.67,1.181922793,1223500,Sell,756000,756000,0.184784204,482.05,491.33,491.22,485.96,482.1293363
GOOGL,8/5/24,Broker B,38393644,0.46,0.987897754,1813077,Buy,1166000,1166000,0.198051469,151.04,148.88,148.8,152.46,150.9863347
AVGO,8/5/24,Broker A,37874508,0.79,1.959495664,781511,Buy,225400,214500,0.02240504,169.19,166.99,167,170.69,169.0256358
GOOG,8/5/24,Broker A,24951546,0.46,0.98287636,1813077,Sell,347900,347900,0.022433286,149.06,150.97,150.88,149.28,149.1003726
TSLA,8/5/24,Broker B,140806080,1.03,1.58415544,731758,Sell,4304700,4304700,0.1586393,224.18,230.26,230.45,228.29,224.2762977
LLY,8/5/24,Broker A,3938780.25,0.57,0.776895583,775474,Buy,74500,67800,0.029557359,854.3,841.51,841.66,860.78,854.1832421
JPM,8/5/24,Broker E,14446872,0.49,1.117400289,637278,Buy,664700,664700,0.136135374,234.44,230.63,230.82,236.49,234.3689484
V,8/5/24,Broker B,7732261.5,0.41,0.824475527,643335,Sell,16000,16000,0.16522206,327,329,328.89,327.75,327.0325473
XOM,8/5/24,Broker D,19817686,0.42,0.607271492,455670,Buy,933400,803400,0.170261021,107.2,105.61,105.66,108.45,107.1101421
COST,8/5/24,Broker B,2917253,0.35,0.817268252,424947,Sell,10000,10000,0.069672469,987.02,993,993.02,988.41,987.0801297
MA,8/5/24,Broker B,3392971.25,0.4,0.856543481,463128,Sell,163600,163600,0.199572796,508.71,517,516.95,513.89,508.7896121
UNH,8/5/24,Broker D,6109557,0.85,0.466492683,387145,Buy,43100,43100,0.042775498,455.83,449.76,449.83,461,455.8184362
NFLX,8/5/24,Broker C,5633900.5,0.49,1.128229022,420426,Buy,10700,10700,0.127560758,990.16,984.4,984.45,995.31,990.0818424
WMT,8/5/24,Broker D,27689224,0.42,0.781679511,740837,Buy,462300,422200,0.167566034,94,93.02,93.05,94.58,93.957894
PG,8/5/24,Broker E,9135826,0.29,0.483530194,388659,Sell,146100,146100,0.147787742,168.74,169.89,169.8,169.26,168.8133664
JNJ,8/5/24,Broker C,10849724,0.33,0.518104196,378153,Sell,416000,416000,0.053430188,156.13,157.96,158.08,157.13,156.1463429
HD,8/5/24,Broker A,4276120,0.36,0.904466271,344794,Sell,203500,203500,0.08053519,348.89,354.29,354.27,352.22,349.014774
ABBV,8/5/24,Broker A,8754635,0.36,0.487410396,301009,Buy,136400,136400,0.160119502,175.37,173.47,173.53,176.69,175.2850407
KO,8/5/24,Broker B,20127234,0.24,0.439482689,313171,Buy,811000,811000,0.177802883,74.13,73.38,73.37,74.35,74.07385904
PM,8/5/24,Broker B,7038256,0.31,0.448695272,252431,Sell,265100,265100,0.10626504,161.63,163.76,163.62,161.88,161.6390144
BAC,8/5/24,Broker A,58030748,0.54,1.156621456,280695,Sell,870700,870700,0.052708184,36.37,37.07,36.88,36.88,36.46214711
CRM,8/5/24,Broker B,7202936.5,0.47,1.214108348,227046,Sell,286000,286000,0.189037504,236.62,240.43,240.66,238.76,236.6889488
CVX,8/5/24,Broker B,11178586,0.49,0.715148687,233589,Sell,67900,67900,0.021666389,134.82,136.02,136.07,135.75,134.9010387
ABT,8/5/24,Broker B,8016111.5,0.3,0.586934447,225271,Buy,86300,77900,0.117217094,131.94,130.97,130.94,132.72,131.831324
MCD,8/5/24,Broker D,4345218,0.28,0.59120661,220757,Sell,174100,169700,0.179811448,307.59,311,310.85,310.33,307.6333968
CSCO,8/5/24,Broker D,26598580,0.43,0.881947041,216300,Sell,813100,813100,0.186965138,54.21,55.16,54.95,54.72,54.24971802
IBM,8/5/24,Broker D,5153453.5,0.39,0.758216262,219038,Buy,57000,57000,0.10545654,240.22,238.07,238.18,241.48,240.1683714
LIN,8/5/24,Broker B,2600478.25,0.37,0.727685034,209902,Buy,20700,20600,0.130091436,454.22,450.54,450.51,455.77,454.2051964
WFC,8/5/24,Broker C,20418954,0.5,0.994544625,209003,Buy,621000,621000,0.084102647,65.08,64.2,64.09,65.46,65.05433582
ORCL,8/5/24,Broker E,12495883,0.58,1.279027343,344416,Buy,109900,109900,0.080402219,128.27,126.89,127.1,128.58,128.2326358
MRK,8/5/24,Broker E,18299742,0.35,0.553353965,195901,Buy,132600,132600,0.022921173,78.46,78.08,78.06,78.59,78.33081232
PEP,8/5/24,Broker E,7963296,0.27,0.47175014,194356,Buy,363700,363700,0.060325982,143.77,142.5,142.45,144.29,143.6418733
GE,8/5/24,Broker A,6722253,0.57,1.188797116,190224,Buy,302400,302400,0.168697603,183.02,179.29,179.32,185.26,182.9563479
T,8/5/24,Broker E,45441512,0.33,0.480280787,189002,Buy,1325900,1325900,0.193323102,27.52,27.16,27.27,27.67,27.47972285
PLTR,8/5/24,Broker E,110576536,0.91,2.046456575,212958,Sell,2989800,2989800,0.094731966,90.63,92.84,92.6,90.73,90.6754803
VZ,8/5/24,Broker B,29510090,0.34,0.553383589,184170,Buy,1333200,1333200,0.096408809,44.82,44.2,44.21,45.26,44.7539715
ACN,8/5/24,Broker D,4422696,0.44,0.80521059,175001,Sell,18600,18600,0.011416714,280.31,282.34,282.16,280.83,280.4073158
ISRG,8/5/24,Broker D,2817014.75,0.61,1.206331491,167787,Buy,83600,76500,0.056966673,483.85,475.94,475.85,487.48,483.8318667
RTX,8/5/24,Broker C,5422184.5,0.41,0.707878292,168382,Buy,33900,33900,0.092159465,129.76,128.5,128.77,130.54,129.7350115
INTU,8/5/24,Broker B,1932800.125,0.43,1.002376318,159026,Sell,80100,80100,0.071666897,569.23,578.43,578.45,572.05,569.2218969
TMO,8/5/24,Broker C,2260051.5,0.45,0.859779418,159245,Buy,49000,49000,0.12395041,430.91,425.5,425.49,434.92,430.8646009
NOW,8/5/24,Broker E,2160465,0.62,1.252818584,156492,Buy,15800,15800,0.027494917,766.39,759.36,759.5,768.28,766.2401776
GS,8/5/24,Broker D,3531042.75,0.6,1.261187077,161610,Buy,66300,59100,0.02071306,512.5,505.4,505.46,514.37,512.4705642
UBER,8/5/24,Broker B,19155544,0.55,1.195605874,152495,Sell,211900,211900,0.028031583,73.39,74.44,74.3,73.46,73.40430983
PGR,8/5/24,Broker D,3972077.25,0.43,0.573527932,150903,Sell,151600,137200,0.086429464,260.39,264.18,264.08,262.23,260.4866397
DIS,8/5/24,Broker A,11873562,0.58,0.890657663,151854,Buy,212100,212100,0.102568079,86.16,84.91,84.85,86.55,86.06952558
ADBE,8/5/24,Broker D,4928740.5,0.59,1.125434399,146280,Sell,213300,213300,0.18514506,337.95,344.57,344.63,341.91,338.0104664
BKNG,8/5/24,Broker E,318188.8125,0.47,1.077503562,145622,Buy,4800,4800,0.077326968,4610.36,4566.64,4566.56,4635.04,4610.248247
QCOM,8/5/24,Broker D,9248309,0.67,1.497467756,150571,Buy,308700,308700,0.144356304,137.43,134.73,134.81,138.76,137.4354255
AMGN,8/5/24,Broker B,3351891,0.33,0.565429389,147144,Buy,39600,39600,0.123489883,279.75,277.29,277.35,281.53,279.7255317
SPGI,8/5/24,Broker E,1517246.25,0.42,1.000825882,140911,Buy,7500,7500,0.070457173,462.41,460,460.01,464.08,462.3541103
TJX,8/5/24,Broker E,6671403,0.3,0.678406835,138498,Sell,91700,91700,0.016428497,126.42,127.23,127.18,126.88,126.4746638
AMD,8/5/24,Broker E,41816476,0.95,1.692152262,139004,Sell,894800,894800,0.129243658,84.23,86.02,85.97,85.76,84.35919042
CAT,8/5/24,Broker D,3281743.25,0.5,1.076455116,136086,Sell,137000,137000,0.096141411,284.53,289.33,289.4,286.34,284.5779208
BSX,8/5/24,Broker B,9649542,0.42,0.887817025,138411,Buy,267900,267900,0.159222559,96.58,95.05,95.28,97.14,96.50761444
AXP,8/5/24,Broker B,4197011.5,0.62,1.152603507,169900,Buy,50400,50400,0.021336532,252.26,248.85,248.86,253.04,252.1777011
NEE,8/5/24,Broker C,13180131,0.37,0.569819272,133149,Buy,100100,100100,0.085020919,66.5,65.82,66,66.53,66.50797571
TXN,8/5/24,Broker E,8989339,0.71,1.09406817,132493,Sell,252100,252100,0.111461396,142.68,145.46,145.24,143.52,142.7428526
MS,8/5/24,Broker B,9562043,0.6,1.288030863,170984,Buy,318600,318600,0.131309012,110.08,108.14,108.04,112,110.0489603
UNP,8/5/24,Broker D,3233668.5,0.38,0.845109522,129483,Sell,90500,90500,0.061066563,215.41,218.16,217.97,217.9,215.5059014
GILD,8/5/24,Broker E,10361147,0.28,0.585657597,129908,Buy,246100,246100,0.179401985,104.91,104.1,104.16,105.14,104.7693318
SCHW,8/5/24,Broker C,12408055,0.45,1.128342867,139918,Sell,344500,344500,0.090814766,74.58,75.64,75.63,75.44,74.58527713
CMCSA,8/5/24,Broker D,28652040,0.38,0.723178506,127042,Buy,393300,393300,0.122115576,33.99,33.75,33.68,34.17,33.95498448
HON,8/5/24,Broker A,4912729.5,0.44,0.834966779,124940,Sell,42900,42900,0.186599266,192.93,194.98,194.9,193.87,193.008546
BLK,8/5/24,Broker E,1083176.875,0.51,1.162742853,132389,Buy,20700,20700,0.158026455,876.78,867,866.9,878.15,876.6752367
TMUS,8/5/24,Broker A,4545863,0.35,0.688813746,288121,Buy,18500,18500,0.193456783,262.39,260.39,260.59,262.29,262.2524858
VRTX,8/5/24,Broker B,1611804.375,0.24,0.849466443,122761,Buy,43700,43600,0.08479073,492.47,488,488.03,495.23,492.4538848
PFE,8/5/24,Broker B,61340208,0.31,0.494620919,124999,Sell,1639200,1639200,0.183376246,21.81,22.13,22.05,21.99,21.85746535
LOW,8/5/24,Broker A,2954811.25,0.36,0.888534725,119089,Buy,65800,65800,0.076886191,220.4,217.67,217.81,221.15,220.2612016
BA,8/5/24,Broker C,10290827,0.72,1.262373209,119889,Buy,19500,18300,0.006688748,161.36,160,160.15,162.27,161.3810478
DHR,8/5/24,Broker D,4341055.5,0.51,0.908220112,132330,Buy,188400,188400,0.194917535,188.64,185.28,185.42,190.82,188.5852734
ADP,8/5/24,Broker C,2150195,0.35,0.787215412,115897,Buy,44000,44000,0.16250936,293.8,290.77,290.79,295.92,293.8037075
SYK,8/5/24,Broker C,1907405.125,0.37,0.750790775,129618,Buy,43400,43400,0.027220206,348.65,344.71,344.8,349.5,348.6343382
C,8/5/24,Broker C,20884940,0.6,1.245760441,117993,Buy,84300,84300,0.109775935,63.29,62.75,62.74,63.42,63.29034921
FI,8/5/24,Broker B,3409129.25,0.43,0.87523675,116342,Sell,157300,157300,0.139968733,205.16,208.64,208.61,207.44,205.2108006
DE,8/5/24,Broker A,1539067.125,0.43,0.961758375,119846,Buy,6100,5400,0.074649399,453.89,450.42,450.5,455.52,453.8096717
COP,8/5/24,Broker B,10939566,0.67,0.772891283,110678,Buy,347600,347600,0.043054283,89.1,87.26,87.34,89.96,89.05907171
AMAT,8/5/24,Broker E,8732342,0.7,1.516796589,110130,Buy,168400,151600,0.019877738,137.15,135.13,135.2,138.51,137.0653815
PANW,8/5/24,Broker D,5760672,0.58,1.216528773,105969,Buy,205800,205800,0.14756988,167.92,165.09,164.98,168.48,167.8747828
MMC,8/5/24,Broker C,2447921.75,0.33,0.590217888,104508,Buy,65900,65900,0.104206762,221.01,218.61,218.63,223.12,220.975445
CB,8/5/24,Broker E,2063046.375,0.31,0.533117235,112104,Buy,28900,28900,0.086895585,286.87,285,285.08,288.11,286.7309132
ETN,8/5/24,Broker C,3941023.75,0.6,1.268835664,101652,Buy,60100,60100,0.09673703,267.88,264.12,264.19,269.06,267.8729594
MDT,8/5/24,Broker B,8498045,0.29,0.682784915,104912,Sell,287900,287900,0.086834483,81.47,82.6,82.39,81.8,81.52491269
AMT,8/5/24,Broker D,3553526.5,0.31,0.532872975,102045,Buy,60900,60900,0.077991848,223.19,221.33,221.34,224.14,223.1776312
SO,8/5/24,Broker E,5008373,0.23,0.426127642,99270,Sell,126400,126400,0.169730453,91.16,91.62,91.72,91.44,91.27648441
BMY,8/5/24,Broker A,13893362,0.33,0.433606565,99581,Sell,14700,14700,0.102662379,49.01,49.35,49.23,49.23,49.11378466
MO,8/5/24,Broker B,12420729,0.23,0.458243698,97184,Sell,306000,306000,0.040286534,57.64,58.3,58.14,57.93,57.68006781
ELV,8/5/24,Broker C,1897402.5,0.34,0.451055408,92069,Sell,62100,62100,0.107659019,416.63,421.66,421.66,417.82,416.6749384
LMT,8/5/24,Broker D,1811621.75,0.34,0.528686762,107512,Buy,58600,58600,0.136894934,464.7,459.26,459.47,467.94,464.701035
BX,8/5/24,Broker D,6410232,0.74,1.327261329,147576,Buy,19500,19500,0.123909686,128.06,127,126.94,128.83,127.9831329
PLD,8/5/24,Broker C,6284098,0.54,1.035050511,93652,Buy,155900,155900,0.186328832,102.2,100.51,100.66,103.18,102.2014957
CME,8/5/24,Broker A,3201366.75,0.23,0.449448019,93818,Sell,12000,10300,0.17985379,261.98,263.28,263.29,262.49,262.0982365
DUK,8/5/24,Broker C,4900300,0.24,0.36730212,93375,Buy,9300,9300,0.054925371,122.03,121.58,121.62,122.1,121.9908785
SBUX,8/5/24,Broker B,11626514,0.59,1.146592379,91644,Buy,138500,133200,0.177125637,81.75,80.36,80.7,82.09,81.73074524
CRWD,8/5/24,Broker C,4596504.5,0.73,1.664388299,89901,Sell,142900,142900,0.074268651,356.3,363.8,363.85,357.51,356.2940538
ICE,8/5/24,Broker C,4024815.75,0.28,0.815884113,89064,Buy,17600,17200,0.110132065,158.13,157.42,157.33,158.32,158.0982449
CI,8/5/24,Broker B,1856092.125,0.26,0.510866761,88048,Buy,69100,69100,0.13287241,334.34,330.8,330.8,335.68,334.3067983
WELL,8/5/24,Broker A,3609059,0.31,0.67238766,93593,Buy,82000,82000,0.05634363,148.64,146.76,147.05,149.34,148.5660315
GEV,8/5/24,Broker A,4296794.5,0.8,1.5,85579,Buy,145200,145200,0.080064031,327.67,320,320.02,329.71,327.6050557
ADI,8/5/24,Broker A,4588623,0.77,1.321415544,86791,Sell,88500,88500,0.154066652,169.32,172.65,172.65,170.75,169.423918
MCK,8/5/24,Broker C,1129723.5,0.27,0.501902699,85534,Sell,37400,37400,0.193920018,695.96,703.03,703.05,698.89,695.9963465
MDLZ,8/5/24,Broker D,10405951,0.27,0.409132928,87785,Buy,207500,207500,0.060918637,67.89,67.3,67.36,68.25,67.83821772
CVS,8/5/24,Broker E,10635882,0.33,0.764965117,82270,Sell,222400,222400,0.027999039,66.68,67.3,67.22,67.08,66.78822775
WM,8/5/24,Broker C,1838091.625,0.25,0.538219333,91559,Buy,18500,15700,0.176868045,232.09,230.78,230.72,233.06,232.0792289
KLAC,8/5/24,Broker E,1346563.125,0.74,1.578629613,82496,Buy,49400,49400,0.103929811,635.99,623.43,623.38,638.19,635.9257075
AJG,8/5/24,Broker D,1667881.125,0.34,0.612837076,81682,Buy,68800,68800,0.104545737,332.49,328.42,328.41,333.13,332.436249
INTC,8/5/24,Broker E,111931832,0.93,1.574641943,82154,Buy,2073200,2073200,0.048859309,19.45,18.93,19.09,19.57,19.37631774
LRCX,8/5/24,Broker C,13776550,0.81,1.61843729,80088,Buy,39500,39500,0.129678213,63.13,62.36,62.52,63.38,63.12209874
ORLY,8/5/24,Broker E,458705.9688,0.3,0.512424648,78334,Buy,2300,2200,0.182375917,1397.17,1392,1392.21,1398.64,1397.016005
AON,8/5/24,Broker E,1403522.25,0.28,0.581544459,76886,Sell,69800,69800,0.092901597,362.08,365.75,365.71,365.38,362.1715907
APH,8/5/24,Broker B,9046439,0.54,1.336825252,77057,Sell,279200,252400,0.048637129,62.93,63.94,63.98,63.89,62.97006823
CL,8/5/24,Broker E,5917938,0.3,0.457846314,76810,Buy,217900,217900,0.175300433,96.72,95.8,95.83,96.86,96.62955095
SHW,8/5/24,Broker D,2088853.375,0.36,0.941084564,81062,Sell,25700,25700,0.100162923,328.91,331.87,331.68,331.3,328.984084
EQIX,8/5/24,Broker E,787754.5625,0.39,0.928478122,75633,Buy,1300,1300,0.011350587,785.93,783.79,783.86,786.46,785.8008194
MU,8/5/24,Broker D,28983996,1.04,1.875524879,74587,Buy,672800,672800,0.124164845,69.44,67.76,67.82,69.59,69.44266189
TDG,8/5/24,Broker C,314887.9063,0.42,0.995311379,73277,Buy,1500,1500,0.029001444,1340.91,1331.41,1331.44,1348.2,1340.859362
TT,8/5/24,Broker C,1656028.125,0.45,1.197039723,72305,Buy,15200,15200,0.071402526,333.24,330.1,330.13,333.79,333.1573588
ANET,8/5/24,Broker B,11877461,0.7,1.682001829,84968,Buy,576300,576300,0.096612803,70.46,68.68,68.81,70.83,70.43702218
NOC,8/5/24,Broker B,1115825.375,0.32,0.599564493,76585,Sell,49600,49600,0.124490539,532.76,540,539.88,538.39,532.7689239
PH,8/5/24,Broker C,1032480.313,0.68,1.207091451,70472,Buy,42300,42300,0.102073512,564.12,552.06,552.15,567.78,564.1083433
WMB,8/5/24,Broker A,8275608.5,0.39,0.808866858,68896,Buy,260100,260100,0.174844583,58.91,57.95,58.09,59.34,58.8170529
CDNS,8/5/24,Broker A,2427913.5,0.57,1.3736552,69006,Sell,100500,100500,0.084883458,251.81,257.02,256.96,252.43,251.8629334
MMM,8/5/24,Broker D,4530638,0.51,1.006646872,68003,Sell,207500,207500,0.167425404,126.71,129,128.99,126.96,126.7644202
CTAS,8/5/24,Broker A,2318209.75,0.41,0.948155165,80923,Sell,42700,42700,0.125798399,202.15,204.49,204.65,203.11,202.2425036
UPS,8/5/24,Broker B,6512738.5,0.48,0.871397614,81575,Sell,257500,257500,0.04371802,93.94,95.57,95.56,95.36,93.97190768
MSI,8/5/24,Broker A,948396.125,0.34,0.9049986,68847,Buy,45400,45400,0.169676195,423.67,417.56,417.56,427.68,423.5921171
GD,8/5/24,Broker D,1655810.125,0.36,0.714203775,73317,Buy,47600,47600,0.146472576,278.27,275.01,275.13,279.57,278.2647508
KKR,8/5/24,Broker B,7550706.5,0.9,1.628254652,87004,Buy,266800,266800,0.063974334,103.78,101,101.16,105.01,103.7583747
ZTS,8/5/24,Broker A,2779203.75,0.37,0.767200053,65522,Sell,102500,102500,0.095991015,146.63,148.67,148.75,147.46,146.7097978
NKE,8/5/24,Broker A,25678442,0.71,0.788271487,82833,Sell,1195500,1195500,0.13620524,53.68,55.23,55.02,54.8,53.76080157
MCO,8/5/24,Broker A,1041817.375,0.52,1.158737779,74348,Buy,18000,18000,0.050885662,424.83,419,418.92,427.26,424.7064186
CMG,8/5/24,Broker A,14388523,0.46,0.869820356,63064,Buy,681700,624900,0.134146413,48.71,47.84,47.87,49.3,48.60746921
CEG,8/5/24,Broker E,4398039.5,0.83,1.476271391,60695,Buy,34600,34600,0.195142904,205.99,203.49,203.52,208.15,205.8722253
SNPS,8/5/24,Broker B,1463162.375,0.54,1.399227858,62213,Buy,72700,64300,0.125121679,414.16,406.26,406.36,416.77,414.1381678
NEM,8/5/24,Broker B,13934138,0.49,1.032853365,62236,Sell,57600,57600,0.039515965,56.28,57,56.74,56.56,56.33707181
EOG,8/5/24,Broker B,4546741,0.56,0.80652982,60179,Buy,76100,76100,0.163453117,110.23,108.58,108.69,110.38,110.2143683
COF,8/5/24,Broker A,5593778,0.71,1.180324078,63005,Sell,209300,209300,0.043843555,164.99,169.08,168.82,166.23,165.1657325
ITW,8/5/24,Broker C,1335379.125,0.41,0.863521516,66773,Sell,58300,58300,0.064520308,225.22,228.79,228.69,226.32,225.2447338
DASH,8/5/24,Broker A,8294022.5,0.68,1.455383658,72765,Buy,357600,357600,0.148502381,182.6,178.23,178.48,183.13,182.5172364
FTNT,8/5/24,Broker C,5420590,0.6,1.176363707,71299,Buy,73900,73900,0.187577224,96.34,94.87,95.06,97.49,96.28264346
AZO,8/5/24,Broker E,164381.0938,0.3,0.586766005,59709,Buy,900,900,0.145630916,3605.79,3591.9,3592.07,3613.52,3605.639651
PYPL,8/5/24,Broker E,11983751,0.56,1.264015198,59636,Sell,306300,306300,0.116925941,59.37,60.24,60.21,59.82,59.46331776
PNC,8/5/24,Broker B,3215447.75,0.46,1.039765954,59414,Sell,54600,46300,0.041859778,148.51,150.5,150.27,149.75,148.5383114
ECL,8/5/24,Broker D,1645770.375,0.3,0.852666318,65664,Buy,85200,82100,0.049452109,240.86,238.09,237.99,241.38,240.7882054
HCA,8/5/24,Broker A,1648882.375,0.33,0.669401526,78197,Sell,50200,50200,0.060387626,330.74,334.93,334.88,333.25,330.8520216
ROP,8/5/24,Broker D,670314.9375,0.35,0.779269636,57910,Sell,16200,16200,0.183005607,544.4,550.42,550.16,545.61,544.5150803
USB,8/5/24,Broker B,15376011,0.5,1.192224503,58908,Sell,732100,732100,0.09000651,37.19,37.91,37.9,37.79,37.24270943
REGN,8/5/24,Broker D,1086888.625,0.39,0.743007243,61073,Sell,48200,48200,0.124771134,548.08,556.04,555.97,548.96,548.0827518
APD,8/5/24,Broker A,1285565.375,0.42,0.879582047,57305,Sell,16700,16700,0.036940611,258.32,261.39,261.22,261.06,258.3658467
TRV,8/5/24,Broker A,1616036.75,0.36,0.650661469,56549,Buy,54600,54600,0.086833848,259.73,256.12,256.25,262.36,259.6303841
AEP,8/5/24,Broker C,5192580,0.26,0.428053766,56352,Buy,84600,84600,0.134212169,108.8,107.77,107.97,108.91,108.7974997
BDX,8/5/24,Broker C,2398220.25,0.32,0.611429393,56454,Buy,89300,89300,0.149883551,201.02,198.71,198.65,201.16,201.0554062
APO,8/5/24,Broker C,5210564.5,0.84,1.517835021,68247,Sell,90300,90300,0.154286628,122.2,124.63,124.54,122.79,122.281373
EMR,8/5/24,Broker E,3611822,0.55,1.123367548,54371,Buy,4700,4700,0.126005665,98.36,97.89,98.01,98.34,98.25471974
ADSK,8/5/24,Broker E,1828719.625,0.43,1.176352382,54160,Buy,35000,35000,0.187341565,258.61,255.92,256.1,259.53,258.509799
BK,8/5/24,Broker D,4807429.5,0.46,1.002221107,53159,Buy,207700,207700,0.059709394,76.58,75.39,75.38,77.32,76.4724786
OKE,8/5/24,Broker C,4399638.5,0.61,0.982543945,51107,Sell,211600,211600,0.146078414,83.11,84.99,84.91,84.56,83.16431076
CSX,8/5/24,Broker E,17247650,0.38,0.81662339,51585,Buy,119800,119800,0.014814095,27.75,27.39,27.6,27.69,27.67970335
AFL,8/5/24,Broker D,2209897.75,0.37,0.651851058,57294,Sell,102000,93100,0.126014649,105.47,106.86,106.9,106.16,105.5158968
KMI,8/5/24,Broker E,14069475,0.41,0.77816236,57307,Buy,452500,452500,0.05983394,27.39,26.86,27.08,27.4,27.24178442
CPRT,8/5/24,Broker E,5663842.5,0.31,1.003289819,56739,Buy,94500,94500,0.149900169,60.01,59.45,59.6,60,59.85220053
ALL,8/5/24,Broker B,2196536,0.42,0.638867438,49568,Buy,72300,72300,0.043778564,194.82,192.06,192.04,196.35,194.7960054
O,8/5/24,Broker C,6787345.5,0.28,0.546792388,51687,Sell,151400,151400,0.038955471,57.47,58.15,57.99,57.74,57.49616593
JCI,8/5/24,Broker A,4893669.5,0.52,1.112372398,49147,Buy,70500,70500,0.021538299,76.81,75.7,75.8,77.36,76.71648107
HLT,8/5/24,Broker C,3031887.5,0.45,0.915118396,49023,Buy,117700,117700,0.071042376,212.16,209,208.9,214.5,212.1717202
MAR,8/5/24,Broker E,2279838,0.52,1.014037013,59395,Buy,81600,81600,0.052325372,221.51,218.3,218.26,224.21,221.429336
HWM,8/5/24,Broker C,3149206.5,0.62,1.214276791,48321,Buy,138600,138600,0.061443017,125.11,122.49,122.57,125.51,125.1410212
NSC,8/5/24,Broker B,1405256,0.42,0.922046959,49532,Sell,35400,35400,0.071206935,214.62,217.72,217.5,215.04,214.6486023
COR,8/5/24,Broker E,2001972.375,0.23,0.437819302,54464,Buy,1900,1900,0.043813465,289.5,289.33,289.33,289.39,289.3744494
RSG,8/5/24,Broker D,1455583.875,0.28,0.62843889,74483,Buy,28800,28800,0.055316212,244.6,242.53,242.62,245.22,244.5594135
SLB,8/5/24,Broker B,21908206,0.69,0.939860463,47078,Buy,1065400,989900,0.095523128,35.41,34.72,34.61,35.8,35.35349218
ABNB,8/5/24,Broker A,6031917,0.64,1.223857641,71612,Buy,191300,191300,0.10616674,113.59,111.32,111.37,114.3,113.4656713
CARR,8/5/24,Broker D,5284097.5,0.48,1.201488495,50267,Sell,233200,233200,0.047224353,58.28,59.28,59.27,59.16,58.336389
AIG,8/5/24,Broker B,6132646.5,0.39,0.718751848,46340,Buy,55800,55800,0.153678943,81.84,81.09,81.11,82.26,81.77817873
DLR,8/5/24,Broker E,2638210.25,0.42,0.910633385,50244,Buy,135600,122200,0.172301884,151.2,148.95,149.14,151.44,151.1386011
RCL,8/5/24,Broker A,3211878.75,0.77,1.301109672,51454,Buy,116700,116700,0.046149148,194.07,189.52,189.56,194.89,193.9520945
EXC,8/5/24,Broker D,9899152,0.27,0.404019773,46671,Buy,280400,280400,0.112764647,48.04,47.48,47.61,48.34,47.98106796
KR,8/5/24,Broker A,8351748.5,0.33,0.378295392,47789,Buy,49600,49600,0.129875499,72.18,71.63,71.65,72.11,72.06031348
KMB,8/5/24,Broker A,2202193.5,0.27,0.478593826,46454,Sell,49200,49200,0.172963669,141.91,143.45,143.31,142.96,142.0537112
WDAY,8/5/24,Broker C,2488970.25,0.44,1.046601534,56951,Buy,8100,8100,0.183088788,220.3,218.91,218.88,220.79,220.226584
FCX,8/5/24,Broker C,21833502,0.87,1.440998435,47352,Sell,768100,768100,0.036591033,32.28,33.12,33.1,32.71,32.29319633
TFC,8/5/24,Broker C,12838491,0.54,1.143862844,46093,Buy,108100,108100,0.185304638,35.91,35.5,35.54,36.27,35.96360257
FAST,8/5/24,Broker B,4317566.5,0.41,0.823430419,46056,Sell,95600,95600,0.067538813,79.9,81.06,80.91,80.3,79.92807646
PSA,8/5/24,Broker B,899280.375,0.35,0.74413836,50443,Buy,5400,4900,0.020508655,295.59,293.61,293.53,296.08,295.5067803
FICO,8/5/24,Broker B,192598.1719,0.51,1.182162404,44345,Buy,2400,2400,0.085713413,1914.49,1891.67,1891.74,1927.34,1914.400225
PAYX,8/5/24,Broker B,2656627.25,0.41,0.755127072,50567,Sell,43100,36500,0.18380718,142.58,144.06,144.11,143.09,142.6158551
PCAR,8/5/24,Broker C,3600774.75,0.46,0.874807894,45822,Sell,54700,54700,0.171506825,86.16,87.17,87.16,87.14,86.1738737
SPG,8/5/24,Broker A,2080938.375,0.52,1.014560699,48024,Buy,63000,63000,0.106756999,150.93,148.3,148.41,151.76,150.8009323
ROST,8/5/24,Broker B,3821738.5,0.38,0.791156411,44554,Sell,154700,154700,0.090248606,137.16,139.14,139.17,138.8,137.164464
FDX,8/5/24,Broker E,2370554,0.6,0.871101379,49147,Buy,700,700,0.066862294,206.69,206.3,206.38,206.71,206.5586074
SRE,8/5/24,Broker B,5377201,0.39,0.737867653,45934,Buy,245000,245000,0.162746119,71.62,70.53,70.54,72.24,71.59151476
CCI,8/5/24,Broker E,4355920.5,0.42,0.537642241,44471,Sell,67600,67600,0.088052843,102.08,103.16,102.98,102.26,102.1410547
KVUE,8/5/24,Broker A,17303216,0.31,0.598850489,42729,Buy,834500,834500,0.158607035,23.9,23.33,23.58,23.84,23.77591767
AMP,8/5/24,Broker C,587742.8125,0.54,1.200113416,43226,Sell,24100,22500,0.158419877,452.41,460.72,460.62,458.91,452.3959051
D,8/5/24,Broker B,5696607,0.35,0.531895697,44366,Sell,141600,141600,0.052031982,52.43,52.92,53.04,52.99,52.49652398
GWW,8/5/24,Broker B,300362.875,0.31,0.898724616,47149,Buy,2600,2600,0.034440891,1005.58,998.03,998.11,1011.09,1005.540577
GM,8/5/24,Broker A,17818398,0.47,1.023413062,42893,Sell,663600,663600,0.045006024,43.7,44.47,44.45,43.87,43.786321
NXPI,8/5/24,Broker B,3608436.75,0.87,1.313321352,43496,Buy,27600,27600,0.084132384,169.15,166.6,166.65,169.99,169.0937695
TGT,8/5/24,Broker C,9577029,0.59,0.745406866,42724,Buy,339300,339300,0.177649717,94.48,92.64,92.76,95.29,94.4757997
MSCI,8/5/24,Broker D,605950.1875,0.44,0.953426242,41399,Buy,900,900,0.136228635,541.6,539.27,539.22,543.35,541.5548274
KDP,8/5/24,Broker B,14291824,0.25,0.479637235,47907,Buy,33300,33300,0.014993022,35.68,35.49,35.53,35.7,35.67625612
EW,8/5/24,Broker C,4871998.5,0.29,0.932674706,40680,Sell,185500,185500,0.148451101,70.31,71.2,71.1,70.68,70.3083526
MET,8/5/24,Broker B,4264862,0.57,0.970704496,47958,Buy,6000,6000,0.151492891,72.21,71.79,71.75,72.5,72.15551617
PEG,8/5/24,Broker D,3184916.75,0.3,0.649215996,40010,Buy,14800,14800,0.016877446,83.36,83,82.95,83.56,83.32344922
VRSK,8/5/24,Broker E,1055410.375,0.32,0.653001904,39793,Sell,17400,17400,0.078081035,289.32,291.64,291.35,289.64,289.429651
LHX,8/5/24,Broker E,1484300.75,0.31,0.786988199,40194,Sell,24800,24800,0.130470883,215.6,217.15,217.08,215.84,215.7040864
CTVA,8/5/24,Broker A,3840735.75,0.42,0.811250389,40380,Buy,130500,115900,0.032414,60.46,59.38,59.59,60.86,60.32263216
PSX,8/5/24,Broker E,3662350.5,0.67,0.967380404,39525,Sell,117300,117300,0.1799054,95.69,97.45,97.41,96.29,95.78261146
MNST,8/5/24,Broker D,6403771.5,0.29,0.588039458,56453,Sell,231300,231300,0.061425313,57.77,58.36,58.38,58.06,57.7761367
AXON,8/5/24,Broker B,729520.5,0.59,1.405653238,42188,Buy,20400,20400,0.196907589,559.54,550,549.88,561.17,559.4782148
MPC,8/5/24,Broker C,3156129.25,0.66,0.903885305,39477,Sell,146600,146600,0.183686715,122.48,125.28,125.26,124.34,122.4969887
XEL,8/5/24,Broker C,3795987.5,0.26,0.411776662,39727,Buy,107500,107500,0.061242916,70.64,69.88,69.99,70.94,70.65931717
DFS,8/5/24,Broker B,2594477.75,0.77,1.18055141,41593,Sell,68100,68100,0.189122137,166.91,170.52,170.47,170.37,166.9791254
YUM,8/5/24,Broker B,2512590.25,0.33,0.630044401,39132,Buy,116600,116600,0.10279773,145.13,143.14,143.17,145.36,145.0909514
FIS,8/5/24,Broker C,4254328,0.48,0.729293287,40453,Sell,124100,124100,0.055709245,74.66,75.94,75.78,75.38,74.67745989
PWR,8/5/24,Broker E,1551233.25,0.53,1.243507385,37625,Sell,5500,5500,0.180080368,261.1,262.68,262.59,261.4,261.2271903
VST,8/5/24,Broker E,8435292,0.94,1.630477905,36234,Buy,331000,331000,0.041353732,115.49,112.52,112.65,117.06,115.434045
OTIS,8/5/24,Broker D,2712143.75,0.37,0.794259965,38396,Buy,58200,58200,0.043975674,98.88,97.95,97.86,99.1,98.82027676
ED,8/5/24,Broker D,3002038.25,0.26,0.309197754,39968,Buy,55300,51000,0.066596384,112.77,111.89,111.96,113.08,112.7591244
CMI,8/5/24,Broker D,1025966.188,0.55,1.032185197,37770,Sell,44200,44200,0.096263304,272.65,277.56,277.74,276.86,272.7125916
URI,8/5/24,Broker A,761241.625,0.55,1.479452729,37278,Sell,24700,24700,0.070972387,572.97,583.63,583.5,579.75,573.0892312
TEL,8/5/24,Broker D,2187387,0.51,1.162813902,38413,Buy,22300,22300,0.060543312,129.22,127.91,127.91,130.13,129.1360017
BKR,8/5/24,Broker E,8978361,0.68,0.912857592,37435,Buy,368900,368900,0.164093097,39.26,38.32,38.5,39.17,39.1639522
TRGP,8/5/24,Broker E,2373329,0.71,1.006133914,35801,Buy,115700,105100,0.134631392,175.29,171.74,171.68,177.52,175.1198576
PCG,8/5/24,Broker A,18206530,0.3,0.577123642,37009,Sell,48400,48400,0.06880719,16.85,17.13,16.94,16.95,16.97621058
F,8/5/24,Broker C,154269360,0.51,0.947989166,37658,Sell,4915400,4873500,0.03784759,9.36,9.58,9.51,9.48,9.40330079
AME,8/5/24,Broker B,1552392.625,0.38,0.908328295,35823,Sell,2900,2400,0.121208649,155.35,156,156.13,155.39,155.3727853
HES,8/5/24,Broker A,2205686.5,0.57,0.845936716,39072,Buy,47100,47100,0.057057603,130.75,128.74,128.68,131.15,130.633512
ETR,8/5/24,Broker E,5055218.5,0.32,0.588191152,35935,Buy,68900,64000,0.165577361,83.27,82.72,82.76,83.3,83.08250427
PRU,8/5/24,Broker A,2169791,0.52,0.964037359,34333,Buy,30400,30400,0.089698672,99.98,98.55,98.68,100.42,99.85934591
SYY,8/5/24,Broker B,3494709.5,0.33,0.499918789,34951,Sell,165400,165400,0.093797462,70.64,71.73,71.63,71.08,70.71558935
TTWO,8/5/24,Broker B,1877009.375,0.37,0.942398071,36210,Buy,24900,24900,0.15017725,212.73,210.84,210.67,214.62,212.7451714
VLO,8/5/24,Broker D,4028594.5,0.69,1.000251889,34226,Buy,166000,166000,0.172470567,110.47,108.17,108.15,111.99,110.4427616
CBRE,8/5/24,Broker E,2165243.75,0.44,1.102758408,34651,Sell,51800,51800,0.18370665,115.48,116.63,116.76,116.06,115.6154554
ACGL,8/5/24,Broker B,1782318.875,0.41,0.650769889,33736,Buy,87500,87500,0.112793647,93.89,92.29,92.38,94.21,93.80590595
EA,8/5/24,Broker B,3472875.25,0.31,0.707976997,36989,Sell,113300,113300,0.074140179,143.3,145.02,144.98,143.4,143.3772366
WEC,8/5/24,Broker B,2579657.75,0.21,0.450434834,34130,Buy,87300,87300,0.043194507,109.49,108.3,108.52,110.04,109.4198907
DHI,8/5/24,Broker A,3912135,0.41,0.862580538,38054,Buy,160200,160200,0.178440989,122.51,120.36,120.6,123.61,122.3682275
CTSH,8/5/24,Broker C,4620921.5,0.45,0.897250831,33549,Buy,30000,30000,0.126671551,69.95,69.32,69.37,70.27,69.89262543
VICI,8/5/24,Broker A,8872924,0.29,0.661714256,33973,Buy,357500,357500,0.134667524,32.97,32.43,32.57,33.12,32.86788146
HIG,8/5/24,Broker D,1744182.625,0.36,0.681961477,32598,Sell,84500,71600,0.111085015,115.34,117.02,116.86,116.47,115.3907123
IDXX,8/5/24,Broker D,920356.4375,0.47,1.024811983,32955,Sell,45500,45500,0.072618474,402.49,409.47,409.47,406.92,402.5468802
CSGP,8/5/24,Broker A,3336447.5,0.46,1.052419782,32817,Buy,107900,107900,0.166907864,79.8,78.61,78.55,79.98,79.69800609
CHTR,8/5/24,Broker C,1460611,0.5,0.81772697,51101,Buy,24700,23000,0.176944987,339.44,335.28,335.3,340.08,339.3986398
CAH,8/5/24,Broker A,2750151.25,0.3,0.615272462,31686,Sell,59400,59400,0.028830012,134.05,135.52,135.46,135.08,134.155834
WTW,8/5/24,Broker D,719839.0625,0.32,0.564704597,31380,Sell,2200,2200,0.155081718,319.08,320.52,320.52,319.79,319.1542646
GLW,8/5/24,Broker A,7247951.5,0.55,1.127289295,34871,Buy,228300,228300,0.192050453,41.52,40.72,40.79,41.51,41.40983189
VMC,8/5/24,Broker B,1552427.25,0.32,0.91711092,30934,Buy,5700,5700,0.025775721,241.7,240.19,240.31,242.01,241.6414569
HUM,8/5/24,Broker B,1663929.125,0.52,0.504744947,29680,Sell,46300,42400,0.123226084,258.42,262.51,262.49,260.59,258.4601226
EBAY,8/5/24,Broker D,5998861,0.38,0.746352613,30584,Buy,285600,285600,0.134112529,67.07,66.27,66.13,67.53,67.01556461
GIS,8/5/24,Broker B,7428856.5,0.32,0.222607225,31580,Buy,94200,94200,0.170880425,58.01,57.38,57.51,58.19,57.96428141
RMD,8/5/24,Broker E,1162067.625,0.38,1.053770781,30970,Buy,4900,4900,0.059313544,212.59,211.62,211.67,213.27,212.4915905
IT,8/5/24,Broker C,862088.0625,0.45,1.129665256,30243,Buy,9200,9200,0.10147883,403.69,399.82,399.72,404.96,403.7265195
EQT,8/5/24,Broker D,8427179,0.55,1.113951445,28486,Sell,32000,27500,0.040230694,49.72,50.25,50.08,49.83,49.79642988
MLM,8/5/24,Broker B,607821.625,0.33,0.953669608,29395,Sell,27100,27100,0.091755542,484.26,491.14,490.88,487.56,484.3427298
CNC,8/5/24,Broker B,4603081,0.31,0.406555951,28776,Sell,231800,212900,0.162253554,59.97,60.71,60.76,60.52,59.99949909
EXR,8/5/24,Broker B,1285439.375,0.39,0.8493523,29330,Buy,32200,32200,0.078183029,141.57,139.76,139.82,141.83,141.5831961
NDAQ,8/5/24,Broker B,3591433.75,0.46,0.828990459,40567,Buy,159900,159900,0.159001697,72.65,71.51,71.42,73.43,72.61803049
VTR,8/5/24,Broker B,3759618.25,0.28,0.697105527,29243,Buy,1800,1800,0.102815115,67.71,67.44,67.52,67.8,67.69069592
GRMN,8/5/24,Broker A,1260726.25,0.65,0.991939723,35947,Sell,21400,19900,0.181262177,183.9,187.12,186.89,186.43,184.0387949
A,8/5/24,Broker E,2477031.75,0.47,0.998218417,28584,Sell,12800,12800,0.070273039,101.28,101.85,101.89,101.52,101.3291758
WAB,8/5/24,Broker B,1099454.375,0.48,1.110182405,28560,Buy,14800,13800,0.107411101,170.85,168.74,168.9,172.44,170.8457264
IR,8/5/24,Broker E,3131694,0.52,1.183133483,28103,Sell,67800,67800,0.166693457,69.9,70.89,70.76,70.1,69.99164861
STZ,8/5/24,Broker A,2573782.25,0.32,0.651316345,33844,Sell,33700,33700,0.104450807,184.7,186.45,186.43,185.64,184.797899
AWK,8/5/24,Broker C,1828562.625,0.3,0.470711619,28692,Sell,43900,43900,0.041996941,146.63,148,148.07,146.98,146.6907556
AVB,8/5/24,Broker D,957343.8125,0.39,0.853089452,28729,Buy,7000,7000,0.052625043,203.06,201.42,201.58,203.27,202.9696413
ODFL,8/5/24,Broker B,1910647.125,0.58,1.112155557,31794,Buy,92500,87300,0.061010874,154.63,151.47,151.53,155.14,154.5893555
GEHC,8/5/24,Broker B,5121890.5,0.71,1.147836328,27690,Buy,196500,196500,0.194600998,63.14,61.73,61.76,63.24,63.10357943
LULU,8/5/24,Broker C,3117086,0.75,0.817370057,30631,Buy,56400,56400,0.081669388,253.84,249.34,249.47,256.06,253.8215478
BRO,8/5/24,Broker C,1961675.125,0.32,0.701902211,32509,Buy,95100,95100,0.164041521,118.45,116.84,116.92,119.67,118.4644901
DTE,8/5/24,Broker C,1640223.5,0.26,0.47982955,27347,Buy,35200,35200,0.1975798,133.86,132.83,132.74,134.25,133.8306088
BR,8/5/24,Broker D,621545.6875,0.36,0.782384157,26690,Buy,1300,1300,0.055992929,235.58,234.67,234.58,236.35,235.5476994
EFX,8/5/24,Broker A,1234932.125,0.52,1.309583545,26868,Buy,59600,59600,0.089442873,222.41,217.89,218.1,224.66,222.3570673
OXY,8/5/24,Broker C,15108736,0.7,0.679570973,36670,Sell,455100,455100,0.104720791,38.3,39.1,39.08,38.74,38.35141416
XYL,8/5/24,Broker E,1987830.125,0.41,1.123633265,26408,Sell,83600,83600,0.13696605,107.62,109.21,109.04,108.95,107.7369717
TSCO,8/5/24,Broker B,5318770.5,0.45,0.765961647,26363,Sell,5500,4900,0.066458146,49.83,50.19,50.07,50.01,49.8985575
DXCM,8/5/24,Broker D,4825727,0.55,1.070894837,25922,Buy,219100,186900,0.198845552,69.46,68.07,68.26,70.19,69.44140388
AEE,8/5/24,Broker C,2107070.25,0.25,0.507441759,26065,Buy,20100,20100,0.120789586,98.59,98.08,97.99,99.02,98.59717802
MTB,8/5/24,Broker E,1625571.25,0.47,0.980700493,25756,Sell,77400,77400,0.049361129,156.24,158.69,158.67,156.49,156.3763042
ANSS,8/5/24,Broker D,632879.5625,0.41,1.127478838,26115,Buy,27000,27000,0.089787246,305.38,300.88,301,309.59,305.3208407
DELL,8/5/24,Broker C,8990889,0.93,1.688794136,57495,Buy,212900,212900,0.041535519,85.28,83.38,83.39,87.04,85.25521617
PPL,8/5/24,Broker D,5713525,0.25,0.522806942,26096,Buy,309800,279900,0.141595569,36.18,35.57,35.81,36.15,36.11661508
ROK,8/5/24,Broker A,1085357.25,0.53,1.038438201,25660,Buy,44200,44200,0.157823193,233.22,228.88,228.88,233.55,233.1376213
DAL,8/5/24,Broker A,15970300,0.95,1.207352281,25772,Buy,111100,111100,0.16179498,40.89,40.16,40.25,40.97,40.78021914
NUE,8/5/24,Broker E,2965347.25,0.63,1.079811215,24614,Buy,73000,73000,0.109215518,111.05,109.33,109.39,111.2,110.9676844
CHD,8/5/24,Broker C,1830031.375,0.27,0.411989838,25384,Sell,42800,42800,0.086042735,103.98,105,104.92,104.2,104.0132151
FANG,8/5/24,Broker E,3052251.25,0.82,0.885042548,38922,Buy,28400,28400,0.075989652,135.86,134.18,134.14,136.68,135.7673417
KHC,8/5/24,Broker C,12042805,0.33,0.360269487,35730,Buy,173000,162200,0.121417035,29.82,29.56,29.57,29.81,29.8092668
DD,8/5/24,Broker D,3624361,0.71,0.984351695,25156,Buy,8200,8200,0.196086872,59.94,59.48,59.49,60.27,59.93299296
MPWR,8/5/24,Broker A,1145968.625,1.11,1.914679885,24331,Buy,20300,20300,0.177766933,525.34,512.72,512.85,529.08,525.2639565
ATO,8/5/24,Broker E,1068291.25,0.23,0.55874145,24847,Buy,36300,36300,0.066497562,157.87,156.78,156.77,157.95,157.7635603
IRM,8/5/24,Broker A,2148413.75,0.49,1.041708589,24072,Buy,12200,12200,0.09092992,84.29,83.59,83.5,84.82,84.17292153
SBAC,8/5/24,Broker A,1136725.875,0.32,0.55840081,24366,Buy,48400,45200,0.041949992,232.46,229.46,229.43,234.13,232.3875275
HSY,8/5/24,Broker A,1714671.625,0.32,0.440539747,33721,Buy,35100,35100,0.169865977,168.2,166.37,166.42,168.88,168.0722556
RJF,8/5/24,Broker B,1904403.75,0.49,1.124410748,26810,Buy,43300,43300,0.049959335,134.4,132.36,132.51,135.98,134.3855402
TPL,8/5/24,Broker E,145288.7344,0.87,1.070005655,28707,Buy,5300,5300,0.191415604,1303.66,1274.22,1274.29,1322.96,1303.507405
LEN,8/5/24,Broker C,3604617.5,0.41,0.952108204,27192,Buy,54200,54100,0.040532483,104.82,103.78,103.74,104.93,104.8392285
IP,8/5/24,Broker C,6315342,0.57,0.763397038,23786,Buy,200700,200700,0.093607501,46.59,45.83,45.79,47.38,46.59816345
TYL,8/5/24,Broker D,289309.8438,0.37,0.932694316,23947,Buy,4000,4000,0.162524563,570.39,565.31,565.35,571.11,570.2498101
GDDY,8/5/24,Broker A,1731630.75,0.4,1.121523619,23532,Buy,37200,37200,0.06890167,172.96,170.84,170.8,174.07,172.8977708
CNP,8/5/24,Broker A,6544230,0.2,0.511033058,23818,Buy,289500,273800,0.108245766,37.31,36.98,36.95,37.41,37.19858062
IQV,8/5/24,Broker D,2062076.375,0.54,0.965077341,24899,Buy,111900,102800,0.062534513,145.11,142.24,142.4,147.69,145.0702573
DRI,8/5/24,Broker B,1471352.875,0.41,0.675583124,23062,Buy,26700,26700,0.128134549,201.83,199.52,199.5,203.84,201.7684722
STT,8/5/24,Broker E,2406070.25,0.51,0.965664208,23269,Buy,70900,70900,0.05468374,81.34,80.1,80.25,81.76,81.28145541
KEYS,8/5/24,Broker E,1073229.625,0.59,1.460006237,22790,Buy,29000,25000,0.037429441,135.09,133.2,133.23,135.13,134.9929786
EQR,8/5/24,Broker C,2058523.25,0.41,0.833705187,25639,Buy,50000,49000,0.14817196,68.52,67.64,67.69,69.06,68.50485036
PPG,8/5/24,Broker D,2583960.25,0.52,0.913599849,22561,Sell,116100,116100,0.14212587,97.67,99.57,99.44,98.37,97.72288332
FITB,8/5/24,Broker C,6024540,0.51,1.154086709,22261,Buy,145700,145700,0.027326501,34.31,33.84,33.82,34.66,34.27607585
ADM,8/5/24,Broker C,5736518,0.43,0.613135517,23091,Buy,176900,151900,0.048635467,48.5,47.83,47.87,48.82,48.49027512
CBOE,8/5/24,Broker B,1028178.75,0.3,0.335441858,22449,Buy,2000,2000,0.135872587,219.1,217.97,218.11,219.18,219.0175704
EXE,8/5/24,Broker D,6257997,0.43,0.875163198,23791,Buy,215000,183400,0.076608559,107.7,106.4,106.3,107.91,107.5860528
HPQ,8/5/24,Broker C,10433243,0.69,1.06854558,22389,Buy,366500,366500,0.075926244,24,23.45,23.51,24.25,23.96658624
FTV,8/5/24,Broker C,2953923,0.5,1.015593648,21779,Buy,68900,68900,0.040674018,65.74,64.63,64.82,66.64,65.73862244
EIX,8/5/24,Broker E,3870291.5,0.38,0.615453899,21488,Buy,196400,186200,0.084034634,57.55,56.88,56.82,58.08,57.49465503
K,8/5/24,Broker B,2832324.25,0.04,0.390702844,28449,Buy,89900,89900,0.164135661,82.46,82.35,82.22,82.52,82.38735893
VLTO,8/5/24,Broker D,1591432.75,0.37,1.5,21630,Buy,76600,76600,0.054096302,89.96,88.46,88.72,90.04,89.99876822
DOV,8/5/24,Broker D,1323083.75,0.51,1.118279934,21659,Buy,41500,41500,0.059981075,162.58,159.94,160.11,164.78,162.4904153
STE,8/5/24,Broker E,602092.9375,0.32,0.631336212,21495,Buy,12200,10500,0.128304773,222.94,221.22,221.36,223.15,222.8261136
UAL,8/5/24,Broker B,12011164,1.08,1.18553853,21399,Buy,373100,373100,0.149575658,67.16,65.09,65.31,67.83,67.09790769
CMS,8/5/24,Broker D,2745851.25,0.23,0.402545393,21566,Buy,105700,105700,0.129701883,73.23,72.74,72.58,73.68,73.19915875
FE,8/5/24,Broker E,5861474.5,0.28,0.476894647,24124,Buy,191900,191900,0.050122941,42.19,41.85,41.84,42.08,42.0712348
NVR,8/5/24,Broker E,26889.36719,0.39,0.721931219,21180,Sell,0,0,0.159347183,7149.1,7135.1,7135.01,7148.57,7149.216433
CPAY,8/5/24,Broker C,511122.2813,0.7,1.102929354,20953,Buy,18400,18400,0.092343242,312.7,306.16,306.22,315.63,312.6839261
TDY,8/5/24,Broker A,304619.3125,0.41,0.851020634,21234,Sell,14300,14300,0.107842277,452.15,459.81,459.77,457.27,452.238489
ES,8/5/24,Broker A,2653985.75,0.35,0.498877913,20696,Buy,67400,67400,0.178005424,57.91,57.21,57.21,58.15,57.82992378
MTD,8/5/24,Broker A,196380.4375,0.55,1.060753942,20219,Buy,8200,8200,0.170283978,1016.45,996.88,996.89,1033,1016.377251
MCHP,8/5/24,Broker D,13373664,1.16,1.530130506,21206,Buy,175100,175100,0.161725048,38.24,37.6,37.45,38.74,38.15836218
CINF,8/5/24,Broker B,926051.375,0.41,0.634547472,19996,Sell,44800,44800,0.104970243,129.69,131.92,131.83,131.05,129.7007655
WRB,8/5/24,Broker D,2284885,0.37,0.595682919,25539,Sell,76600,76600,0.061825289,68.21,68.9,69.06,68.94,68.16922505
DG,8/5/24,Broker B,5504300.5,0.46,0.147626966,21029,Sell,30700,30700,0.160546056,92.64,93.55,93.44,92.79,92.68030833
SW,8/5/24,Broker C,4414833.5,0.57,1.5,21286,Buy,141000,141000,0.143751999,41.98,41.1,41.26,42.32,41.91197756
CDW,8/5/24,Broker B,1711498.375,0.53,1.044915199,19557,Buy,85000,85000,0.049627544,152.56,149.7,149.61,153.18,152.5231044
VRSN,8/5/24,Broker E,912534.6875,0.29,0.593307614,22717,Sell,9200,9200,0.126223469,244.52,245.86,245.75,245.21,244.6489794
LYV,8/5/24,Broker A,2976203.75,0.53,1.095992446,28820,Buy,144800,144800,0.098311296,129.81,127,127.25,129.97,129.6942886
DVN,8/5/24,Broker D,10589528,0.85,0.784066737,19133,Buy,265400,265400,0.042648903,30.34,29.61,29.71,30.45,30.33268568
HPE,8/5/24,Broker D,29635630,0.83,1.436243892,19467,Sell,309700,309700,0.07028366,14.61,14.95,14.83,14.72,14.70686111
HBAN,8/5/24,Broker B,25923222,0.59,1.129999638,19676,Sell,14400,14400,0.016201598,13.42,13.58,13.49,13.45,13.44290432
NRG,8/5/24,Broker E,3331282.75,0.74,1.218113065,18959,Buy,132500,132500,0.185956527,98.2,96.1,96.19,100.03,98.15416166
DOW,8/5/24,Broker B,9681285,0.76,0.934338987,19846,Buy,100400,100400,0.140521204,28.49,28.17,28.07,28.71,28.41620082
HAL,8/5/24,Broker A,14295516,0.79,0.9959566,18895,Buy,225800,225800,0.184715217,22.47,22.05,22.06,22.4,22.38539509
TROW,8/5/24,Broker A,2628548.75,0.55,1.24284482,18568,Buy,127000,122800,0.063951874,87.1,85.27,85.36,88,86.99593428
ZBH,8/5/24,Broker D,2224673.75,0.3,0.66424644,19026,Buy,49700,49700,0.068230106,98.25,97.5,97.37,98.45,98.1770477
PHM,8/5/24,Broker D,2378124.5,0.43,0.928031027,18770,Buy,107800,107800,0.183626311,95.51,94.03,94.06,95.75,95.48226396
INVH,8/5/24,Broker C,3488844.75,0.31,0.804176807,20470,Buy,141000,141000,0.114234108,33.99,33.43,33.59,34.25,33.92488189
WAT,8/5/24,Broker A,577985.25,0.53,0.874369264,18814,Buy,22900,19400,0.194259626,323.37,317.6,317.72,325.45,323.1983188
CTRA,8/5/24,Broker A,7670125,0.45,0.794653773,18957,Sell,273600,273600,0.040717743,25,25.48,25.41,25.39,25.13158911
MKC,8/5/24,Broker C,2814116.5,0.32,0.453034908,20013,Buy,118200,118200,0.144328822,75.97,75,75.04,76.38,76.01472218
CCL,8/5/24,Broker C,30730354,0.84,1.585720658,22498,Buy,714100,714100,0.05716533,18.17,17.59,17.8,18.2,18.1666141
WY,8/5/24,Broker C,3923671.75,0.41,0.926903367,17921,Buy,59600,59600,0.11098836,25.79,25.43,25.52,26.03,25.83259438
EXPE,8/5/24,Broker C,2731665,0.76,1.383257627,18899,Sell,112700,112700,0.111102349,145.6,149.07,149.12,146.02,145.6349019
SYF,8/5/24,Broker D,5665065,0.79,1.195883751,18361,Sell,119500,109300,0.040392317,46.84,47.85,47.71,47.22,46.91605892
IFF,8/5/24,Broker A,2113117.5,0.43,0.765907586,18594,Buy,39600,39600,0.178138717,73.92,72.88,72.99,74.29,73.90107169
NI,8/5/24,Broker A,5584637.5,0.29,0.636198223,17935,Buy,229000,229000,0.16986861,39.77,39.12,39.28,39.8,39.67759908
MAA,8/5/24,Broker E,1073008.875,0.33,0.744632661,18099,Buy,30900,30900,0.191700343,157.49,155.91,156.06,157.83,157.3804612
LDOS,8/5/24,Broker B,1774806.75,0.33,0.886574626,17724,Sell,36000,36000,0.104534534,138.49,140,139.94,139.09,138.5398889
HUBB,8/5/24,Broker E,752433.75,0.47,1.161202312,17637,Buy,26700,26700,0.091485174,338.93,334.28,334.37,339.45,338.8638031
DGX,8/5/24,Broker C,1434326.75,0.25,0.461955011,17963,Sell,62500,62500,0.085434943,161.85,163.63,163.56,161.88,161.8594243
WBD,8/5/24,Broker D,44823424,1.01,1.16329062,19642,Buy,1953800,1953800,0.179630011,8.44,8.06,8.2,8.49,8.359113968
LH,8/5/24,Broker C,818770,0.33,0.56757921,17756,Buy,1600,1600,0.170926553,217.35,216.3,216.4,218.14,217.3804303
MOH,8/5/24,Broker A,752848.375,0.42,0.305419803,16524,Sell,8100,8100,0.082594193,317.08,320.54,320.43,318.85,317.1529757
LII,8/5/24,Broker C,457593.5,0.48,1.069374204,19202,Buy,20900,20900,0.072395178,558.45,548.84,548.93,563.04,558.4516539
ESS,8/5/24,Broker B,526468.6875,0.42,0.903372884,17425,Sell,22000,22000,0.18682347,267.96,272.3,272.24,270.38,268.0185433
RF,8/5/24,Broker D,11484495,0.53,1.14174211,17285,Sell,157500,157500,0.101229005,18.89,19.15,19.12,19,18.96858214
TSN,8/5/24,Broker A,2524327,0.29,0.444923162,21653,Sell,1900,1900,0.105176002,60.9,61.05,61.13,61.04,60.98423856
BIIB,8/5/24,Broker B,1859786.375,0.44,0.701340735,17051,Sell,8900,8900,0.030134188,116.98,117.97,117.91,117.24,117.0259789
PODD,8/5/24,Broker D,913339.9375,0.47,1.104999661,16754,Buy,28100,24800,0.150241921,247.13,243.67,243.78,248.12,247.0360441
NTRS,8/5/24,Broker B,1545806.5,0.52,1.090333939,16920,Sell,4000,4000,0.035664883,86.9,87.57,87.53,87.38,86.97734604
PTC,8/5/24,Broker C,1066607.125,0.44,1.078693867,16800,Buy,31000,31000,0.098919736,144.22,142.19,142.25,144.9,144.2594482
CLX,8/5/24,Broker B,1512404.375,0.23,0.525460303,17079,Sell,56000,55800,0.155453355,138.14,139.57,139.51,139.07,138.1997184
GPN,8/5/24,Broker C,3507925.75,0.84,0.966453552,16589,Buy,45600,45600,0.193140749,69.78,68.55,68.61,70.84,69.7668372
WSM,8/5/24,Broker E,3767200.25,0.79,1.285576701,17028,Buy,71400,71400,0.167693294,139.31,137.07,137.04,139.73,139.2144189
NTAP,8/5/24,Broker B,2661723.75,0.59,1.255655408,16615,Buy,4800,4800,0.046959893,82.2,81.5,81.63,82.42,82.14474326
STLD,8/5/24,Broker D,2060822.125,0.57,1.085546494,17021,Buy,39500,39500,0.182226643,119.38,117.77,117.72,119.97,119.3030421
PKG,8/5/24,Broker A,1002152,0.39,0.758322477,16373,Buy,31500,31500,0.174236003,188.44,185.64,185.83,189.62,188.3364878
ULTA,8/5/24,Broker E,1273502.75,0.66,0.72329247,16568,Sell,47400,47400,0.072343439,350.37,357.06,356.97,354.59,350.5273343
FDS,8/5/24,Broker B,352102.2813,0.36,0.788227975,15673,Sell,700,700,0.041522776,421.51,423.72,423.7,421.77,421.5084934
DPZ,8/5/24,Broker A,719962.3125,0.39,0.976678789,16060,Buy,31500,29000,0.096391109,473.91,466.77,466.81,479.4,473.816077
DECK,8/5/24,Broker C,3603507.5,0.77,0.957816899,15716,Buy,28300,28300,0.125849984,105.38,103.86,103.99,106.06,105.347158
STX,8/5/24,Broker E,4192351,0.75,1.502993703,15652,Buy,208700,208700,0.113361719,76.13,74.45,74.42,76.97,75.98279708
SNA,8/5/24,Broker C,519470.875,0.45,0.87209785,15288,Sell,24900,24900,0.050047795,300.08,305.16,305.21,303.68,300.063924
DLTR,8/5/24,Broker D,6869030,0.79,0.797286034,17131,Sell,115600,115600,0.080257389,78.24,79.68,79.62,79.37,78.34042129
GPC,8/5/24,Broker D,1654921.25,0.42,0.686277211,15519,Sell,22500,22500,0.197961935,112.14,113.3,113.25,112.99,112.1796994
SMCI,8/5/24,Broker A,53867424,1.05,2.397611856,17514,Buy,2665700,2380200,0.044863862,31.82,30.75,30.84,31.84,31.70462107
COO,8/5/24,Broker A,2442022.25,0.45,0.941235423,15739,Sell,51000,46300,0.064409578,78.06,79.19,79.1,78.43,78.19801111
EVRG,8/5/24,Broker A,2780009.25,0.23,0.49877277,15381,Buy,95000,94800,0.116148181,69.1,68.3,68.41,68.99,68.95989896
ROL,8/5/24,Broker D,2293436.25,0.33,0.708591282,26548,Sell,16100,16100,0.119059548,55.27,55.63,55.62,55.51,55.36175225
LNT,8/5/24,Broker D,2183584.75,0.26,0.496919721,15230,Buy,97900,97900,0.172966732,61.41,60.8,60.78,61.57,61.34216596
CFG,8/5/24,Broker A,6193755.5,0.62,1.265007377,15077,Buy,268000,268000,0.072548744,35.75,35.13,34.99,35.82,35.67380583
PFG,8/5/24,Broker B,1607446.125,0.57,0.982086778,15807,Buy,48400,48400,0.109611186,72.63,71.32,71.38,73.61,72.58675816
L,8/5/24,Broker D,910343.9375,0.39,0.612332523,17530,Sell,13700,11800,0.17377949,84.12,85.1,84.89,84.32,84.17095477
EG,8/5/24,Broker B,415288.5313,0.35,0.552587211,16384,Buy,16000,16000,0.197404861,353.67,348.85,348.99,357.42,353.6226209
EXPD,8/5/24,Broker A,1753609.625,0.44,0.754186869,14436,Sell,81400,81400,0.193273565,103.77,105.67,105.6,105.55,103.8325806
FFIV,8/5/24,Broker D,576744.125,0.48,0.925122261,14459,Sell,15100,15100,0.070251121,252.03,255.78,255.55,254.46,252.0575838
JBL,8/5/24,Broker A,1724661.25,0.67,1.366136074,13928,Buy,27600,27600,0.15811841,135.44,133.43,133.25,135.87,135.3735421
BAX,8/5/24,Broker A,5027440,0.56,0.750824749,14639,Sell,136300,136300,0.130224948,28.33,28.75,28.83,28.44,28.4249387
LYB,8/5/24,Broker C,4547265,0.69,0.844999075,18176,Buy,25200,25200,0.079549839,57.59,56.85,56.97,57.79,57.55771748
LUV,8/5/24,Broker D,16223484,0.81,0.978310943,13797,Buy,318500,318500,0.04967979,24.9,24.42,24.45,25.05,24.76975441
WST,8/5/24,Broker B,972558.875,0.44,0.812731206,14884,Buy,9700,9700,0.125955607,207.01,205,204.95,208.75,206.9449885
ON,8/5/24,Broker C,10593790,0.95,1.216935754,14662,Buy,320900,311500,0.112029535,34.61,33.7,33.77,34.76,34.60313661
OMC,8/5/24,Broker D,4378209.5,0.49,0.86769712,14065,Buy,132600,132600,0.036952161,73.81,72.72,72.74,74.56,73.80191683
J,8/5/24,Broker A,987790.3125,0.37,0.765809715,14176,Buy,43200,43200,0.058617122,118.89,117,117.13,118.96,118.8150912
TRMB,8/5/24,Broker D,1833999.625,0.59,1.16162169,13818,Buy,64000,64000,0.132106001,58.69,57.53,57.66,59.46,58.66540803
KEY,8/5/24,Broker C,18568466,0.59,1.350797296,15110,Buy,120600,120600,0.173564891,14.31,14.05,14.16,14.43,14.30027872
BALL,8/5/24,Broker C,2751362.5,0.35,0.72291398,13357,Buy,66100,66100,0.167292172,47.4,46.99,46.89,47.76,47.43596286
KIM,8/5/24,Broker A,6303217,0.41,0.923541188,13651,Buy,231500,209400,0.049184565,20.57,20.31,20.27,20.45,20.44320472
AVY,8/5/24,Broker E,860455.75,0.33,0.759776711,13348,Sell,31400,31400,0.123490501,167.81,169.68,169.52,167.97,167.9142863
FSLR,8/5/24,Broker E,3386447.75,0.58,0.734085619,13132,Buy,182700,166700,0.10935508,129,126.46,126.65,129.57,128.9038735
AMCR,8/5/24,Broker D,34436428,0.35,0.618396103,13456,Buy,460200,427400,0.120385677,9.31,9.35,9.23,9.21,9.208977004
BLDR,8/5/24,Broker D,1751718.125,0.58,1.242862463,12976,Buy,37100,37100,0.118490215,116.41,114.63,114.71,117.12,116.3797797
PNR,8/5/24,Broker D,1924131,0.49,1.106546164,13026,Buy,50300,50300,0.06481766,80.56,79.46,79.45,81.31,80.53862696
GEN,8/5/24,Broker B,4726144.5,0.47,1.009418488,14520,Sell,200700,200700,0.148190348,23.79,24.29,24.21,23.99,23.80242301
TPR,8/5/24,Broker C,7014728.5,0.63,1.042785764,13079,Buy,201800,201800,0.070649077,64.23,63.09,63.09,65.36,64.25078466
DOC,8/5/24,Broker C,5513162,0.29,0.821606755,12889,Sell,90000,90000,0.144870881,18.27,18.52,18.42,18.32,18.27071978
MAS,8/5/24,Broker A,2461541.5,0.48,1.01499474,12710,Sell,82600,82600,0.035603629,59.65,60.67,60.65,60.37,59.74110908
CF,8/5/24,Broker C,2908823.75,0.38,0.506944835,12507,Buy,156000,140900,0.179288926,75.5,74.48,74.39,75.98,75.53495668
HOLX,8/5/24,Broker A,3410084.75,0.3,0.439089477,12853,Sell,151900,151900,0.190085102,56.76,57.46,57.51,57.26,56.87562098
EL,8/5/24,Broker B,4540624.5,0.78,1.135743618,19565,Buy,10200,10200,0.107966734,54.52,54.01,54.02,54.86,54.44894013
WDC,8/5/24,Broker D,9308912,0.9,1.804587364,12508,Buy,270200,270200,0.19356275,36.92,36.09,36.08,37.09,36.86337689
JKHY,8/5/24,Broker D,710372.875,0.38,0.583922863,12299,Buy,27100,23800,0.146732606,174.06,171.83,171.9,175.6,173.9790463
IEX,8/5/24,Broker C,721935.25,0.4,0.921658635,12137,Buy,6200,6200,0.159535369,163.79,162.13,162.42,164.8,163.7856962
UDR,8/5/24,Broker C,2407958,0.43,0.85049963,13490,Buy,32800,32800,0.122959867,41.42,40.84,40.99,41.83,41.43637831
SJM,8/5/24,Broker A,1412505.25,0.28,0.436529636,12334,Sell,79400,68900,0.084424106,114.99,116.48,116.49,115.69,115.0738105
CAG,8/5/24,Broker A,6965156.5,0.29,0.338077486,12120,Sell,207400,207400,0.041061099,24.94,25.2,25.22,25.21,25.04964205
TXT,8/5/24,Broker B,1671518.375,0.52,1.009713173,11729,Buy,21500,21500,0.118549053,66.28,65.46,65.47,66.77,66.24315638
BBY,8/5/24,Broker B,4805700,0.84,0.958788991,13128,Buy,192400,192400,0.170088063,62.83,61.29,61.26,63.56,62.79374231
ALGN,8/5/24,Broker B,1371862,0.57,1.381431937,12608,Buy,60100,60100,0.12526162,172.4,168.96,169.03,173.74,172.3653664
ARE,8/5/24,Broker E,1681613.75,0.47,1.095249534,13100,Buy,26400,26400,0.174410441,77.33,76.47,76.58,77.66,77.23048973
CPT,8/5/24,Broker C,1145793,0.35,0.813532531,12056,Buy,41700,39200,0.136219003,112.69,111.1,111.31,113.45,112.742951
APTV,8/5/24,Broker C,4253347.5,0.62,0.834469736,11699,Buy,132600,131500,0.059629244,52.48,51.49,51.54,52.88,52.46800567
REG,8/5/24,Broker D,1255055.125,0.33,0.702210128,13247,Sell,45900,45900,0.104799814,70.23,70.92,71.06,70.74,70.3156163
ZBRA,8/5/24,Broker E,718495.125,0.81,1.371357441,11356,Sell,4300,4300,0.013280327,219.16,221.56,221.51,221.23,219.2370815
POOL,8/5/24,Broker E,454624.6875,0.43,0.911036551,11186,Buy,12700,12700,0.073157529,306.97,303.45,303.5,307.38,306.8277802
TER,8/5/24,Broker D,4338915.5,0.96,1.628202081,11277,Sell,1500,1400,0.148733223,69.1,69.41,69.42,69.32,69.11714987
JNPR,8/5/24,Broker E,3132681.5,0.19,0.634801924,11379,Buy,39600,39600,0.118001011,34.42,34.18,34.3,34.31,34.3044137
LVS,8/5/24,Broker E,6501377.5,0.57,0.823726475,23008,Buy,67100,67100,0.120988593,33.11,32.67,32.79,33.15,32.97604337
RVTY,8/5/24,Broker B,1219324.5,0.55,0.797572315,10786,Buy,6000,6000,0.067792311,91.92,90.88,91.07,91.9,91.85720071
AKAM,8/5/24,Broker D,2377838.5,0.52,0.784386694,10509,Buy,100300,100300,0.118021532,74.12,72.77,72.85,75,74.06017023
ALLE,8/5/24,Broker C,1194745.875,0.34,0.85759753,10607,Buy,20800,20800,0.18111042,125.84,124.65,124.65,126.12,125.8032955
LKQ,8/5/24,Broker E,2848942.25,0.37,0.666749001,10655,Buy,28900,28900,0.02586572,42.16,41.81,41.89,42.13,42.02554819
CHRW,8/5/24,Broker A,1592970,0.4,0.668679476,10554,Buy,38100,32200,0.086390793,91.11,90.09,90,92,91.03321617
PNW,8/5/24,Broker A,1304774.75,0.23,0.468580067,11116,Buy,59000,59000,0.195087786,95.4,94.19,94.36,96.18,95.29603806
BG,8/5/24,Broker A,1928443.25,0.39,0.430640489,10557,Sell,87500,87500,0.055767894,77.69,78.96,78.94,78.56,77.82571859
FOXA,8/5/24,Broker C,4894352,0.5,0.622418344,20638,Sell,27500,27500,0.140732114,47.3,47.78,47.71,47.67,47.29012952
JBHT,8/5/24,Broker A,1416926.375,0.6,0.961994886,12713,Sell,20300,20300,0.032812505,125.36,127.3,127.23,126.99,125.4390822
UHS,8/5/24,Broker A,936496.0625,0.52,0.833979607,10240,Buy,22200,20600,0.051863129,177.83,175.07,175.16,179.78,177.7480644
ERIE,8/5/24,Broker D,135175.3594,0.4,0.544575632,20663,Buy,1400,1400,0.069478468,411.62,408,408.15,411.88,411.575689
PAYC,8/5/24,Broker E,727074.8125,0.56,0.874895334,11929,Sell,32600,32600,0.09548915,210.49,214.2,214.21,213.01,210.6220657
GL,8/5/24,Broker E,742776.5625,0.45,0.797355115,9754,Buy,22100,22100,0.154497144,122,120.44,120.53,122.43,121.9117782
TAP,8/5/24,Broker B,2594431.25,0.27,0.463173449,11908,Buy,114300,114300,0.156115546,59.36,58.7,58.68,59.81,59.25997509
KMX,8/5/24,Broker B,3893916.5,0.76,0.924367547,9517,Sell,132900,132900,0.141748099,62.21,63.76,63.65,63.3,62.23769552
TKO,8/5/24,Broker C,2176504.5,0.48,0.791934609,28227,Buy,40300,36800,0.182523969,151.43,149.39,149.6,152.14,151.4209269
NDSN,8/5/24,Broker D,408402.3438,0.53,1.068100691,10080,Sell,4900,4900,0.065142356,176.44,178.62,178.44,177.61,176.5134041
NWSA,8/5/24,Broker A,4041857,0.41,0.929095805,15160,Buy,51700,51300,0.100401169,25.78,25.64,25.5,25.81,25.67279318
AIZ,8/5/24,Broker C,495442.1563,0.43,0.737580895,9353,Sell,15100,15100,0.142828936,185.75,188.46,188.36,187.59,185.7346848
HST,8/5/24,Broker A,11824158,0.56,1.002946138,9439,Buy,448400,448400,0.197580493,13.79,13.5,13.53,13.88,13.73112812
INCY,8/5/24,Broker D,2254369,0.47,0.670278668,10992,Buy,53300,53300,0.098429404,58.36,57.48,57.61,58.6,58.30630686
BXP,8/5/24,Broker E,1637994.625,0.49,1.16145134,9899,Buy,72300,72300,0.156141621,63.93,62.87,62.96,63.94,63.80108119
SOLV,8/5/24,Broker D,1395912.125,0.51,1.5,11062,Buy,57900,55100,0.125977483,66.78,65.68,65.68,67.06,66.76871365
VTRS,8/5/24,Broker D,15793166,0.48,0.810708165,9036,Buy,614300,614300,0.171989366,7.43,7.5,7.31,7.43,7.40315161
SWKS,8/5/24,Broker E,4347467,0.93,1.274859548,8720,Sell,149100,149100,0.073240395,53.21,54.67,54.51,54.15,53.32296231
IPG,8/5/24,Broker D,8651978,0.5,0.892075121,8757,Buy,97600,97600,0.18935546,23.77,23.5,23.52,23.7,23.65223102
HRL,8/5/24,Broker D,3378499.75,0.26,0.42143631,16717,Buy,128000,121300,0.159723823,30.72,30.45,30.43,30.78,30.70266308
EMN,8/5/24,Broker B,1493853.5,0.57,1.016051292,8883,Buy,4000,4000,0.163962802,76.79,76.16,76.19,77.27,76.75649111
SWK,8/5/24,Broker C,2905021.75,0.8,1.096431136,8711,Buy,136500,136500,0.092554354,57.47,56.13,56.03,57.58,57.38497253
MOS,8/5/24,Broker E,5865110.5,0.52,0.943756461,8629,Buy,213300,213300,0.130235954,27.46,27.16,27.05,27.57,27.37573705
DAY,8/5/24,Broker B,2080966.125,0.61,1.275922179,8282,Sell,68300,68300,0.083095244,51.97,53.03,52.98,52.81,52.01707435
HII,8/5/24,Broker D,780269.9375,0.46,1.021251202,8548,Buy,34700,34700,0.086199469,221.88,218.32,218.35,222.03,221.7939127
MKTX,8/5/24,Broker C,684962.75,0.29,0.569458306,8374,Buy,24700,24700,0.162089714,227.36,224.9,224.9,229.83,227.3670172
MRNA,8/5/24,Broker D,9824392,0.7,1.143159986,9716,Sell,195400,195400,0.143045426,23.62,24.03,24.02,23.83,23.62251004
EPAM,8/5/24,Broker D,775269.125,0.59,1.141998291,8339,Sell,13900,13900,0.189445293,143.86,146,145.92,144.74,143.882388
RL,8/5/24,Broker B,1348353,0.81,1.060222864,12602,Buy,44700,44700,0.152040701,209.63,204.72,204.83,212.81,209.5581351
HSIC,8/5/24,Broker D,1568497.375,0.35,0.590051532,7728,Buy,54900,54900,0.190384918,64.97,64.22,64.2,65.53,64.90894243
WBA,8/5/24,Broker E,19665150,0.15,0.587754667,9400,Buy,181100,181100,0.149735882,10.99,10.86,10.97,10.83,10.84497443
LW,8/5/24,Broker D,2839034,0.55,0.564399183,7269,Buy,58100,58100,0.140564808,53.57,52.81,52.83,54.22,53.53366413
TECH,8/5/24,Broker E,2193590.5,0.64,0.978624701,7511,Buy,56200,56200,0.166959113,47.92,47.23,47.18,48.19,47.80548068
AOS,8/5/24,Broker D,1550288.375,0.3,0.872556567,8857,Sell,40100,39000,0.046031992,62.06,62.62,62.65,62.45,62.12262604
CPB,8/5/24,Broker B,3745423,0.32,0.404911965,11203,Sell,131000,131000,0.080590936,37.02,37.5,37.48,37.15,37.03730278
MTCH,8/5/24,Broker B,5115680.5,0.44,0.591599047,7173,Sell,211200,211200,0.154759929,28.12,28.86,28.58,28.53,28.10787016
AES,8/5/24,Broker D,14259086,0.58,0.945910573,6977,Buy,534100,534100,0.03680749,10.24,10.06,10.06,10.2,10.17895655
FRT,8/5/24,Broker D,981473.5,0.43,0.80000782,7917,Sell,46300,46300,0.118553032,91.17,92.69,92.62,91.26,91.22726303
NCLH,8/5/24,Broker B,16253093,0.88,1.468388319,7114,Sell,208000,208000,0.014531445,15.99,16.3,16.28,16.14,15.97853262
ENPH,8/5/24,Broker D,3664565.5,0.72,1.072749496,6772,Sell,21500,21500,0.177575717,51.31,51.94,51.88,51.57,51.34717375
HAS,8/5/24,Broker C,2073502.25,0.59,0.878377974,7210,Sell,55900,55900,0.166419874,50.94,51.91,51.81,51.72,50.89763438
WYNN,8/5/24,Broker D,2804277.75,0.64,0.920791984,7958,Buy,135400,135400,0.145818515,76.53,74.77,74.92,76.99,76.48182058
GNRC,8/5/24,Broker C,931832.75,0.64,1.488258839,6354,Buy,27900,27900,0.100427768,111.63,109.46,109.6,111.64,111.5939905
PARA,8/5/24,Broker C,9434556,0.34,0.801711023,7689,Sell,422400,422400,0.094458436,10.75,10.85,10.9,10.89,10.81099303
MGM,8/5/24,Broker E,6752680,0.67,1.398429513,8183,Buy,157000,157000,0.160078415,29.14,28.66,28.69,29.02,29.01402465
ALB,8/5/24,Broker A,3355922.75,0.93,1.281180859,6238,Buy,102000,102000,0.194022474,53.86,52.5,52.51,54.08,53.72706224
DVA,8/5/24,Broker E,909545.5,0.38,0.739418805,10680,Buy,2900,2900,0.110602344,140.77,140.18,140.24,140.89,140.6245073
APA,8/5/24,Broker B,9381971,1.05,0.943391263,5606,Sell,187400,187400,0.137606475,15.22,15.63,15.59,15.53,15.22523139
FOX,8/5/24,Broker D,1367305.625,0.52,0.653857589,20638,Buy,21900,21900,0.151773976,44.82,44.17,44.28,45.12,44.77103889
IVZ,8/5/24,Broker E,6818165,0.68,1.153514981,5575,Sell,261400,261400,0.183445724,12.36,12.58,12.6,12.59,12.53068264
BEN,8/5/24,Broker A,5018205,0.5,0.993404508,9116,Sell,52300,52300,0.063684016,16.95,17.41,17.15,17.09,17.0660847
CRL,8/5/24,Broker A,1923912.25,1.15,0.819497168,5043,Sell,7200,7200,0.099121955,102.42,103.9,103.97,103.55,102.5869645
CZR,8/5/24,Broker C,6304107,0.76,1.529064894,5300,Sell,91600,91600,0.033497729,24.73,25.16,25.14,25.12,24.76403242
MHK,8/5/24,Broker C,818728.5,0.53,1.147715569,6250,Sell,32900,28300,0.086273241,99.4,101.08,101.11,100.93,99.41778684
NWS,8/5/24,Broker E,946888.9375,0.42,0.94787389,15160,Sell,40200,40200,0.0717084,29.21,29.74,29.6,29.49,29.32342832
AAPL,8/6/24,Broker C,72106864,0.68,1.041596293,2901664,Buy,4808300,4701300,0.108890505,198.81,193.8,193.87,201.26,198.7708699
MSFT,8/6/24,Broker B,26193634,0.4,0.991805494,2669692,Buy,1830400,1599000,0.144399952,370.8,364.48,364.51,371.38,370.7700324
NVDA,8/6/24,Broker D,323825056,0.81,1.904370189,2364604,Buy,31273400,28403300,0.093707837,102.92,99.44,99.75,103.85,102.777633
AMZN,8/6/24,Broker B,56974192,0.58,1.184175968,1775661,Buy,5000500,5000500,0.199601845,174.01,169.6,169.66,177.63,173.9622126
META,8/6/24,Broker B,20542520,0.67,1.181922793,1223500,Sell,1373600,1373600,0.067065164,480.63,493.5,493.43,487.14,480.6902838
GOOGL,8/6/24,Broker E,38393644,0.46,0.987897754,1813077,Buy,3800500,3800500,0.1295606,152.57,148.95,149.06,155.81,152.4768765
AVGO,8/6/24,Broker D,37874508,0.79,1.959495664,781511,Buy,2865600,2865600,0.123171416,173.09,168,168.12,174.56,173.0720406
GOOG,8/6/24,Broker E,24951546,0.46,0.98287636,1813077,Buy,1273500,1273500,0.166833301,154.03,151.06,151.16,156.54,153.8990751
TSLA,8/6/24,Broker C,140806080,1.03,1.58415544,731758,Buy,14267000,12993100,0.169081319,241.54,232.21,232.4,249.96,241.5191788
LLY,8/6/24,Broker C,3938780.25,0.57,0.776895583,775474,Sell,233700,233700,0.159608308,825.58,843.91,843.83,838.49,825.5919586
JPM,8/6/24,Broker E,14446872,0.49,1.117400289,637278,Buy,1390400,1193600,0.183732454,237.19,231.81,231.82,240.35,237.0426314
V,8/6/24,Broker D,7732261.5,0.41,0.824475527,643335,Buy,560900,560900,0.12977618,334.94,329.15,329.14,339.29,334.8702874
XOM,8/6/24,Broker D,19817686,0.42,0.607271492,455670,Buy,1237200,1237200,0.098464407,107.52,105.63,105.72,108,107.455966
COST,8/6/24,Broker D,2917253,0.35,0.817268252,424947,Buy,175600,151900,0.185987473,1010.76,996.99,996.96,1013.9,1010.723614
MA,8/6/24,Broker E,3392971.25,0.4,0.856543481,463128,Buy,331900,287300,0.148404037,528.2,517.65,517.7,534.35,528.0865612
UNH,8/6/24,Broker E,6109557,0.85,0.466492683,387145,Buy,553400,514100,0.08205864,469.23,453.5,453.6,469.71,469.08995
NFLX,8/6/24,Broker A,5633900.5,0.49,1.128229022,420426,Sell,435500,435500,0.182643724,999.37,1019,1018.92,1016.02,999.4685629
WMT,8/6/24,Broker B,27689224,0.42,0.781679511,740837,Sell,2516900,2516900,0.179792308,91.91,94.08,93.83,92.75,91.94608504
PG,8/6/24,Broker E,9135826,0.29,0.483530194,388659,Sell,574300,574300,0.159110671,167.28,169.95,169.79,168.03,167.4144396
JNJ,8/6/24,Broker B,10849724,0.33,0.518104196,378153,Sell,976500,976500,0.116803495,155.48,158.23,158.19,156.3,155.5236725
HD,8/6/24,Broker E,4276120,0.36,0.904466271,344794,Buy,323200,323200,0.160608335,360.79,354.36,354.35,365.85,360.7000646
ABBV,8/6/24,Broker B,8754635,0.36,0.487410396,301009,Buy,760000,760000,0.198760009,177.4,174.17,174.26,179.5,177.3791803
KO,8/6/24,Broker E,20127234,0.24,0.439482689,313171,Sell,1614900,1614900,0.087791598,72.45,73.47,73.48,72.81,72.53465603
PM,8/6/24,Broker A,7038256,0.31,0.448695272,252431,Buy,548700,548700,0.135301774,166.26,164.05,164.11,166.2,166.1652158
BAC,8/6/24,Broker B,58030748,0.54,1.156621456,280695,Buy,4215400,4215400,0.147754649,38.16,37.28,37.31,38.47,38.10013216
CRM,8/6/24,Broker E,7202936.5,0.47,1.214108348,227046,Sell,532400,497800,0.091743269,237.44,242.48,242.59,242.12,237.5842373
CVX,8/6/24,Broker A,11178586,0.49,0.715148687,233589,Sell,1028300,975100,0.19700431,133.33,136.29,136.06,134.94,133.3915404
ABT,8/6/24,Broker C,8016111.5,0.3,0.586934447,225271,Buy,482500,482500,0.074022475,133.89,131.96,132.12,135.83,133.9744484
MCD,8/6/24,Broker E,4345218,0.28,0.59120661,220757,Buy,324700,318100,0.142353614,316.02,311.28,311.3,318.97,315.8869782
CSCO,8/6/24,Broker B,26598580,0.43,0.881947041,216300,Sell,1906000,1743900,0.075360728,54.22,55.33,55.25,55.08,54.28966251
IBM,8/6/24,Broker D,5153453.5,0.39,0.758216262,219038,Buy,607000,506000,0.12666297,245.53,240.81,240.97,246.09,245.462558
LIN,8/6/24,Broker A,2600478.25,0.37,0.727685034,209902,Buy,188200,188200,0.189888679,459.21,452.47,452.52,463.62,459.0905359
WFC,8/6/24,Broker E,20418954,0.5,0.994544625,209003,Buy,1450500,1450500,0.181520642,66.75,65.16,65.29,66.9,66.58096852
ORCL,8/6/24,Broker C,12495883,0.58,1.279027343,344416,Sell,1111400,1111400,0.13266091,123.65,127.2,126.85,123.78,123.6327643
MRK,8/6/24,Broker C,18299742,0.35,0.553353965,195901,Sell,1059600,1021300,0.070030451,76.88,78.19,78.03,77.73,76.9033446
PEP,8/6/24,Broker A,7963296,0.27,0.47175014,194356,Buy,791300,791300,0.113113495,144.72,142.83,142.89,146.3,144.6384027
GE,8/6/24,Broker D,6722253,0.57,1.188797116,190224,Sell,464400,464400,0.193316942,176.65,180.79,180.68,177.86,176.7206325
T,8/6/24,Broker E,45441512,0.33,0.480280787,189002,Sell,2482700,2482700,0.150365121,26.93,27.28,27.35,27.25,27.003442
PLTR,8/6/24,Broker C,110576536,0.91,2.046456575,212958,Buy,8517500,8517500,0.10597267,99.86,96.48,96.61,100.68,99.85093329
VZ,8/6/24,Broker E,29510090,0.34,0.553383589,184170,Buy,1557900,1557900,0.193875786,45.22,44.29,44.53,45.43,45.12283215
ACN,8/6/24,Broker D,4422696,0.44,0.80521059,175001,Buy,352900,352900,0.186964038,287.96,282.34,282.52,289.68,287.9572052
ISRG,8/6/24,Broker C,2817014.75,0.61,1.206331491,167787,Sell,150500,150500,0.062672681,468.31,478.9,478.81,476.04,468.312074
RTX,8/6/24,Broker B,5422184.5,0.41,0.707878292,168382,Buy,402800,402800,0.088584894,131.11,128.73,128.69,132.56,131.074962
INTU,8/6/24,Broker E,1932800.125,0.43,1.002376318,159026,Sell,97800,97800,0.110377517,570.7,581.37,581.2,571.04,570.8016118
TMO,8/6/24,Broker E,2260051.5,0.45,0.859779418,159245,Sell,135800,121000,0.150981201,418.32,426.5,426.41,423.96,418.3696945
NOW,8/6/24,Broker E,2160465,0.62,1.252818584,156492,Buy,201400,201100,0.123387825,787.38,765.54,765.59,793.25,787.2807392
GS,8/6/24,Broker C,3531042.75,0.6,1.261187077,161610,Sell,313600,270900,0.113177966,496.59,509.27,509.11,508.86,496.6189723
UBER,8/6/24,Broker C,19155544,0.55,1.195605874,152495,Sell,1595400,1595400,0.1034643,73.63,75.44,75.42,75.29,73.62249715
PGR,8/6/24,Broker A,3972077.25,0.43,0.573527932,150903,Buy,312300,312300,0.09039342,269.66,264.97,265.07,271.67,269.547045
DIS,8/6/24,Broker D,11873562,0.58,0.890657663,151854,Sell,1025300,1025300,0.145024588,83.02,85.23,85.1,84.07,83.07906686
ADBE,8/6/24,Broker B,4928740.5,0.59,1.125434399,146280,Sell,288300,288300,0.15719943,338.7,346.68,346.53,339.39,338.7953806
BKNG,8/6/24,Broker C,318188.8125,0.47,1.077503562,145622,Sell,31500,31500,0.097206374,4476.38,4578.81,4578.85,4575.37,4476.388462
QCOM,8/6/24,Broker B,9248309,0.67,1.497467756,150571,Sell,669000,669000,0.148972643,132.82,136.55,136.46,135.58,132.8811173
AMGN,8/6/24,Broker D,3351891,0.33,0.565429389,147144,Buy,219200,219200,0.173413606,282.37,278.25,278.37,283.87,282.2807218
SPGI,8/6/24,Broker E,1517246.25,0.42,1.000825882,140911,Buy,153300,147900,0.115240079,470.31,460.22,460.2,475.73,470.2349641
TJX,8/6/24,Broker B,6671403,0.3,0.678406835,138498,Buy,641800,641800,0.148418444,129.6,127.53,127.52,129.96,129.5612158
AMD,8/6/24,Broker A,41816476,0.95,1.692152262,139004,Buy,2259500,2259500,0.122011056,88.56,86.14,86.09,90.45,88.48887798
CAT,8/6/24,Broker D,3281743.25,0.5,1.076455116,136086,Buy,229400,229400,0.08133209,296.95,291,291.06,302.5,296.8958163
BSX,8/6/24,Broker A,9649542,0.42,0.887817025,138411,Buy,517500,517500,0.155274741,96.77,95.18,95.38,97.13,96.69698819
AXP,8/6/24,Broker D,4197011.5,0.62,1.152603507,169900,Buy,385100,385100,0.192709216,256.98,250.26,250.39,258.58,256.9338212
NEE,8/6/24,Broker E,13180131,0.37,0.569819272,133149,Buy,1020600,1020600,0.081666677,67.24,66.06,66.01,68.26,67.148088
TXN,8/6/24,Broker C,8989339,0.71,1.09406817,132493,Sell,541900,541900,0.109789066,142.8,146.74,146.56,142.97,142.8812174
MS,8/6/24,Broker E,9562043,0.6,1.288030863,170984,Sell,825000,825000,0.145277796,105.35,108.33,108.29,106.25,105.485139
UNP,8/6/24,Broker A,3233668.5,0.38,0.845109522,129483,Buy,179000,179000,0.124893885,222.16,218.98,219.18,224.6,222.0652861
GILD,8/6/24,Broker D,10361147,0.28,0.585657597,129908,Sell,1012700,1012700,0.126460518,103.47,105.23,105,104.49,103.5062639
SCHW,8/6/24,Broker D,12408055,0.45,1.128342867,139918,Buy,1040400,970000,0.101504266,77.45,75.97,75.97,78.78,77.3837843
CMCSA,8/6/24,Broker E,28652040,0.38,0.723178506,127042,Buy,1980900,1980900,0.149773009,34.64,34.01,34.02,34.87,34.53162373
HON,8/6/24,Broker B,4912729.5,0.44,0.834966779,124940,Buy,287100,287100,0.13603972,199.48,195.8,195.91,201.93,199.4558911
BLK,8/6/24,Broker D,1083176.875,0.51,1.162742853,132389,Buy,80600,80600,0.08331684,888.57,870,870.27,899.99,888.5082631
TMUS,8/6/24,Broker A,4545863,0.35,0.688813746,288121,Buy,403500,403500,0.159026473,265.81,261.74,261.81,267,265.7556225
VRTX,8/6/24,Broker D,1611804.375,0.24,0.849466443,122761,Buy,139400,139400,0.129900789,496.92,490.83,490.83,499.46,496.877229
PFE,8/6/24,Broker A,61340208,0.31,0.494620919,124999,Sell,5936500,5936500,0.111425907,21.78,22.17,22.1,21.87,21.83753658
LOW,8/6/24,Broker E,2954811.25,0.36,0.888534725,119089,Buy,190600,190600,0.155802702,221.91,218.17,218.14,222.74,221.822305
BA,8/6/24,Broker C,10290827,0.72,1.262373209,119889,Buy,905300,905300,0.144858467,164.69,160,159.96,166.42,164.7383048
DHR,8/6/24,Broker E,4341055.5,0.51,0.908220112,132330,Buy,282800,282800,0.078850656,189.93,185.64,185.83,190.28,189.8237532
ADP,8/6/24,Broker C,2150195,0.35,0.787215412,115897,Sell,169200,169200,0.172481683,288.51,293.24,293.37,290.54,288.5096348
SYK,8/6/24,Broker A,1907405.125,0.37,0.750790775,129618,Buy,172000,172000,0.131903834,351.07,345.64,345.5,354.17,350.972218
C,8/6/24,Broker C,20884940,0.6,1.245760441,117993,Sell,2058800,2058800,0.130645822,61.43,63.14,63.12,62.21,61.41808892
FI,8/6/24,Broker B,3409129.25,0.43,0.87523675,116342,Buy,195900,179500,0.16525283,213.45,209.74,209.82,215.06,213.3708047
DE,8/6/24,Broker E,1539067.125,0.43,0.961758375,119846,Buy,153400,153400,0.196466794,461.96,451.86,451.8,467.07,461.856859
COP,8/6/24,Broker D,10939566,0.67,0.772891283,110678,Buy,740200,740200,0.158192886,90.14,87.86,87.94,92.03,90.02840758
AMAT,8/6/24,Broker C,8732342,0.7,1.516796589,110130,Sell,638300,638300,0.077224121,132.41,136.02,136.1,133.58,132.4856014
PANW,8/6/24,Broker A,5760672,0.58,1.216528773,105969,Sell,410800,410800,0.120822558,162.21,165.95,165.75,165.6,162.2711155
MMC,8/6/24,Broker B,2447921.75,0.33,0.590217888,104508,Buy,182500,182500,0.167136433,222.96,219.32,219.44,225.24,222.8541145
CB,8/6/24,Broker C,2063046.375,0.31,0.533117235,112104,Sell,192100,192100,0.111882047,281.19,285.91,285.77,283.18,281.2247798
ETN,8/6/24,Broker A,3941023.75,0.6,1.268835664,101652,Sell,392700,392700,0.107546697,257.87,264.46,264.46,259.29,258.0165594
MDT,8/6/24,Broker B,8498045,0.29,0.682784915,104912,Sell,602300,502600,0.15250828,81.67,82.89,82.79,81.84,81.6975113
AMT,8/6/24,Broker C,3553526.5,0.31,0.532872975,102045,Sell,350400,350400,0.180322033,219.95,223.55,223.61,222.83,220.0426475
SO,8/6/24,Broker D,5008373,0.23,0.426127642,99270,Sell,459400,394500,0.074260469,90.53,91.71,91.59,91.1,90.56172004
BMY,8/6/24,Broker B,13893362,0.33,0.433606565,99581,Sell,1127200,1127200,0.157921942,48.81,49.67,49.63,49.6,48.87622272
MO,8/6/24,Broker D,12420729,0.23,0.458243698,97184,Sell,960900,960900,0.156581204,57.72,58.45,58.39,58.13,57.7437788
ELV,8/6/24,Broker A,1897402.5,0.34,0.451055408,92069,Buy,166900,144600,0.178242156,428.38,422.45,422.45,431.47,428.2393585
LMT,8/6/24,Broker A,1811621.75,0.34,0.528686762,107512,Buy,169800,154100,0.139205434,469.98,463.23,463.19,473.95,469.9094882
BX,8/6/24,Broker C,6410232,0.74,1.327261329,147576,Buy,431200,431200,0.164706485,131.26,127.67,127.75,132.51,131.2337584
PLD,8/6/24,Broker E,6284098,0.54,1.035050511,93652,Buy,394700,394700,0.16563104,103.41,101,101.12,105.49,103.3147788
CME,8/6/24,Broker A,3201366.75,0.23,0.449448019,93818,Buy,206600,206600,0.135958969,266.95,264.38,264.49,268.53,266.8654537
DUK,8/6/24,Broker C,4900300,0.24,0.36730212,93375,Buy,317100,317100,0.163000778,123.54,121.95,122.12,124.36,123.5032323
SBUX,8/6/24,Broker E,11626514,0.59,1.146592379,91644,Buy,1151100,1151100,0.117019437,83.17,80.82,80.9,84.11,83.06412167
CRWD,8/6/24,Broker A,4596504.5,0.73,1.664388299,89901,Buy,443200,443200,0.18437976,382.83,372.09,372.09,383.15,382.7371371
ICE,8/6/24,Broker E,4024815.75,0.28,0.815884113,89064,Sell,345700,345700,0.166581337,155.41,157.82,157.93,155.88,155.5287051
CI,8/6/24,Broker A,1856092.125,0.26,0.510866761,88048,Buy,109900,109900,0.108728099,335.26,331.87,331.94,335.24,335.1574317
WELL,8/6/24,Broker E,3609059,0.31,0.67238766,93593,Sell,334600,334600,0.150042369,144.6,147.27,147.18,145.68,144.6844201
GEV,8/6/24,Broker A,4296794.5,0.8,1.5,85579,Sell,383300,383300,0.186063382,315.14,324.93,324.94,318.5,315.2189482
ADI,8/6/24,Broker C,4588623,0.77,1.321415544,86791,Buy,335400,335400,0.165701586,180.51,175.47,175.4,185.2,180.5041694
MCK,8/6/24,Broker A,1129723.5,0.27,0.501902699,85534,Sell,87700,75800,0.105613957,695.11,703.03,702.77,695.97,695.160903
MDLZ,8/6/24,Broker C,10405951,0.27,0.409132928,87785,Buy,636900,636900,0.159691687,68.78,67.87,67.93,69.18,68.71287477
CVS,8/6/24,Broker C,10635882,0.33,0.764965117,82270,Buy,1000400,1000400,0.138037882,68.75,67.45,67.61,69.53,68.76974217
WM,8/6/24,Broker C,1838091.625,0.25,0.538219333,91559,Buy,95000,95000,0.119615644,233.89,231.23,231.32,236.05,233.8315878
KLAC,8/6/24,Broker E,1346563.125,0.74,1.578629613,82496,Sell,74800,74800,0.085035311,610.06,627.21,627.11,623.13,610.1745545
AJG,8/6/24,Broker A,1667881.125,0.34,0.612837076,81682,Sell,115200,115200,0.093912237,324.7,329.04,329.14,325.89,324.8088394
INTC,8/6/24,Broker C,111931832,0.93,1.574641943,82154,Buy,8339900,8339900,0.08693185,19.74,18.99,19.09,19.79,19.72102927
LRCX,8/6/24,Broker B,13776550,0.81,1.61843729,80088,Buy,716900,716900,0.078754858,64.44,62.67,62.72,65.32,64.38596906
ORLY,8/6/24,Broker D,458705.9688,0.3,0.512424648,78334,Buy,34000,34000,0.129754446,1416.43,1396.81,1396.94,1425.32,1416.323445
AON,8/6/24,Broker D,1403522.25,0.28,0.581544459,76886,Sell,77400,77400,0.066118828,361.24,365.75,365.58,362.78,361.2675943
APH,8/6/24,Broker B,9046439,0.54,1.336825252,77057,Buy,579100,579100,0.077805171,66.28,64.75,64.86,66.59,66.25133585
CL,8/6/24,Broker E,5917938,0.3,0.457846314,76810,Buy,425100,425100,0.192114136,97.61,96.23,96.09,98.77,97.46610337
SHW,8/6/24,Broker B,2088853.375,0.36,0.941084564,81062,Buy,192400,192400,0.128376727,338,331.87,331.9,340.61,337.9332596
EQIX,8/6/24,Broker E,787754.5625,0.39,0.928478122,75633,Buy,65300,65300,0.167665134,800.21,784.52,784.68,800.72,800.1238475
MU,8/6/24,Broker C,28983996,1.04,1.875524879,74587,Buy,1665000,1665000,0.13242682,70.29,68,68.01,70.77,70.26766027
TDG,8/6/24,Broker B,314887.9063,0.42,0.995311379,73277,Buy,18600,18600,0.154842237,1363.79,1340.06,1340.1,1377.58,1363.781465
TT,8/6/24,Broker D,1656028.125,0.45,1.197039723,72305,Buy,114200,114200,0.177581792,338.24,332,332.06,339.17,338.2057886
ANET,8/6/24,Broker D,11877461,0.7,1.682001829,84968,Sell,1062500,1062500,0.170418181,67.04,69.3,69.02,67.54,67.05591966
NOC,8/6/24,Broker D,1115825.375,0.32,0.599564493,76585,Buy,62900,57200,0.099135043,546.87,540,539.94,550.96,546.7852509
PH,8/6/24,Broker E,1032480.313,0.68,1.207091451,70472,Sell,74400,74400,0.120311107,540.5,556.14,556.02,546.81,540.6257737
WMB,8/6/24,Broker D,8275608.5,0.39,0.808866858,68896,Sell,678400,678400,0.199507372,57.19,58.37,58.22,57.95,57.1541033
CDNS,8/6/24,Broker A,2427913.5,0.57,1.3736552,69006,Buy,142000,142000,0.079406586,262.2,257.16,257.18,265.15,262.0736084
MMM,8/6/24,Broker D,4530638,0.51,1.006646872,68003,Buy,419600,419600,0.142185911,132.91,129.84,129.95,133.4,132.8474512
CTAS,8/6/24,Broker B,2318209.75,0.41,0.948155165,80923,Sell,144700,144700,0.070705223,200.98,204.6,204.6,204.52,200.9787765
UPS,8/6/24,Broker E,6512738.5,0.48,0.871397614,81575,Buy,475600,475600,0.089292393,98.42,96.34,96.31,99.22,98.28229665
MSI,8/6/24,Broker D,948396.125,0.34,0.9049986,68847,Buy,93100,82200,0.092508523,425.31,418.33,418.51,427.18,425.2409388
GD,8/6/24,Broker B,1655810.125,0.36,0.714203775,73317,Sell,175100,148500,0.169272084,271.01,276.26,276.04,271.44,271.031085
KKR,8/6/24,Broker E,7550706.5,0.9,1.628254652,87004,Buy,563800,563800,0.135252876,105.64,102.03,102.12,108.92,105.586026
ZTS,8/6/24,Broker A,2779203.75,0.37,0.767200053,65522,Buy,236500,236500,0.13927911,151.19,148.67,148.85,151.17,151.0905305
NKE,8/6/24,Broker B,25678442,0.71,0.788271487,82833,Sell,2229500,2229500,0.173999473,54.65,56.36,56.32,55.22,54.69860526
MCO,8/6/24,Broker A,1041817.375,0.52,1.158737779,74348,Sell,53700,53700,0.095843246,415.8,423.27,423.08,418.25,415.8973086
CMG,8/6/24,Broker D,14388523,0.46,0.869820356,63064,Buy,1438600,1438600,0.10022375,49.04,47.84,48,49.93,48.97138231
CEG,8/6/24,Broker E,4398039.5,0.83,1.476271391,60695,Buy,345700,345700,0.198484599,211.73,204.87,204.94,217.5,211.617395
SNPS,8/6/24,Broker B,1463162.375,0.54,1.399227858,62213,Buy,144700,144200,0.120385578,417.64,407.29,407.34,421.76,417.6010517
NEM,8/6/24,Broker E,13934138,0.49,1.032853365,62236,Sell,1239000,1178200,0.109909976,55.76,57.16,57.09,56.32,55.86697452
EOG,8/6/24,Broker D,4546741,0.56,0.80652982,60179,Buy,323500,290700,0.182353094,111.65,109.32,109.31,112.13,111.5603804
COF,8/6/24,Broker E,5593778,0.71,1.180324078,63005,Buy,426400,426400,0.098451,176.6,171.37,171.57,176.87,176.4814982
ITW,8/6/24,Broker B,1335379.125,0.41,0.863521516,66773,Buy,148200,133000,0.158862287,234.63,229.84,229.86,236.09,234.5401411
DASH,8/6/24,Broker A,8294022.5,0.68,1.455383658,72765,Buy,647800,647800,0.150709651,184.53,180.11,180,185.73,184.3644045
FTNT,8/6/24,Broker A,5420590,0.6,1.176363707,71299,Buy,455600,455600,0.088299458,98.16,95.71,95.92,99.4,98.09614879
AZO,8/6/24,Broker E,164381.0938,0.3,0.586766005,59709,Buy,9300,9300,0.144635943,3671.94,3618.75,3618.92,3719.64,3671.812052
PYPL,8/6/24,Broker C,11983751,0.56,1.264015198,59636,Buy,708000,708000,0.190917663,62.35,60.96,61.05,62.37,62.35551488
PNC,8/6/24,Broker A,3215447.75,0.46,1.039765954,59414,Buy,256200,256200,0.196920707,154.82,151.98,152.02,155.16,154.6627688
ECL,8/6/24,Broker B,1645770.375,0.3,0.852666318,65664,Buy,192500,161100,0.124601689,242.14,238.27,238.23,243.21,242.1255344
HCA,8/6/24,Broker B,1648882.375,0.33,0.669401526,78197,Sell,175400,155700,0.095859195,328.87,334.93,334.69,330.49,328.9320979
ROP,8/6/24,Broker D,670314.9375,0.35,0.779269636,57910,Buy,58700,58700,0.095737004,564.86,555.34,555.59,566.46,564.7566051
USB,8/6/24,Broker A,15376011,0.5,1.192224503,58908,Sell,829900,829900,0.146856462,37.28,38.08,37.92,37.57,37.35876896
REGN,8/6/24,Broker D,1086888.625,0.39,0.743007243,61073,Sell,80200,80200,0.094315959,560.52,570.35,570.25,569.29,560.5874453
APD,8/6/24,Broker A,1285565.375,0.42,0.879582047,57305,Buy,68000,68000,0.187808575,266.67,262.9,262.85,267.12,266.5633461
TRV,8/6/24,Broker B,1616036.75,0.36,0.650661469,56549,Sell,160400,160400,0.171757556,253.44,258.39,258.31,256.78,253.4399856
AEP,8/6/24,Broker E,5192580,0.26,0.428053766,56352,Sell,382100,382100,0.179181961,106.17,107.77,107.73,107.69,106.2894591
BDX,8/6/24,Broker A,2398220.25,0.32,0.611429393,56454,Sell,217500,217500,0.121528006,195.77,198.71,198.61,198.01,195.9191865
APO,8/6/24,Broker D,5210564.5,0.84,1.517835021,68247,Buy,495900,433100,0.092331014,129.12,125.12,125.11,132.17,129.0481852
EMR,8/6/24,Broker E,3611822,0.55,1.123367548,54371,Buy,297500,254500,0.081268535,100.91,98.54,98.56,101.47,100.7946899
ADSK,8/6/24,Broker E,1828719.625,0.43,1.176352382,54160,Buy,188500,171500,0.119688147,262.18,256.52,256.52,262.4,262.0537415
BK,8/6/24,Broker A,4807429.5,0.46,1.002221107,53159,Buy,245000,245000,0.193303749,77.26,75.73,76.08,77.91,77.14990339
OKE,8/6/24,Broker B,4399638.5,0.61,0.982543945,51107,Buy,347000,347000,0.146304488,87.88,85.73,85.68,89.32,87.80978905
CSX,8/6/24,Broker A,17247650,0.38,0.81662339,51585,Buy,1649300,1649300,0.163398552,28.01,27.54,27.55,28.12,27.91974563
AFL,8/6/24,Broker C,2209897.75,0.37,0.651851058,57294,Sell,188200,188200,0.159691966,105.46,107.52,107.37,105.84,105.4697506
KMI,8/6/24,Broker A,14069475,0.41,0.77816236,57307,Buy,1110400,1110400,0.101466357,27.49,27.01,27.04,27.71,27.37953752
CPRT,8/6/24,Broker B,5663842.5,0.31,1.003289819,56739,Sell,601900,522900,0.109207389,58.52,59.56,59.5,58.67,58.58235643
ALL,8/6/24,Broker E,2196536,0.42,0.638867438,49568,Buy,119500,114600,0.153173673,196.69,192.99,193.22,199.78,196.6179778
O,8/6/24,Broker E,6787345.5,0.28,0.546792388,51687,Buy,450700,450700,0.152814179,59.66,58.69,58.8,60.27,59.6187395
JCI,8/6/24,Broker B,4893669.5,0.52,1.112372398,49147,Sell,404700,404700,0.098979568,74.62,76.34,76.39,75.07,74.73405156
HLT,8/6/24,Broker C,3031887.5,0.45,0.915118396,49023,Sell,270800,270800,0.131881052,204.59,209.1,208.96,208.12,204.6115716
MAR,8/6/24,Broker A,2279838,0.52,1.014037013,59395,Buy,151800,151800,0.171966526,223.08,218.99,218.92,223.46,222.9879698
HWM,8/6/24,Broker C,3149206.5,0.62,1.214276791,48321,Sell,290000,290000,0.085542825,119.46,122.99,122.76,120.12,119.4662395
NSC,8/6/24,Broker E,1405256,0.42,0.922046959,49532,Buy,140400,140400,0.149588401,224.36,219.31,219.5,226.43,224.3160759
COR,8/6/24,Broker E,2001972.375,0.23,0.437819302,54464,Sell,122500,122500,0.152951384,285.75,289.33,289.39,286.25,285.8785904
RSG,8/6/24,Broker D,1455583.875,0.28,0.62843889,74483,Sell,137700,137700,0.149779783,239.07,242.65,242.57,239.68,239.1658568
SLB,8/6/24,Broker C,21908206,0.69,0.939860463,47078,Buy,1241600,1241600,0.06036515,35.68,34.72,34.83,36.28,35.65449906
ABNB,8/6/24,Broker A,6031917,0.64,1.223857641,71612,Buy,418200,418200,0.108933499,116.03,113.4,113.43,117.31,115.9437746
CARR,8/6/24,Broker D,5284097.5,0.48,1.201488495,50267,Buy,482900,482900,0.111831623,60.96,59.48,59.67,61.02,60.89338533
AIG,8/6/24,Broker D,6132646.5,0.39,0.718751848,46340,Buy,528900,528900,0.109260701,82.47,81.18,81.01,83.09,82.40887392
DLR,8/6/24,Broker C,2638210.25,0.42,0.910633385,50244,Sell,186500,186500,0.137287772,147.48,150.26,150.23,150.19,147.5101154
RCL,8/6/24,Broker E,3211878.75,0.77,1.301109672,51454,Sell,282800,282800,0.105385184,186.62,193,192.91,186.72,186.6719729
EXC,8/6/24,Broker C,9899152,0.27,0.404019773,46671,Sell,740100,740100,0.171922336,46.79,47.48,47.43,47.31,46.78565198
KR,8/6/24,Broker B,8351748.5,0.33,0.378295392,47789,Buy,664000,664000,0.150010012,73.57,72.51,72.38,74.57,73.53335429
KMB,8/6/24,Broker D,2202193.5,0.27,0.478593826,46454,Sell,205000,177200,0.172705592,141.52,143.5,143.42,142.15,141.5591725
WDAY,8/6/24,Broker C,2488970.25,0.44,1.046601534,56951,Buy,240200,240200,0.125082576,223.77,218.91,219.14,227.09,223.7687684
FCX,8/6/24,Broker B,21833502,0.87,1.440998435,47352,Sell,1623500,1623500,0.104980315,32.15,33.3,33.23,32.82,32.19463472
TFC,8/6/24,Broker A,12838491,0.54,1.143862844,46093,Buy,750100,750100,0.077614327,36.3,35.66,35.64,36.34,36.17776537
FAST,8/6/24,Broker E,4317566.5,0.41,0.823430419,46056,Sell,380600,380600,0.182685238,79.67,81.45,81.37,81.17,79.81430347
PSA,8/6/24,Broker E,899280.375,0.35,0.74413836,50443,Sell,80800,80800,0.192513038,288.43,294.06,293.97,292.13,288.499242
FICO,8/6/24,Broker A,192598.1719,0.51,1.182162404,44345,Buy,12200,12200,0.062035243,1931.56,1896.82,1896.76,1939.52,1931.500087
PAYX,8/6/24,Broker C,2656627.25,0.41,0.755127072,50567,Buy,248200,248200,0.12020657,147.4,144.51,144.54,148.93,147.3657237
PCAR,8/6/24,Broker A,3600774.75,0.46,0.874807894,45822,Buy,304300,304300,0.081337809,89.59,87.72,87.93,90.03,89.47746226
SPG,8/6/24,Broker C,2080938.375,0.52,1.014560699,48024,Buy,184700,184700,0.142451721,152.36,148.73,148.9,153.34,152.3542435
ROST,8/6/24,Broker A,3821738.5,0.38,0.791156411,44554,Sell,269500,269500,0.18958583,137.04,139.14,139.12,138.61,137.2038315
FDX,8/6/24,Broker B,2370554,0.6,0.871101379,49147,Buy,171600,171600,0.083585391,211.38,206.3,206.31,215.03,211.3248065
SRE,8/6/24,Broker A,5377201,0.39,0.737867653,45934,Buy,479400,479400,0.151289837,72.32,71.07,71.13,72.46,72.20081412
CCI,8/6/24,Broker E,4355920.5,0.42,0.537642241,44471,Buy,370200,350800,0.099219507,106.27,104.22,104.12,107.2,106.1833403
KVUE,8/6/24,Broker A,17303216,0.31,0.598850489,42729,Buy,1540200,1540200,0.084682709,23.88,23.38,23.56,23.82,23.76144312
AMP,8/6/24,Broker D,587742.8125,0.54,1.200113416,43226,Sell,31700,31700,0.108644619,452.67,461.71,461.71,458.4,452.7386398
D,8/6/24,Broker E,5696607,0.35,0.531895697,44366,Buy,549500,549500,0.13386648,54.34,53.16,53.31,54.98,54.24885736
GWW,8/6/24,Broker E,300362.875,0.31,0.898724616,47149,Buy,27400,27400,0.15290554,1015.42,998.03,998.03,1017.65,1015.326756
GM,8/6/24,Broker E,17818398,0.47,1.023413062,42893,Buy,1170900,1170900,0.092080525,45.79,44.69,44.85,45.94,45.66306802
NXPI,8/6/24,Broker A,3608436.75,0.87,1.313321352,43496,Sell,277200,277200,0.133516125,166.79,171.95,172.04,170.46,166.907666
TGT,8/6/24,Broker D,9577029,0.59,0.745406866,42724,Buy,533900,499800,0.144519568,96.1,93.91,94.15,97.57,96.03123714
MSCI,8/6/24,Broker A,605950.1875,0.44,0.953426242,41399,Buy,45400,45400,0.176512607,552.29,542.68,542.88,557.95,552.2091337
KDP,8/6/24,Broker C,14291824,0.25,0.479637235,47907,Sell,1070300,1070300,0.108215229,35.06,35.62,35.51,35.34,35.08179849
EW,8/6/24,Broker E,4871998.5,0.29,0.932674706,40680,Buy,262200,262200,0.068019076,72.32,71.2,71.32,73.07,72.23293073
MET,8/6/24,Broker A,4264862,0.57,0.970704496,47958,Sell,268900,243400,0.0886519,70.75,72.28,72.14,71.15,70.89196264
PEG,8/6/24,Broker A,3184916.75,0.3,0.649215996,40010,Buy,249900,249900,0.177195693,84.29,83.23,83.23,84.87,84.21294921
VRSK,8/6/24,Broker A,1055410.375,0.32,0.653001904,39793,Buy,91400,91400,0.11271496,298.83,294.7,294.7,299.71,298.7756034
LHX,8/6/24,Broker B,1484300.75,0.31,0.786988199,40194,Sell,106500,106500,0.108278714,214.55,217.87,217.85,215.93,214.5858455
CTVA,8/6/24,Broker A,3840735.75,0.42,0.811250389,40380,Buy,382800,382800,0.176982964,61.05,59.76,59.93,60.93,60.90389419
PSX,8/6/24,Broker C,3662350.5,0.67,0.967380404,39525,Buy,353400,353400,0.163833248,100.52,97.7,97.69,100.7,100.5330453
MNST,8/6/24,Broker C,6403771.5,0.29,0.588039458,56453,Buy,594400,594400,0.088494613,59.64,58.42,58.74,60.21,59.60954553
AXON,8/6/24,Broker E,729520.5,0.59,1.405653238,42188,Buy,40400,40400,0.074250361,569.63,556.63,556.74,573.62,569.5000399
MPC,8/6/24,Broker E,3156129.25,0.66,0.903885305,39477,Sell,209200,209200,0.129757198,123.68,127.08,127.06,124.18,123.8105293
XEL,8/6/24,Broker A,3795987.5,0.26,0.411776662,39727,Buy,340800,340800,0.163697187,71.08,70.3,70.25,71.59,70.96205943
DFS,8/6/24,Broker D,2594477.75,0.77,1.18055141,41593,Sell,170000,170000,0.143651038,166.35,171.05,171.06,167.35,166.40924
YUM,8/6/24,Broker C,2512590.25,0.33,0.630044401,39132,Sell,220400,220400,0.103496005,140.79,143.14,143.15,142.39,140.839541
FIS,8/6/24,Broker B,4254328,0.48,0.729293287,40453,Buy,313600,313600,0.158203029,80.24,78.5,78.59,81.6,80.21065144
PWR,8/6/24,Broker E,1551233.25,0.53,1.243507385,37625,Buy,94800,94800,0.078874668,269.2,263.36,263.36,272.46,269.0637765
VST,8/6/24,Broker A,8435292,0.94,1.630477905,36234,Sell,660700,660700,0.145999408,110.13,114,113.85,113.31,110.2395853
OTIS,8/6/24,Broker B,2712143.75,0.37,0.794259965,38396,Sell,291100,258200,0.125774744,96.26,98.37,98.12,96.54,96.30302351
ED,8/6/24,Broker B,3002038.25,0.26,0.309197754,39968,Sell,283900,283900,0.097603892,110.39,112.15,112.03,111.05,110.4289207
CMI,8/6/24,Broker D,1025966.188,0.55,1.032185197,37770,Buy,99800,99800,0.169576809,285.11,278.07,278.28,288.53,285.10577
URI,8/6/24,Broker D,761241.625,0.55,1.479452729,37278,Sell,50400,42400,0.052997615,576.57,588.34,588.39,581.88,576.6652915
TEL,8/6/24,Broker D,2187387,0.51,1.162813902,38413,Buy,176200,176200,0.156691323,132.06,129.06,129.26,133.75,132.0535644
BKR,8/6/24,Broker C,8978361,0.68,0.912857592,37435,Buy,649700,649700,0.13255595,39.53,38.52,38.51,39.67,39.4917029
TRGP,8/6/24,Broker E,2373329,0.71,1.006133914,35801,Sell,224400,224400,0.10441729,166.7,172.25,172.12,168.37,166.8049097
PCG,8/6/24,Broker B,18206530,0.3,0.577123642,37009,Buy,1592400,1551300,0.1488897,17.5,17.16,17.23,17.52,17.4358783
F,8/6/24,Broker B,154269360,0.51,0.947989166,37658,Buy,10311500,9258000,0.074098117,9.92,9.63,9.72,9.91,9.860022465
AME,8/6/24,Broker C,1552392.625,0.38,0.908328295,35823,Sell,120400,120400,0.154219702,153.45,156.33,156.19,155.26,153.4705076
HES,8/6/24,Broker E,2205686.5,0.57,0.845936716,39072,Buy,137100,137100,0.164151144,132.58,129.24,129.54,133.82,132.4797371
ETR,8/6/24,Broker C,5055218.5,0.32,0.588191152,35935,Buy,277800,277800,0.162213121,84.02,82.75,82.89,84.62,84.01631437
PRU,8/6/24,Broker A,2169791,0.52,0.964037359,34333,Buy,187400,187400,0.182197506,101.62,99.36,99.53,101.93,101.5031064
SYY,8/6/24,Broker B,3494709.5,0.33,0.499918789,34951,Sell,291000,271400,0.109991728,70.75,71.81,71.92,71.15,70.75406344
TTWO,8/6/24,Broker B,1877009.375,0.37,0.942398071,36210,Buy,181900,181900,0.17611678,215.35,211.34,211.32,218.69,215.2909277
VLO,8/6/24,Broker B,4028594.5,0.69,1.000251889,34226,Sell,460300,396900,0.132338658,105.57,108.98,108.87,106.61,105.608828
CBRE,8/6/24,Broker C,2165243.75,0.44,1.102758408,34651,Buy,185600,185600,0.195094758,119.55,117.15,117.18,121.56,119.5827218
ACGL,8/6/24,Broker E,1782318.875,0.41,0.650769889,33736,Buy,90100,90100,0.107920676,93.94,92.33,92.33,94.51,93.79750686
EA,8/6/24,Broker D,3472875.25,0.31,0.707976997,36989,Buy,389600,347200,0.178502266,147.42,145.02,145.11,148.27,147.3426223
WEC,8/6/24,Broker E,2579657.75,0.21,0.450434834,34130,Buy,191200,191200,0.14629443,109.55,108.3,108.19,109.47,109.4362224
DHI,8/6/24,Broker E,3912135,0.41,0.862580538,38054,Buy,335800,335800,0.135406797,123.79,121.15,121.28,125.29,123.733433
CTSH,8/6/24,Broker D,4620921.5,0.45,0.897250831,33549,Buy,370200,318200,0.116999667,70.69,69.32,69.4,71.8,70.66207173
VICI,8/6/24,Broker B,8872924,0.29,0.661714256,33973,Buy,777500,777500,0.19046706,33.08,32.62,32.58,33.23,33.02747545
HIG,8/6/24,Broker E,1744182.625,0.36,0.681961477,32598,Sell,146400,146400,0.192714561,115.68,117.98,117.9,117.57,115.8686947
IDXX,8/6/24,Broker C,920356.4375,0.47,1.024811983,32955,Buy,53800,53800,0.11530969,419.85,412.31,412.18,422.12,419.839367
CSGP,8/6/24,Broker E,3336447.5,0.46,1.052419782,32817,Buy,257600,223200,0.18296586,80.84,79.2,79.2,81.63,80.74953554
CHTR,8/6/24,Broker D,1460611,0.5,0.81772697,51101,Sell,104500,104000,0.142870928,331.1,338,337.99,334.41,331.1520316
CAH,8/6/24,Broker A,2750151.25,0.3,0.615272462,31686,Sell,138400,138400,0.098204388,134.19,135.79,135.63,134.34,134.2522446
WTW,8/6/24,Broker C,719839.0625,0.32,0.564704597,31380,Buy,53600,53600,0.100242415,327.63,322.62,322.73,327.87,327.6392519
GLW,8/6/24,Broker C,7247951.5,0.55,1.127289295,34871,Buy,760900,670000,0.086431065,42.09,41.01,41.08,42.96,42.06372658
VMC,8/6/24,Broker C,1552427.25,0.32,0.91711092,30934,Buy,148000,148000,0.088511032,244.6,240.39,240.62,246.98,244.5917279
HUM,8/6/24,Broker D,1663929.125,0.52,0.504744947,29680,Buy,119400,119400,0.083504365,270.04,264.18,264.47,272.53,269.9754405
EBAY,8/6/24,Broker C,5998861,0.38,0.746352613,30584,Buy,470400,470400,0.134579319,68.1,66.82,66.92,68.25,68.06168973
GIS,8/6/24,Broker A,7428856.5,0.32,0.222607225,31580,Buy,648900,648900,0.111833753,58.65,57.74,57.84,58.59,58.51556541
RMD,8/6/24,Broker E,1162067.625,0.38,1.053770781,30970,Sell,61300,61300,0.196124555,210.39,214.14,213.99,213.17,210.4595336
IT,8/6/24,Broker A,862088.0625,0.45,1.129665256,30243,Sell,53300,53300,0.120929348,393.07,399.82,399.61,396.97,393.1617013
EQT,8/6/24,Broker C,8427179,0.55,1.113951445,28486,Sell,667600,667600,0.197183487,49.22,50.4,50.39,49.71,49.23264603
MLM,8/6/24,Broker B,607821.625,0.33,0.953669608,29395,Sell,41900,41900,0.17999141,483.53,491.28,491.21,485.45,483.6139556
CNC,8/6/24,Broker E,4603081,0.31,0.406555951,28776,Buy,305500,288900,0.194128643,62.01,60.94,61.06,62.09,61.93444069
EXR,8/6/24,Broker A,1285439.375,0.39,0.8493523,29330,Sell,108800,108800,0.177639994,138.33,140.73,140.64,139.78,138.4543712
NDAQ,8/6/24,Broker A,3591433.75,0.46,0.828990459,40567,Buy,302900,302900,0.131344195,73.31,71.8,71.96,73.37,73.20979601
VTR,8/6/24,Broker E,3759618.25,0.28,0.697105527,29243,Buy,309900,309900,0.195133243,69.17,68.19,68.1,69.83,69.06506372
GRMN,8/6/24,Broker E,1260726.25,0.65,0.991939723,35947,Buy,99400,99400,0.16844352,194,188.64,188.74,198.07,193.8750105
A,8/6/24,Broker D,2477031.75,0.47,0.998218417,28584,Buy,185200,185200,0.090269714,104,102.04,101.98,104.37,103.907382
WAB,8/6/24,Broker D,1099454.375,0.48,1.110182405,28560,Sell,65800,65800,0.075520346,167,170.29,170.16,169.73,166.9826264
IR,8/6/24,Broker B,3131694,0.52,1.183133483,28103,Buy,176200,176200,0.111893256,72.96,71.26,71.51,73.27,72.93293238
STZ,8/6/24,Broker A,2573782.25,0.32,0.651316345,33844,Buy,212200,212200,0.183933238,190.31,187.77,187.73,191.1,190.2565451
AWK,8/6/24,Broker D,1828562.625,0.3,0.470711619,28692,Sell,180700,180700,0.193010816,146.6,148.97,148.91,147.99,146.6496998
AVB,8/6/24,Broker B,957343.8125,0.39,0.853089452,28729,Buy,50100,50100,0.091767121,206.19,202.81,202.93,207.62,206.1308658
ODFL,8/6/24,Broker B,1910647.125,0.58,1.112155557,31794,Sell,155300,155300,0.121122633,148.82,152.74,152.63,150.74,148.8940596
GEHC,8/6/24,Broker C,5121890.5,0.71,1.147836328,27690,Sell,284800,284800,0.116745021,60.29,61.81,61.83,60.65,60.31716291
LULU,8/6/24,Broker E,3117086,0.75,0.817370057,30631,Buy,194700,165700,0.184765562,261.07,254.03,254.19,265.38,261.0232264
BRO,8/6/24,Broker D,1961675.125,0.32,0.701902211,32509,Buy,110800,110800,0.07529577,118.96,117.3,117.4,120.05,118.9237245
DTE,8/6/24,Broker B,1640223.5,0.26,0.47982955,27347,Buy,139000,139000,0.199087032,135.18,133.28,133.3,135.78,135.1638282
BR,8/6/24,Broker A,621545.6875,0.36,0.782384157,26690,Buy,38300,38300,0.116535336,237.97,234.67,234.79,239.65,237.8951286
EFX,8/6/24,Broker B,1234932.125,0.52,1.309583545,26868,Buy,137900,121300,0.150737617,226.92,221.43,221.48,228.53,226.9073126
OXY,8/6/24,Broker E,15108736,0.7,0.679570973,36670,Sell,1449100,1449100,0.129909175,37.79,39.1,39.01,38.17,37.93067473
XYL,8/6/24,Broker A,1987830.125,0.41,1.123633265,26408,Sell,182700,182700,0.163475781,108.06,110.01,110.01,108.3,108.1119636
TSCO,8/6/24,Broker E,5318770.5,0.45,0.765961647,26363,Buy,373700,373700,0.141006617,51.23,50.33,50.19,51.8,51.17985335
DXCM,8/6/24,Broker E,4825727,0.55,1.070894837,25922,Buy,426400,426400,0.197361491,69.9,68.12,68.15,69.89,69.77469247
AEE,8/6/24,Broker C,2107070.25,0.25,0.507441759,26065,Buy,166500,166500,0.09037562,99.49,98.24,98.22,100.05,99.47279307
MTB,8/6/24,Broker D,1625571.25,0.47,0.980700493,25756,Buy,152200,130000,0.076726082,162.98,159.54,159.74,163.68,162.9362724
ANSS,8/6/24,Broker A,632879.5625,0.41,1.127478838,26115,Sell,48900,48900,0.13257744,295.82,300.88,300.79,300.53,295.9434889
DELL,8/6/24,Broker B,8990889,0.93,1.688794136,57495,Sell,585100,585100,0.091798901,81.47,84.36,84.23,81.72,81.55265923
PPL,8/6/24,Broker B,5713525,0.25,0.522806942,26096,Sell,473500,473500,0.158241512,35.1,35.64,35.58,35.42,35.09974511
ROK,8/6/24,Broker A,1085357.25,0.53,1.038438201,25660,Buy,102900,102900,0.128808368,236.58,231.47,231.46,237.86,236.5066785
DAL,8/6/24,Broker D,15970300,0.95,1.207352281,25772,Buy,1528400,1528400,0.117530803,41.81,40.18,40.32,41.83,41.77224619
NUE,8/6/24,Broker E,2965347.25,0.63,1.079811215,24614,Sell,175300,175300,0.10494477,107.13,109.93,109.85,107.44,107.1589032
CHD,8/6/24,Broker A,1830031.375,0.27,0.411989838,25384,Buy,111300,111300,0.074283384,106.58,105.53,105.48,106.75,106.4737174
FANG,8/6/24,Broker E,3052251.25,0.82,0.885042548,38922,Buy,240000,200300,0.104801308,138.52,134.35,134.37,138.47,138.4511712
KHC,8/6/24,Broker E,12042805,0.33,0.360269487,35730,Buy,911000,911000,0.146552774,30.48,29.98,29.97,30.46,30.36277462
DD,8/6/24,Broker B,3624361,0.71,0.984351695,25156,Sell,316900,316900,0.11187611,58.24,60.36,60.02,58.65,58.245587
MPWR,8/6/24,Broker B,1145968.625,1.11,1.914679885,24331,Sell,97800,97800,0.151321064,493.44,514.83,514.52,507.29,493.5063544
ATO,8/6/24,Broker E,1068291.25,0.23,0.55874145,24847,Sell,86600,86600,0.153108644,154.52,156.93,156.67,154.98,154.64472
IRM,8/6/24,Broker C,2148413.75,0.49,1.041708589,24072,Buy,128500,119900,0.114274202,85.35,83.59,83.77,86.87,85.36117792
SBAC,8/6/24,Broker D,1136725.875,0.32,0.55840081,24366,Buy,99400,99400,0.093413503,233.75,230.11,230.17,234.99,233.6795225
HSY,8/6/24,Broker E,1714671.625,0.32,0.440539747,33721,Buy,125300,125300,0.111954046,169.48,166.68,166.71,172.06,169.3967667
RJF,8/6/24,Broker A,1904403.75,0.49,1.124410748,26810,Sell,186700,186700,0.19159242,130.18,133.14,132.98,131.94,130.2599145
TPL,8/6/24,Broker D,145288.7344,0.87,1.070005655,28707,Buy,14800,12500,0.086300329,1326.53,1283.8,1283.78,1362.29,1326.518003
LEN,8/6/24,Broker C,3604617.5,0.41,0.952108204,27192,Buy,313500,313500,0.159431434,106.47,104.32,104.45,108.4,106.431429
IP,8/6/24,Broker E,6315342,0.57,0.763397038,23786,Buy,527800,493400,0.199781407,47.52,46.26,46.35,47.66,47.43216919
TYL,8/6/24,Broker A,289309.8438,0.37,0.932694316,23947,Buy,23600,23600,0.145236969,575.91,567.12,567.13,576.69,575.7941926
GDDY,8/6/24,Broker E,1731630.75,0.4,1.121523619,23532,Sell,118100,118100,0.080829166,168.39,171.74,171.64,169.98,168.4463833
CNP,8/6/24,Broker B,6544230,0.2,0.511033058,23818,Buy,507000,507000,0.087481647,37.66,37.15,37.24,37.82,37.63973524
IQV,8/6/24,Broker A,2062076.375,0.54,0.965077341,24899,Sell,164600,164600,0.112603946,139.61,142.41,142.61,140.86,139.7244104
DRI,8/6/24,Broker C,1471352.875,0.41,0.675583124,23062,Buy,133600,133600,0.100850635,203.9,200.06,199.98,205.72,203.8963567
STT,8/6/24,Broker B,2406070.25,0.51,0.965664208,23269,Buy,188200,188200,0.09321825,84.06,82.12,82.22,85.66,84.03968024
KEYS,8/6/24,Broker E,1073229.625,0.59,1.460006237,22790,Buy,70600,60200,0.068931224,136.97,133.83,133.86,136.95,136.8914808
EQR,8/6/24,Broker A,2058523.25,0.41,0.833705187,25639,Sell,130800,130800,0.155983081,66.93,68.08,67.97,67.36,67.01397263
PPG,8/6/24,Broker D,2583960.25,0.52,0.913599849,22561,Buy,162300,162300,0.068491032,101.97,100.1,99.96,102.95,101.8984208
FITB,8/6/24,Broker C,6024540,0.51,1.154086709,22261,Sell,533700,533700,0.132226654,33.08,34.05,33.86,33.52,33.08745158
ADM,8/6/24,Broker B,5736518,0.43,0.613135517,23091,Sell,449100,445000,0.134602167,47.16,48.12,48.11,47.99,47.20319176
CBOE,8/6/24,Broker A,1028178.75,0.3,0.335441858,22449,Sell,66800,66800,0.155437607,215.97,218.53,218.55,217.86,216.0475984
EXE,8/6/24,Broker B,6257997,0.43,0.875163198,23791,Buy,575600,575600,0.170037192,108.73,106.4,106.5,110.01,108.6817609
HPQ,8/6/24,Broker B,10433243,0.69,1.06854558,22389,Buy,694000,694000,0.170510042,24.51,23.83,23.88,25.05,24.46885789
FTV,8/6/24,Broker A,2953923,0.5,1.015593648,21779,Buy,238700,238700,0.148940932,66.13,64.89,64.84,67.13,66.00106626
EIX,8/6/24,Broker C,3870291.5,0.38,0.615453899,21488,Sell,223300,223300,0.140311959,56.26,57.13,57.16,56.84,56.24876979
K,8/6/24,Broker C,2832324.25,0.04,0.390702844,28449,Buy,149100,149100,0.061048988,82.75,82.47,82.52,82.82,82.7902931
VLTO,8/6/24,Broker A,1591432.75,0.37,1.5,21630,Buy,134000,134000,0.177934835,90.26,88.8,88.87,91.34,90.19770039
DOV,8/6/24,Broker A,1323083.75,0.51,1.118279934,21659,Sell,93800,93800,0.110067214,156.74,159.94,159.8,157.48,156.7938238
STE,8/6/24,Broker A,602092.9375,0.32,0.631336212,21495,Sell,52400,52400,0.113427226,218.17,221.48,221.28,220.06,218.2296917
UAL,8/6/24,Broker E,12011164,1.08,1.18553853,21399,Sell,1073800,1073800,0.155389926,62.62,65.6,65.35,64.07,62.72299839
CMS,8/6/24,Broker C,2745851.25,0.23,0.402545393,21566,Buy,325600,273900,0.111431549,74.3,73.09,73.34,74.43,74.28380993
FE,8/6/24,Broker A,5861474.5,0.28,0.476894647,24124,Buy,501600,501600,0.140663092,42.85,42.13,42.32,43.09,42.79494624
NVR,8/6/24,Broker A,26889.36719,0.39,0.721931219,21180,Sell,2200,2000,0.187572856,7097.4,7210,7210,7139.33,7097.487797
CPAY,8/6/24,Broker C,511122.2813,0.7,1.102929354,20953,Buy,48300,48300,0.109950108,315.21,306.16,306.12,317.25,315.2041426
TDY,8/6/24,Broker A,304619.3125,0.41,0.851020634,21234,Buy,24800,21300,0.08018313,469.27,461.94,461.93,470.57,469.2145562
ES,8/6/24,Broker B,2653985.75,0.35,0.498877913,20696,Buy,163200,163200,0.110773779,58.31,57.32,57.41,58.33,58.27033489
MTD,8/6/24,Broker D,196380.4375,0.55,1.060753942,20219,Sell,13100,13100,0.064098535,975.43,996.88,996.79,979.34,975.5123781
MCHP,8/6/24,Broker A,13373664,1.16,1.530130506,21206,Sell,1266000,1266000,0.168571357,37.84,39.53,39.47,38.15,37.9444454
CINF,8/6/24,Broker B,926051.375,0.41,0.634547472,19996,Sell,63900,63900,0.1034805,129.31,132.02,131.72,131.06,129.4284916
WRB,8/6/24,Broker E,2284885,0.37,0.595682919,25539,Buy,177000,177000,0.101107281,70.34,69.05,69.05,70.93,70.29991567
DG,8/6/24,Broker B,5504300.5,0.46,0.147626966,21029,Buy,566800,532700,0.159383883,98.26,95.95,96.11,99.93,98.17867168
SW,8/6/24,Broker E,4414833.5,0.57,1.5,21286,Buy,347900,347900,0.174939002,42.45,41.35,41.4,42.82,42.3444427
CDW,8/6/24,Broker A,1711498.375,0.53,1.044915199,19557,Buy,96300,96300,0.180008368,153.54,150.75,150.81,155.96,153.471033
VRSN,8/6/24,Broker A,912534.6875,0.29,0.593307614,22717,Buy,60100,60100,0.108660331,249.48,246.58,246.64,250.1,249.3735436
LYV,8/6/24,Broker E,2976203.75,0.53,1.095992446,28820,Buy,249700,249700,0.088983699,130.73,127.5,127.59,131.42,130.5940278
DVN,8/6/24,Broker A,10589528,0.85,0.784066737,19133,Buy,932100,932100,0.19553915,30.8,29.75,29.86,31.51,30.7053163
HPE,8/6/24,Broker B,29635630,0.83,1.436243892,19467,Sell,2004600,2004600,0.179139797,14.55,15.02,15.01,14.71,14.62216293
HBAN,8/6/24,Broker E,25923222,0.59,1.129999638,19676,Buy,2065800,2001900,0.140013714,14,13.64,13.65,14,13.86562178
NRG,8/6/24,Broker D,3331282.75,0.74,1.218113065,18959,Buy,242100,242100,0.12054187,99.65,96.8,96.96,100.55,99.60217598
DOW,8/6/24,Broker D,9681285,0.76,0.934338987,19846,Buy,612500,548300,0.177012375,29.01,28.34,28.28,29.25,28.99378041
HAL,8/6/24,Broker D,14295516,0.79,0.9959566,18895,Buy,1298800,1298800,0.113444045,22.95,22.11,22.25,23.18,22.92502763
TROW,8/6/24,Broker A,2628548.75,0.55,1.24284482,18568,Buy,242400,242400,0.144661485,87.66,85.81,85.73,89,87.56808673
ZBH,8/6/24,Broker D,2224673.75,0.3,0.66424644,19026,Sell,140500,140500,0.166527429,96.28,97.75,97.56,96.53,96.34783635
PHM,8/6/24,Broker E,2378124.5,0.43,0.928031027,18770,Sell,197400,189600,0.149778349,92.15,94.26,94.12,93.6,92.25456539
INVH,8/6/24,Broker B,3488844.75,0.31,0.804176807,20470,Sell,330900,330900,0.096510004,33.02,33.65,33.58,33.12,33.02934989
WAT,8/6/24,Broker B,577985.25,0.53,0.874369264,18814,Buy,55200,55200,0.120968496,328.89,321.1,320.97,333.33,328.7940527
CTRA,8/6/24,Broker C,7670125,0.45,0.794653773,18957,Sell,419800,419800,0.166671461,24.94,25.54,25.39,25,24.91299493
MKC,8/6/24,Broker A,2814116.5,0.32,0.453034908,20013,Buy,173800,173800,0.13447315,76.4,75.4,75.48,77.03,76.31257706
CCL,8/6/24,Broker D,30730354,0.84,1.585720658,22498,Buy,2429500,2429500,0.198534228,18.53,17.84,17.96,18.43,18.42744136
WY,8/6/24,Broker C,3923671.75,0.41,0.926903367,17921,Sell,362500,362500,0.195975132,24.97,25.55,25.47,25.32,24.92333831
EXPE,8/6/24,Broker B,2731665,0.76,1.383257627,18899,Sell,220800,220800,0.1907723,145.73,150.43,150.3,149.75,145.8212014
SYF,8/6/24,Broker A,5665065,0.79,1.195883751,18361,Sell,474000,474000,0.148619494,46.92,48.53,48.33,47.11,47.07384004
IFF,8/6/24,Broker A,2113117.5,0.43,0.765907586,18594,Sell,138500,138500,0.162077113,71.74,72.88,72.92,72.3,71.85172697
NI,8/6/24,Broker A,5584637.5,0.29,0.636198223,17935,Buy,319500,280000,0.102620821,39.79,39.24,39.38,39.84,39.70490326
MAA,8/6/24,Broker A,1073008.875,0.33,0.744632661,18099,Sell,86900,86900,0.131960835,155.39,157.62,157.6,156.85,155.5219238
LDOS,8/6/24,Broker E,1774806.75,0.33,0.886574626,17724,Buy,110200,110200,0.180875873,143.05,140.65,140.78,144.17,142.9820692
HUBB,8/6/24,Broker A,752433.75,0.47,1.161202312,17637,Buy,73000,73000,0.118103337,341.86,334.9,335.08,348.16,341.7736206
DGX,8/6/24,Broker B,1434326.75,0.25,0.461955011,17963,Buy,103100,103100,0.07491544,166.34,164.03,164.21,167.67,166.2922681
WBD,8/6/24,Broker A,44823424,1.01,1.16329062,19642,Sell,3629100,3629100,0.155648454,7.75,8.11,8.03,7.94,7.801188893
LH,8/6/24,Broker D,818770,0.33,0.56757921,17756,Buy,43400,43400,0.070272253,219.19,216.3,216.31,221.58,219.1807022
MOH,8/6/24,Broker E,752848.375,0.42,0.305419803,16524,Buy,42800,42800,0.198045899,327.48,321.53,321.55,327.8,327.3838161
LII,8/6/24,Broker E,457593.5,0.48,1.069374204,19202,Buy,34400,34400,0.103057047,567.65,555.45,555.35,570.16,567.5699559
ESS,8/6/24,Broker A,526468.6875,0.42,0.903372884,17425,Buy,44800,44800,0.12790576,279.74,274.72,274.93,282.95,279.6662045
RF,8/6/24,Broker A,11484495,0.53,1.14174211,17285,Sell,928800,928800,0.095599266,18.65,19.23,19.05,19.04,18.7094437
TSN,8/6/24,Broker D,2524327,0.29,0.444923162,21653,Sell,179300,179300,0.138183707,60.3,61.15,61.12,60.52,60.38018125
BIIB,8/6/24,Broker B,1859786.375,0.44,0.701340735,17051,Buy,95700,95700,0.083549297,120.71,118.61,118.64,120.66,120.6543686
PODD,8/6/24,Broker E,913339.9375,0.47,1.104999661,16754,Buy,80900,80900,0.170191755,250.45,244.54,244.81,253.09,250.4257132
NTRS,8/6/24,Broker B,1545806.5,0.52,1.090333939,16920,Buy,126300,126300,0.193404912,90.1,88.15,88.07,91.5,90.09175856
PTC,8/6/24,Broker D,1066607.125,0.44,1.078693867,16800,Sell,88200,88200,0.14328821,139.34,142.27,142.11,140.6,139.3782306
CLX,8/6/24,Broker A,1512404.375,0.23,0.525460303,17079,Sell,77500,77500,0.147026249,138.84,139.96,140.02,139.79,138.9355823
GPN,8/6/24,Broker C,3507925.75,0.84,0.966453552,16589,Sell,343100,339100,0.176663178,67.33,69.66,69.72,67.69,67.3567678
WSM,8/6/24,Broker A,3767200.25,0.79,1.285576701,17028,Sell,318400,318400,0.100806275,134.79,138.87,138.85,135.41,134.8820278
NTAP,8/6/24,Broker A,2661723.75,0.59,1.255655408,16615,Buy,200700,180800,0.070532735,83.84,82.2,82.09,84.81,83.71379512
STLD,8/6/24,Broker A,2060822.125,0.57,1.085546494,17021,Buy,181100,181100,0.136042766,121.03,118.06,118.33,121.56,120.9360324
PKG,8/6/24,Broker E,1002152,0.39,0.758322477,16373,Buy,50600,50600,0.196376879,188.79,185.64,185.65,191.59,188.6448471
ULTA,8/6/24,Broker D,1273502.75,0.66,0.72329247,16568,Sell,66900,66900,0.103395527,358.17,366.45,366.46,363.37,358.1791943
FDS,8/6/24,Broker C,352102.2813,0.36,0.788227975,15673,Buy,26500,26500,0.084886744,430.86,423.72,423.8,435.29,430.8614279
DPZ,8/6/24,Broker A,719962.3125,0.39,0.976678789,16060,Sell,56600,56600,0.082602102,466.45,474.09,474.01,467.08,466.5653539
DECK,8/6/24,Broker A,3603507.5,0.77,0.957816899,15716,Buy,304800,304400,0.125079741,107.22,104.28,104.23,107.49,107.1014133
STX,8/6/24,Broker E,4192351,0.75,1.502993703,15652,Buy,395000,395000,0.15353518,77.18,74.65,74.73,77.83,77.07530843
SNA,8/6/24,Broker A,519470.875,0.45,0.87209785,15288,Buy,48900,48900,0.180013046,311.44,305.57,305.55,314.75,311.3606056
DLTR,8/6/24,Broker A,6869030,0.79,0.797286034,17131,Buy,679800,679800,0.16771229,82.71,80.14,80.22,82.85,82.61669055
GPC,8/6/24,Broker E,1654921.25,0.42,0.686277211,15519,Buy,126000,126000,0.088562482,116.24,113.7,113.93,116.7,116.0894389
SMCI,8/6/24,Broker C,53867424,1.05,2.397611856,17514,Buy,3557000,3557000,0.165591221,31.97,30.91,30.87,32.44,31.99461196
COO,8/6/24,Broker B,2442022.25,0.45,0.941235423,15739,Buy,193400,193400,0.150550821,80.92,79.19,79.29,80.9,80.88828405
EVRG,8/6/24,Broker B,2780009.25,0.23,0.49877277,15381,Buy,213200,213200,0.079369235,69.09,68.35,68.24,69.75,69.00044543
ROL,8/6/24,Broker A,2293436.25,0.33,0.708591282,26548,Sell,217600,217600,0.164638869,54.81,55.82,55.64,55.63,54.87994036
LNT,8/6/24,Broker D,2183584.75,0.26,0.496919721,15230,Buy,204700,204700,0.140692919,61.78,60.92,60.95,61.92,61.71251088
CFG,8/6/24,Broker B,6193755.5,0.62,1.265007377,15077,Buy,558800,546100,0.144267885,36.4,35.3,35.44,37.15,36.34859779
PFG,8/6/24,Broker E,1607446.125,0.57,0.982086778,15807,Sell,81800,81800,0.125675697,70.21,71.8,71.79,70.65,70.26496993
L,8/6/24,Broker E,910343.9375,0.39,0.612332523,17530,Sell,83800,76300,0.152014169,83.2,85.11,84.89,83.74,83.25921198
EG,8/6/24,Broker B,415288.5313,0.35,0.552587211,16384,Sell,34600,34600,0.114893754,343.11,349.26,349.18,346.77,343.14751
EXPD,8/6/24,Broker E,1753609.625,0.44,0.754186869,14436,Buy,112500,112500,0.075687476,108.16,105.96,106.06,108.03,108.0292278
FFIV,8/6/24,Broker B,576744.125,0.48,0.925122261,14459,Buy,42400,35900,0.118756515,263.49,258.22,258.37,263.66,263.4278487
JBL,8/6/24,Broker D,1724661.25,0.67,1.366136074,13928,Sell,86300,86300,0.126068831,131.47,134.73,134.5,133.8,131.5226069
BAX,8/6/24,Broker B,5027440,0.56,0.750824749,14639,Buy,401100,401100,0.158814788,29.4,28.81,28.71,29.69,29.38456241
LYB,8/6/24,Broker A,4547265,0.69,0.844999075,18176,Buy,272900,272900,0.144632084,58.26,56.95,56.95,58.52,58.10785556
LUV,8/6/24,Broker C,16223484,0.81,0.978310943,13797,Buy,1014600,1014600,0.17852181,25.5,24.72,24.79,25.87,25.43593834
WST,8/6/24,Broker A,972558.875,0.44,0.812731206,14884,Buy,49700,49700,0.152021665,209.51,206.31,206.43,212.33,209.4008107
ON,8/6/24,Broker A,10593790,0.95,1.216935754,14662,Sell,665200,665200,0.124532457,33.77,34.86,34.83,34.79,33.87280966
OMC,8/6/24,Broker A,4378209.5,0.49,0.86769712,14065,Buy,341600,341600,0.170209848,74.33,72.83,72.93,75.27,74.23829848
J,8/6/24,Broker C,987790.3125,0.37,0.765809715,14176,Sell,61300,61300,0.093126527,116.01,117.97,117.88,117.1,115.959331
TRMB,8/6/24,Broker D,1833999.625,0.59,1.16162169,13818,Sell,181800,181800,0.167032685,56.12,57.71,57.62,57.27,56.17943344
KEY,8/6/24,Broker A,18568466,0.59,1.350797296,15110,Sell,1230500,1057300,0.190159067,13.9,14.21,14.18,14.14,14.05773437
BALL,8/6/24,Broker C,2751362.5,0.35,0.72291398,13357,Buy,253000,253000,0.086606017,48.34,47.4,47.51,48.45,48.33693784
KIM,8/6/24,Broker C,6303217,0.41,0.923541188,13651,Buy,391700,391700,0.067988781,20.76,20.45,20.41,20.75,20.74220547
AVY,8/6/24,Broker C,860455.75,0.33,0.759776711,13348,Buy,45700,45700,0.179634889,172.28,169.85,169.93,173.38,172.2870954
FSLR,8/6/24,Broker E,3386447.75,0.58,0.734085619,13132,Buy,184500,184500,0.141392798,129.53,126.51,126.65,131.98,129.4379539
AMCR,8/6/24,Broker E,34436428,0.35,0.618396103,13456,Sell,3467200,3261400,0.140451292,8.98,9.39,9.16,9.15,9.031880066
BLDR,8/6/24,Broker B,1751718.125,0.58,1.242862463,12976,Buy,135000,112500,0.177698295,118.08,115.38,115.42,119.84,118.0539149
PNR,8/6/24,Broker D,1924131,0.49,1.106546164,13026,Buy,125300,125300,0.143551067,81.8,80.19,80.24,81.87,81.77735993
GEN,8/6/24,Broker B,4726144.5,0.47,1.009418488,14520,Buy,443600,443600,0.133761481,24.77,24.29,24.23,24.99,24.68625991
TPR,8/6/24,Broker A,7014728.5,0.63,1.042785764,13079,Sell,635900,635900,0.17963227,61.72,63.28,63.3,62.05,61.85240466
DOC,8/6/24,Broker D,5513162,0.29,0.821606755,12889,Buy,423100,423100,0.099199529,19.14,18.74,18.88,19.15,19.06310907
MAS,8/6/24,Broker A,2461541.5,0.48,1.01499474,12710,Buy,157000,157000,0.156061181,62.25,61.07,61.18,62.46,62.20408191
CF,8/6/24,Broker A,2908823.75,0.38,0.506944835,12507,Sell,259100,259100,0.147837686,74.82,75.97,76.07,75.19,74.93854292
HOLX,8/6/24,Broker E,3410084.75,0.3,0.439089477,12853,Sell,315200,315200,0.145815487,56.41,57.46,57.39,56.71,56.48390222
EL,8/6/24,Broker D,4540624.5,0.78,1.135743618,19565,Sell,428600,428600,0.094146333,52.86,54.52,54.59,54.25,52.89273071
WDC,8/6/24,Broker A,9308912,0.9,1.804587364,12508,Buy,488200,488200,0.159863361,37.33,36.28,36.34,37.42,37.27107998
JKHY,8/6/24,Broker D,710372.875,0.38,0.583922863,12299,Sell,66400,66400,0.08827483,169.23,172.4,172.37,169.76,169.3324871
IEX,8/6/24,Broker D,721935.25,0.4,0.921658635,12137,Buy,52500,52000,0.137712351,165.15,162.34,162.35,166.85,165.0637371
UDR,8/6/24,Broker B,2407958,0.43,0.85049963,13490,Buy,203100,172100,0.126971753,41.98,41.24,41.19,42.47,41.94692733
SJM,8/6/24,Broker C,1412505.25,0.28,0.436529636,12334,Buy,102800,102800,0.083427996,118.52,116.79,116.93,118.75,118.5163968
CAG,8/6/24,Broker E,6965156.5,0.29,0.338077486,12120,Sell,579200,579200,0.178452835,24.84,25.45,25.25,25.17,24.90912215
TXT,8/6/24,Broker E,1671518.375,0.52,1.009713173,11729,Buy,120000,120000,0.086184136,67.2,65.51,65.68,67.35,67.13649657
BBY,8/6/24,Broker B,4805700,0.84,0.958788991,13128,Sell,446900,446900,0.157524748,60.02,62.29,62.15,61.42,60.03557481
ALGN,8/6/24,Broker E,1371862,0.57,1.381431937,12608,Buy,78500,78500,0.122291085,176.32,172.24,172.38,178.21,176.2062429
ARE,8/6/24,Broker E,1681613.75,0.47,1.095249534,13100,Sell,145500,145500,0.136920111,75.01,76.79,76.76,75.28,75.08955746
CPT,8/6/24,Broker C,1145793,0.35,0.813532531,12056,Buy,75500,75500,0.156274667,113.83,112.22,112.08,114.04,113.8484396
APTV,8/6/24,Broker B,4253347.5,0.62,0.834469736,11699,Buy,364900,364900,0.104799819,53.09,51.82,51.71,53.75,53.07381434
REG,8/6/24,Broker B,1255055.125,0.33,0.702210128,13247,Sell,90600,90600,0.169743726,70.75,72.01,71.89,71.76,70.75943991
ZBRA,8/6/24,Broker B,718495.125,0.81,1.371357441,11356,Buy,38300,38300,0.135710657,230.94,224.61,224.74,232.91,230.8761342
POOL,8/6/24,Broker D,454624.6875,0.43,0.911036551,11186,Sell,35900,32900,0.150819543,297.6,303.45,303.14,299.72,297.6803414
TER,8/6/24,Broker C,4338915.5,0.96,1.628202081,11277,Buy,315100,315100,0.101551269,73.08,70.52,70.66,73.88,73.0567312
JNPR,8/6/24,Broker E,3132681.5,0.19,0.634801924,11379,Buy,264500,264500,0.135525021,34.58,34.29,34.16,34.66,34.45131767
LVS,8/6/24,Broker B,6501377.5,0.57,0.823726475,23008,Buy,385300,385300,0.091784982,33.72,32.86,32.99,34.22,33.64349812
RVTY,8/6/24,Broker A,1219324.5,0.55,0.797572315,10786,Sell,113800,113800,0.19262191,88.93,91.23,90.99,89.92,89.01685598
AKAM,8/6/24,Broker B,2377838.5,0.52,0.784386694,10509,Sell,171500,144200,0.162021183,71.34,73.01,72.86,71.55,71.32096373
ALLE,8/6/24,Broker D,1194745.875,0.34,0.85759753,10607,Buy,61200,61200,0.168997021,127.2,125.28,125.51,128.41,127.1540168
LKQ,8/6/24,Broker C,2848942.25,0.37,0.666749001,10655,Buy,172500,172500,0.073634549,42.57,41.92,41.91,43.16,42.56839686
CHRW,8/6/24,Broker C,1592970,0.4,0.668679476,10554,Buy,95000,95000,0.166581755,92.12,90.41,90.61,92.98,92.11930361
PNW,8/6/24,Broker E,1304774.75,0.23,0.468580067,11116,Buy,119600,119600,0.110684119,95.61,94.19,94.27,96.49,95.56111534
BG,8/6/24,Broker D,1928443.25,0.39,0.430640489,10557,Sell,126000,126000,0.112069567,77.36,78.96,78.64,77.81,77.4522107
FOXA,8/6/24,Broker D,4894352,0.5,0.622418344,20638,Buy,426400,426400,0.170709974,49.37,48.32,48.31,49.44,49.34067344
JBHT,8/6/24,Broker E,1416926.375,0.6,0.961994886,12713,Buy,122600,122600,0.116281178,130.87,127.32,127.41,133.47,130.7305831
UHS,8/6/24,Broker E,936496.0625,0.52,0.833979607,10240,Sell,78800,78800,0.114088521,171.49,175.68,175.76,174.84,171.5832177
ERIE,8/6/24,Broker E,135175.3594,0.4,0.544575632,20663,Sell,10000,10000,0.158806013,399.93,408,407.85,407.8,400.0166516
PAYC,8/6/24,Broker B,727074.8125,0.56,0.874895334,11929,Buy,53600,53600,0.165343518,221.01,215.79,215.93,222.97,220.9604836
GL,8/6/24,Broker D,742776.5625,0.45,0.797355115,9754,Buy,58900,58900,0.126604312,123.42,121,121.05,125.34,123.3728477
TAP,8/6/24,Broker A,2594431.25,0.27,0.463173449,11908,Buy,176300,176300,0.173642623,59.4,58.7,58.76,59.88,59.34876813
KMX,8/6/24,Broker D,3893916.5,0.76,0.924367547,9517,Sell,204200,204200,0.184484493,62.4,64.19,64.01,63.26,62.41401778
TKO,8/6/24,Broker C,2176504.5,0.48,0.791934609,28227,Buy,197800,197800,0.124690905,153.02,149.39,149.72,154.5,152.9699107
NDSN,8/6/24,Broker B,408402.3438,0.53,1.068100691,10080,Sell,23800,23800,0.164050377,175.89,179.69,179.64,177.22,175.9023588
NWSA,8/6/24,Broker A,4041857,0.41,0.929095805,15160,Buy,318600,318600,0.124458586,26.27,25.72,25.84,26.4,26.24430559
AIZ,8/6/24,Broker D,495442.1563,0.43,0.737580895,9353,Sell,47200,47200,0.187991336,184.47,188.46,188.27,185.77,184.5453634
HST,8/6/24,Broker D,11824158,0.56,1.002946138,9439,Buy,644000,613200,0.095247604,13.99,13.56,13.72,14.13,13.9261228
INCY,8/6/24,Broker B,2254369,0.47,0.670278668,10992,Sell,211600,198500,0.106052263,56.67,58.23,57.94,57.07,56.72128716
BXP,8/6/24,Broker A,1637994.625,0.49,1.16145134,9899,Buy,161900,161900,0.127313003,64.84,63.26,63.5,65.68,64.73168642
SOLV,8/6/24,Broker B,1395912.125,0.51,1.5,11062,Buy,99300,99300,0.173087696,67.49,66,66.06,68.8,67.48544166
VTRS,8/6/24,Broker E,15793166,0.48,0.810708165,9036,Sell,1597500,1391700,0.176577759,7.29,7.63,7.46,7.41,7.395954582
SWKS,8/6/24,Broker A,4347467,0.93,1.274859548,8720,Sell,218900,218900,0.073614668,55.48,56.95,57.05,55.59,55.58034027
IPG,8/6/24,Broker E,8651978,0.5,0.892075121,8757,Buy,639000,639000,0.196217516,24.5,23.77,23.96,24.82,24.41220161
HRL,8/6/24,Broker B,3378499.75,0.26,0.42143631,16717,Buy,296500,251300,0.071064832,30.88,30.47,30.47,31.1,30.86555622
EMN,8/6/24,Broker E,1493853.5,0.57,1.016051292,8883,Buy,100200,100200,0.106590376,78.95,77.06,77.09,79.49,78.83720032
SWK,8/6/24,Broker C,2905021.75,0.8,1.096431136,8711,Buy,233200,223500,0.123798669,58.95,57.16,57.2,59.49,58.95465546
MOS,8/6/24,Broker C,5865110.5,0.52,0.943756461,8629,Sell,437200,437200,0.069528918,26.82,27.73,27.42,27.4,26.87498837
DAY,8/6/24,Broker D,2080966.125,0.61,1.275922179,8282,Sell,128400,128400,0.059981312,52.5,53.65,53.71,52.65,52.52737045
HII,8/6/24,Broker E,780269.9375,0.46,1.021251202,8548,Buy,68000,60900,0.157812466,226.41,221.54,221.59,227.76,226.3324367
MKTX,8/6/24,Broker C,684962.75,0.29,0.569458306,8374,Sell,37800,37800,0.153663177,222.97,225.94,225.84,224.18,222.9719147
MRNA,8/6/24,Broker D,9824392,0.7,1.143159986,9716,Buy,743000,743000,0.070958214,26.07,25.34,25.39,26.5,26.01502303
EPAM,8/6/24,Broker D,775269.125,0.59,1.141998291,8339,Sell,49200,49200,0.120499169,142.64,146.01,145.88,144.24,142.6612879
RL,8/6/24,Broker D,1348353,0.81,1.060222864,12602,Sell,72200,72200,0.180059398,199.24,204.72,204.7,201.78,199.3032874
HSIC,8/6/24,Broker E,1568497.375,0.35,0.590051532,7728,Buy,168400,145900,0.158713835,65.49,64.22,64.26,65.59,65.32572338
WBA,8/6/24,Broker B,19665150,0.15,0.587754667,9400,Buy,1003000,1003000,0.178687458,11.05,10.91,10.96,10.98,10.97446481
LW,8/6/24,Broker D,2839034,0.55,0.564399183,7269,Buy,159300,159300,0.173134511,54.14,53.15,53.07,54.16,54.12428677
TECH,8/6/24,Broker C,2193590.5,0.64,0.978624701,7511,Buy,157500,157500,0.16623317,48.96,47.77,47.76,49.55,48.91410945
AOS,8/6/24,Broker A,1550288.375,0.3,0.872556567,8857,Sell,126100,126100,0.167250843,61.8,62.78,62.61,62.34,61.90479858
CPB,8/6/24,Broker E,3745423,0.32,0.404911965,11203,Buy,240700,240700,0.167407158,38.29,37.69,37.69,38.52,38.19246917
MTCH,8/6/24,Broker B,5115680.5,0.44,0.591599047,7173,Buy,495300,495300,0.169828941,29.94,29.12,29.31,30.13,29.87731561
AES,8/6/24,Broker D,14259086,0.58,0.945910573,6977,Buy,1039300,1039300,0.164987371,10.35,10.2,10.12,10.39,10.32341797
FRT,8/6/24,Broker E,981473.5,0.43,0.80000782,7917,Sell,72800,72800,0.100431333,91.01,93.07,92.91,92.26,91.12068904
NCLH,8/6/24,Broker B,16253093,0.88,1.468388319,7114,Buy,1035300,1035300,0.07032932,17.26,16.67,16.74,17.39,17.20399501
ENPH,8/6/24,Broker B,3664565.5,0.72,1.072749496,6772,Buy,345800,345800,0.192414228,53.74,52.07,52.13,54.1,53.69640099
HAS,8/6/24,Broker B,2073502.25,0.59,0.878377974,7210,Sell,141600,141600,0.095782586,50.97,52.16,52.21,51.52,51.01333274
WYNN,8/6/24,Broker E,2804277.75,0.64,0.920791984,7958,Buy,171600,171600,0.151919875,77.64,75.77,75.72,78.78,77.56257694
GNRC,8/6/24,Broker D,931832.75,0.64,1.488258839,6354,Sell,77200,77200,0.136670126,107.07,110,109.93,108.35,107.116255
PARA,8/6/24,Broker C,9434556,0.34,0.801711023,7689,Buy,869300,869300,0.151526242,11.05,10.93,10.86,11.18,11.0566354
MGM,8/6/24,Broker B,6752680,0.67,1.398429513,8183,Buy,452700,452700,0.136140514,29.95,29.11,29.19,29.95,29.87826761
ALB,8/6/24,Broker C,3355922.75,0.93,1.281180859,6238,Sell,182500,182500,0.118642073,51.65,53.21,53.26,52.12,51.64150017
DVA,8/6/24,Broker D,909545.5,0.38,0.739418805,10680,Sell,48700,48700,0.173319269,138.24,140.45,140.33,138.57,138.2567386
APA,8/6/24,Broker E,9381971,1.05,0.943391263,5606,Buy,838000,786500,0.178352242,16.44,15.68,15.81,16.65,16.40032278
FOX,8/6/24,Broker B,1367305.625,0.52,0.653857589,20638,Sell,112400,112400,0.150021025,43.76,44.83,44.8,44.3,43.82844302
IVZ,8/6/24,Broker C,6818165,0.68,1.153514981,5575,Sell,610600,610600,0.117371793,12.27,12.69,12.63,12.42,12.3078924
BEN,8/6/24,Broker C,5018205,0.5,0.993404508,9116,Sell,383700,383700,0.135276566,17.09,17.55,17.46,17.09,17.07057006
CRL,8/6/24,Broker A,1923912.25,1.15,0.819497168,5043,Buy,183800,183800,0.182632988,108.22,103.91,103.93,109.68,108.1078462
CZR,8/6/24,Broker C,6304107,0.76,1.529064894,5300,Buy,403400,403400,0.155974724,26.37,25.54,25.66,26.77,26.35910145
MHK,8/6/24,Broker D,818728.5,0.53,1.147715569,6250,Buy,42200,42200,0.160308929,103.78,101.75,101.85,105.4,103.7360821
NWS,8/6/24,Broker A,946888.9375,0.42,0.94787389,15160,Sell,86300,85900,0.141710481,29.33,29.84,29.87,29.77,29.42948449
AAPL,8/6/24,Broker E,72106864,0.68,1.041596293,2901664,Buy,4747300,4747300,0.093930396,199.13,193.8,193.88,203.06,199.0372287
MSFT,8/6/24,Broker A,26193634,0.4,0.991805494,2669692,Buy,1511600,1511600,0.079072885,369.81,364.48,364.55,371.46,369.7462251
NVDA,8/6/24,Broker B,323825056,0.81,1.904370189,2364604,Buy,20672800,20672800,0.092766576,102.38,99.44,99.46,105.19,102.3827085
AMZN,8/6/24,Broker B,56974192,0.58,1.184175968,1775661,Sell,5040600,5040600,0.099079258,165,169.6,169.35,166.24,165.0545861
META,8/6/24,Broker B,20542520,0.67,1.181922793,1223500,Buy,1341700,1341700,0.137158273,506.46,493.5,493.75,508.16,506.4203404
GOOGL,8/6/24,Broker C,38393644,0.46,0.987897754,1813077,Sell,3018800,3018800,0.11984968,145.79,148.95,148.81,146.5,145.8292562
AVGO,8/6/24,Broker E,37874508,0.79,1.959495664,781511,Sell,3785600,3785600,0.172950533,161.98,168,167.79,167.68,162.0184035
GOOG,8/6/24,Broker C,24951546,0.46,0.98287636,1813077,Sell,2486100,2486100,0.129806576,147.72,151.06,151.05,149.29,147.7141162
TSLA,8/6/24,Broker E,140806080,1.03,1.58415544,731758,Buy,10505300,10505300,0.135679651,241.13,232.21,232.3,247.73,241.1124108
LLY,8/6/24,Broker B,3938780.25,0.57,0.776895583,775474,Buy,398100,381500,0.173978858,866.21,843.91,844.12,882.54,866.1766944
JPM,8/6/24,Broker E,14446872,0.49,1.117400289,637278,Buy,796800,796800,0.140194566,236.7,231.81,231.99,239.51,236.5161371
V,8/6/24,Broker E,7732261.5,0.41,0.824475527,643335,Buy,422700,422700,0.100449453,335.07,329.15,329.17,335.84,334.9903086
XOM,8/6/24,Broker D,19817686,0.42,0.607271492,455670,Sell,1025500,1025500,0.053716805,103.88,105.63,105.56,105.16,103.8467439
COST,8/6/24,Broker E,2917253,0.35,0.817268252,424947,Sell,183600,183600,0.089110371,980.13,996.99,996.89,980.55,980.2686864
MA,8/6/24,Broker D,3392971.25,0.4,0.856543481,463128,Buy,295000,295000,0.142611955,527.48,517.65,517.92,536.8,527.4155354
UNH,8/6/24,Broker A,6109557,0.85,0.466492683,387145,Buy,388500,388500,0.131771246,466.14,453.5,453.49,474.61,466.0453374
NFLX,8/6/24,Broker C,5633900.5,0.49,1.128229022,420426,Sell,429000,429000,0.079206679,997.46,1019,1018.92,1006.33,997.4818461
WMT,8/6/24,Broker A,27689224,0.42,0.781679511,740837,Sell,1895800,1895800,0.096228909,92.52,94.08,94.03,92.8,92.64024559
PG,8/6/24,Broker A,9135826,0.29,0.483530194,388659,Buy,725500,725500,0.145136809,172.17,169.95,170.06,172.62,172.0793673
JNJ,8/6/24,Broker D,10849724,0.33,0.518104196,378153,Buy,636200,636200,0.067933712,160.63,158.23,158.44,161.61,160.6068281
HD,8/6/24,Broker B,4276120,0.36,0.904466271,344794,Buy,397100,397100,0.144550618,361,354.36,354.47,363.23,360.9360921
ABBV,8/6/24,Broker D,8754635,0.36,0.487410396,301009,Sell,786600,786600,0.132656961,171,174.17,174,171.05,170.9944673
KO,8/6/24,Broker B,20127234,0.24,0.439482689,313171,Buy,1832600,1531500,0.130212255,74.49,73.47,73.55,75.14,74.43789537
PM,8/6/24,Broker D,7038256,0.31,0.448695272,252431,Buy,703500,703500,0.187657863,166.77,164.05,164.15,167.84,166.7024514
BAC,8/6/24,Broker A,58030748,0.54,1.156621456,280695,Buy,4460200,4460200,0.082975885,38.16,37.28,37.39,38.63,38.0143394
CRM,8/6/24,Broker C,7202936.5,0.47,1.214108348,227046,Buy,360500,360500,0.093474695,246.83,242.48,242.55,248.89,246.8341745
CVX,8/6/24,Broker B,11178586,0.49,0.715148687,233589,Buy,1101100,1101100,0.187339239,139.56,136.29,136.35,140.32,139.518895
ABT,8/6/24,Broker A,8016111.5,0.3,0.586934447,225271,Sell,774400,774400,0.133143316,130.02,131.96,131.85,130.97,130.139928
MCD,8/6/24,Broker D,4345218,0.28,0.59120661,220757,Sell,412800,412800,0.154703018,306.84,311.28,311.35,307.33,306.9045016
CSCO,8/6/24,Broker B,26598580,0.43,0.881947041,216300,Sell,1880300,1755700,0.080907866,54.2,55.33,55.23,54.82,54.26526432
IBM,8/6/24,Broker C,5153453.5,0.39,0.758216262,219038,Sell,468900,468900,0.157689771,236.13,240.81,240.68,239.89,236.1631578
LIN,8/6/24,Broker B,2600478.25,0.37,0.727685034,209902,Buy,182700,182700,0.170095636,460.13,452.47,452.39,465.7,460.0777428
WFC,8/6/24,Broker D,20418954,0.5,0.994544625,209003,Buy,1461200,1461200,0.077010445,66.49,65.16,65.16,67.71,66.49623588
ORCL,8/6/24,Broker A,12495883,0.58,1.279027343,344416,Sell,828500,828500,0.100408826,124.46,127.2,127.1,126.55,124.5884148
MRK,8/6/24,Broker A,18299742,0.35,0.553353965,195901,Buy,1773700,1773700,0.15358272,79.54,78.19,78.3,79.97,79.43886509
PEP,8/6/24,Broker E,7963296,0.27,0.47175014,194356,Sell,402900,402900,0.15074669,140.71,142.83,142.59,141.76,140.8462481
GE,8/6/24,Broker A,6722253,0.57,1.188797116,190224,Buy,538800,538800,0.199640528,184.73,180.79,180.75,185.6,184.6296126
T,8/6/24,Broker E,45441512,0.33,0.480280787,189002,Buy,3113200,3113200,0.159215136,27.72,27.28,27.27,27.71,27.65701535
PLTR,8/6/24,Broker C,110576536,0.91,2.046456575,212958,Sell,6802500,6802500,0.171987099,93.36,96.48,96.36,93.56,93.36120543
VZ,8/6/24,Broker E,29510090,0.34,0.553383589,184170,Buy,2790200,2790200,0.106547995,45.25,44.29,44.42,45.79,45.18809258
ACN,8/6/24,Broker E,4422696,0.44,0.80521059,175001,Sell,407300,407300,0.14713011,276.12,282.34,282.41,280.62,276.2123818
ISRG,8/6/24,Broker D,2817014.75,0.61,1.206331491,167787,Buy,279400,279400,0.187389096,491.56,478.9,478.76,497.25,491.4984329
RTX,8/6/24,Broker B,5422184.5,0.41,0.707878292,168382,Buy,527900,526800,0.153724304,131.51,128.73,128.86,131.54,131.436835
INTU,8/6/24,Broker B,1932800.125,0.43,1.002376318,159026,Buy,147200,147200,0.120448872,592.93,581.37,581.53,594.49,592.9013741
TMO,8/6/24,Broker D,2260051.5,0.45,0.859779418,159245,Sell,148300,148300,0.131339333,418.5,426.5,426.29,423.01,418.5198352
NOW,8/6/24,Broker B,2160465,0.62,1.252818584,156492,Buy,184600,184600,0.089040636,786.01,765.54,765.6,795.35,785.9526819
GS,8/6/24,Broker D,3531042.75,0.6,1.261187077,161610,Buy,179000,179000,0.048793804,519.99,509.27,509.42,521.32,519.9991068
UBER,8/6/24,Broker E,19155544,0.55,1.195605874,152495,Buy,1169000,1169000,0.128471022,77.31,75.44,75.59,78.28,77.21213336
PGR,8/6/24,Broker D,3972077.25,0.43,0.573527932,150903,Buy,201600,201600,0.173666944,269.48,264.97,265.21,272.51,269.4385239
DIS,8/6/24,Broker D,11873562,0.58,0.890657663,151854,Sell,733800,733800,0.126679914,83.34,85.23,85.19,84.79,83.37186145
ADBE,8/6/24,Broker D,4928740.5,0.59,1.125434399,146280,Buy,248000,248000,0.169487667,353.71,346.68,346.62,354.29,353.6682851
BKNG,8/6/24,Broker C,318188.8125,0.47,1.077503562,145622,Sell,17700,17700,0.073320969,4494.93,4578.81,4578.68,4518.67,4494.943722
QCOM,8/6/24,Broker E,9248309,0.67,1.497467756,150571,Buy,871200,775700,0.190064008,140.44,136.55,136.47,140.56,140.326897
AMGN,8/6/24,Broker B,3351891,0.33,0.565429389,147144,Buy,320500,320500,0.171764281,283.26,278.25,278.4,287.18,283.2147035
SPGI,8/6/24,Broker A,1517246.25,0.42,1.000825882,140911,Buy,82700,78400,0.166769344,466.64,460.22,460.02,472.03,466.4920254
TJX,8/6/24,Broker E,6671403,0.3,0.678406835,138498,Sell,499300,499300,0.074103686,125.53,127.53,127.57,125.74,125.6107877
AMD,8/6/24,Broker E,41816476,0.95,1.692152262,139004,Buy,2901300,2901300,0.10843982,89.08,86.14,86.07,91.63,88.9357453
CAT,8/6/24,Broker D,3281743.25,0.5,1.076455116,136086,Sell,262900,262900,0.100126468,284.82,291,291.01,287.64,284.8856323
BSX,8/6/24,Broker B,9649542,0.42,0.887817025,138411,Sell,927100,793100,0.094835948,93.33,95.18,95.21,94.96,93.42153055
AXP,8/6/24,Broker B,4197011.5,0.62,1.152603507,169900,Buy,376800,376800,0.092686598,256.94,250.26,250.16,261.43,256.9167988
NEE,8/6/24,Broker B,13180131,0.37,0.569819272,133149,Buy,709100,709100,0.127255239,67.19,66.06,66.16,67.71,67.15049477
TXN,8/6/24,Broker A,8989339,0.71,1.09406817,132493,Buy,664000,664000,0.178319699,150.41,146.74,146.67,151.97,150.3022313
MS,8/6/24,Broker C,9562043,0.6,1.288030863,170984,Buy,701500,701500,0.088087167,111.06,108.33,108.44,112.65,111.0231568
UNP,8/6/24,Broker C,3233668.5,0.38,0.845109522,129483,Sell,232300,232300,0.125411441,215.25,218.98,218.99,216.5,215.2945573
GILD,8/6/24,Broker C,10361147,0.28,0.585657597,129908,Sell,796900,796900,0.098803405,103.55,105.23,105.01,104.06,103.5671336
SCHW,8/6/24,Broker C,12408055,0.45,1.128342867,139918,Sell,631500,631500,0.169057978,74.47,75.97,75.77,75.76,74.50222333
CMCSA,8/6/24,Broker E,28652040,0.38,0.723178506,127042,Buy,2524500,2524500,0.189762673,34.65,34.01,33.98,34.95,34.54975613
HON,8/6/24,Broker E,4912729.5,0.44,0.834966779,124940,Sell,435000,435000,0.148168237,191.37,195.8,195.67,194.87,191.4667978
BLK,8/6/24,Broker B,1083176.875,0.51,1.162742853,132389,Buy,89900,89900,0.077440896,889.82,870,869.93,897.29,889.7891828
TMUS,8/6/24,Broker E,4545863,0.35,0.688813746,288121,Buy,307000,301300,0.159357451,266.15,261.74,261.67,267.56,266.0453073
VRTX,8/6/24,Broker E,1611804.375,0.24,0.849466443,122761,Buy,124500,124500,0.122020967,497.64,490.83,490.82,498.76,497.5738477
PFE,8/6/24,Broker E,61340208,0.31,0.494620919,124999,Buy,4013600,4013600,0.161941896,22.53,22.17,22.18,22.61,22.44282455
LOW,8/6/24,Broker B,2954811.25,0.36,0.888534725,119089,Buy,212500,207200,0.074915398,221.94,218.17,218.29,223.61,221.9612087
BA,8/6/24,Broker E,10290827,0.72,1.262373209,119889,Sell,792900,792900,0.096318504,155.13,160,159.88,157.48,155.1670178
DHR,8/6/24,Broker B,4341055.5,0.51,0.908220112,132330,Buy,240100,240100,0.14901154,189.3,185.64,185.6,190.6,189.220212
ADP,8/6/24,Broker A,2150195,0.35,0.787215412,115897,Buy,130800,130800,0.184598757,296.98,293.24,293.13,298.32,296.9295056
SYK,8/6/24,Broker A,1907405.125,0.37,0.750790775,129618,Buy,146000,139200,0.078760418,350.75,345.64,345.63,352.52,350.5937699
C,8/6/24,Broker E,20884940,0.6,1.245760441,117993,Buy,1168700,1168700,0.100985448,64.67,63.14,63.18,65.23,64.55636831
FI,8/6/24,Broker B,3409129.25,0.43,0.87523675,116342,Buy,287900,287900,0.112669051,214.11,209.74,209.85,216.61,214.1055484
DE,8/6/24,Broker E,1539067.125,0.43,0.961758375,119846,Sell,148000,148000,0.103385224,441.87,451.86,451.91,445.06,441.9515593
COP,8/6/24,Broker E,10939566,0.67,0.772891283,110678,Buy,971900,878000,0.12203938,90.3,87.86,87.79,91.52,90.164493
AMAT,8/6/24,Broker D,8732342,0.7,1.516796589,110130,Buy,650400,590100,0.172853215,139.56,136.02,136.04,140.94,139.4931474
PANW,8/6/24,Broker B,5760672,0.58,1.216528773,105969,Buy,478700,478700,0.118240786,170.31,165.95,166.13,173.3,170.2644502
MMC,8/6/24,Broker D,2447921.75,0.33,0.590217888,104508,Sell,142300,142300,0.104534873,216.13,219.32,219.14,217.14,216.1486502
CB,8/6/24,Broker B,2063046.375,0.31,0.533117235,112104,Sell,153200,148600,0.100689407,281.56,285.91,285.89,283.76,281.6028658
ETN,8/6/24,Broker C,3941023.75,0.6,1.268835664,101652,Buy,374700,335800,0.100332507,271.33,264.46,264.58,276.99,271.3290446
MDT,8/6/24,Broker A,8498045,0.29,0.682784915,104912,Buy,673400,673400,0.103170096,84.02,82.89,82.99,84.87,83.93414559
AMT,8/6/24,Broker B,3553526.5,0.31,0.532872975,102045,Buy,208900,208900,0.087999451,226.99,223.55,223.82,227.36,226.9477519
SO,8/6/24,Broker D,5008373,0.23,0.426127642,99270,Buy,352200,296000,0.05951847,92.69,91.71,91.73,93.19,92.69052557
BMY,8/6/24,Broker C,13893362,0.33,0.433606565,99581,Buy,1462500,1329000,0.143057465,50.69,49.67,49.84,51.03,50.7017164
MO,8/6/24,Broker C,12420729,0.23,0.458243698,97184,Sell,988200,875600,0.096165745,57.56,58.45,58.24,57.65,57.57631333
ELV,8/6/24,Broker E,1897402.5,0.34,0.451055408,92069,Buy,173400,173400,0.153643148,430.44,422.45,422.59,436.9,430.2800857
LMT,8/6/24,Broker B,1811621.75,0.34,0.528686762,107512,Sell,120500,120500,0.073098272,455.85,463.23,463.16,461.89,455.9204012
BX,8/6/24,Broker D,6410232,0.74,1.327261329,147576,Buy,386300,386300,0.105067155,131,127.67,127.69,133.03,130.9768187
PLD,8/6/24,Broker B,6284098,0.54,1.035050511,93652,Buy,373900,341200,0.085183985,103.28,101,101.19,105,103.2484504
CME,8/6/24,Broker B,3201366.75,0.23,0.449448019,93818,Sell,193300,193300,0.174213917,261.24,264.38,264.29,262.79,261.3384187
DUK,8/6/24,Broker B,4900300,0.24,0.36730212,93375,Buy,281400,281400,0.199890661,123.39,121.95,121.96,123.67,123.3313323
SBUX,8/6/24,Broker C,11626514,0.59,1.146592379,91644,Buy,1050700,1050700,0.12336784,83.06,80.82,80.98,84.19,83.03480187
CRWD,8/6/24,Broker C,4596504.5,0.73,1.664388299,89901,Buy,308100,308100,0.147549705,382.25,372.09,372.14,382.63,382.1868564
ICE,8/6/24,Broker D,4024815.75,0.28,0.815884113,89064,Buy,393300,393300,0.112811366,160.29,157.82,157.98,160.92,160.2465814
CI,8/6/24,Broker D,1856092.125,0.26,0.510866761,88048,Sell,96600,96600,0.15777025,328.15,331.87,331.79,331.21,328.1742224
WELL,8/6/24,Broker C,3609059,0.31,0.67238766,93593,Sell,294800,294800,0.174275074,145.05,147.27,147.31,145.58,145.1059872
GEV,8/6/24,Broker B,4296794.5,0.8,1.5,85579,Buy,272100,272100,0.09006048,334.47,324.93,325.04,340.16,334.4768224
ADI,8/6/24,Broker E,4588623,0.77,1.321415544,86791,Buy,248700,248700,0.070958616,180.56,175.47,175.69,183.99,180.4998826
MCK,8/6/24,Broker D,1129723.5,0.27,0.501902699,85534,Sell,89900,89900,0.181501537,693.63,703.03,702.91,694.48,693.6672424
MDLZ,8/6/24,Broker A,10405951,0.27,0.409132928,87785,Sell,621800,621800,0.180829822,67.19,67.87,67.9,67.66,67.2332949
CVS,8/6/24,Broker E,10635882,0.33,0.764965117,82270,Buy,665600,665600,0.151974442,68.62,67.45,67.53,69.07,68.51774504
WM,8/6/24,Broker B,1838091.625,0.25,0.538219333,91559,Buy,155900,155900,0.08742731,234.53,231.23,231.36,237.15,234.4697035
KLAC,8/6/24,Broker A,1346563.125,0.74,1.578629613,82496,Buy,123600,123600,0.158997057,645.26,627.21,627.3,646.39,645.1922103
AJG,8/6/24,Broker D,1667881.125,0.34,0.612837076,81682,Buy,146800,146800,0.092950181,334.52,329.04,329.14,335.11,334.4813007
INTC,8/6/24,Broker A,111931832,0.93,1.574641943,82154,Buy,9632500,9632500,0.198351082,19.95,18.99,19.3,20.01,19.85129769
LRCX,8/6/24,Broker D,13776550,0.81,1.61843729,80088,Buy,1299400,1299400,0.15173751,64.82,62.67,62.77,64.85,64.72439831
ORLY,8/6/24,Broker B,458705.9688,0.3,0.512424648,78334,Buy,29500,29500,0.124831411,1416.84,1396.81,1396.93,1420.99,1416.791034
AON,8/6/24,Broker A,1403522.25,0.28,0.581544459,76886,Sell,85500,74700,0.176133808,362.14,365.75,365.88,362.47,362.2270679
APH,8/6/24,Broker E,9046439,0.54,1.336825252,77057,Buy,717000,717000,0.162490594,66.4,64.75,64.81,67.69,66.33128926
CL,8/6/24,Broker E,5917938,0.3,0.457846314,76810,Buy,490700,490700,0.080057688,97.93,96.23,96.34,98.51,97.82566847
SHW,8/6/24,Broker B,2088853.375,0.36,0.941084564,81062,Sell,124200,124200,0.107322595,326.69,331.87,331.95,328.27,326.7284102
EQIX,8/6/24,Broker A,787754.5625,0.39,0.928478122,75633,Sell,88900,74200,0.157335363,771,784.52,784.44,781.67,771.1120541
MU,8/6/24,Broker C,28983996,1.04,1.875524879,74587,Buy,1795800,1795800,0.191154455,70.42,68,68.07,71.24,70.41590696
TDG,8/6/24,Broker B,314887.9063,0.42,0.995311379,73277,Buy,26500,26500,0.169863488,1366.64,1340.06,1339.92,1378.78,1366.5438
TT,8/6/24,Broker D,1656028.125,0.45,1.197039723,72305,Buy,159100,159100,0.089155668,339,332,332.05,344.26,339.001461
ANET,8/6/24,Broker E,11877461,0.7,1.682001829,84968,Buy,1185100,1185100,0.129727782,71.68,69.3,69.47,72.93,71.58402277
NOC,8/6/24,Broker C,1115825.375,0.32,0.599564493,76585,Sell,91000,91000,0.145179763,531.49,540,539.96,533.14,531.5273317
PH,8/6/24,Broker A,1032480.313,0.68,1.207091451,70472,Buy,101700,101700,0.124430716,571.45,556.14,556.17,582.03,571.3437513
WMB,8/6/24,Broker C,8275608.5,0.39,0.808866858,68896,Buy,658000,658000,0.099210599,59.41,58.37,58.36,59.59,59.42799648
CDNS,8/6/24,Broker A,2427913.5,0.57,1.3736552,69006,Sell,163900,163900,0.170002592,251.76,257.16,257.06,253.84,251.8076333
MMM,8/6/24,Broker C,4530638,0.51,1.006646872,68003,Buy,233200,233200,0.138903037,132.35,129.84,129.89,134.09,132.3322955
CTAS,8/6/24,Broker E,2318209.75,0.41,0.948155165,80923,Sell,174500,174500,0.161150347,200.62,204.6,204.69,200.75,200.6142394
UPS,8/6/24,Broker C,6512738.5,0.48,0.871397614,81575,Buy,642500,642500,0.199377429,98.64,96.34,96.45,99.93,98.64108545
MSI,8/6/24,Broker B,948396.125,0.34,0.9049986,68847,Buy,72300,72300,0.160879581,425.46,418.33,418.54,427.62,425.4493063
GD,8/6/24,Broker E,1655810.125,0.36,0.714203775,73317,Sell,101900,101900,0.104094523,271.6,276.26,276.3,276,271.6862687
KKR,8/6/24,Broker E,7550706.5,0.9,1.628254652,87004,Sell,486900,486900,0.136211993,98.55,102.03,101.9,100.29,98.64677022
ZTS,8/6/24,Broker A,2779203.75,0.37,0.767200053,65522,Buy,224900,191000,0.122700086,150.97,148.67,148.82,152.3,150.8972303
NKE,8/6/24,Broker D,25678442,0.71,0.788271487,82833,Sell,1966800,1663200,0.114916611,54.77,56.36,56.22,55.04,54.84788027
MCO,8/6/24,Broker A,1041817.375,0.52,1.158737779,74348,Sell,54500,54500,0.110530493,415.96,423.27,423.29,420.74,416.0798275
CMG,8/6/24,Broker E,14388523,0.46,0.869820356,63064,Buy,1096600,1096600,0.151199067,49.11,47.84,48.07,49.56,48.99562008
CEG,8/6/24,Broker D,4398039.5,0.83,1.476271391,60695,Sell,317900,317900,0.177059604,198.79,204.87,204.98,201.53,198.8297033
SNPS,8/6/24,Broker C,1463162.375,0.54,1.399227858,62213,Sell,99800,99800,0.136993021,398.31,407.29,407.19,403.64,398.3377906
NEM,8/6/24,Broker C,13934138,0.49,1.032853365,62236,Buy,1189900,1189900,0.161109789,58.34,57.16,57.09,58.98,58.39714286
EOG,8/6/24,Broker A,4546741,0.56,0.80652982,60179,Sell,304600,304600,0.169043099,106.95,109.32,109.16,109.1,107.0703585
COF,8/6/24,Broker C,5593778,0.71,1.180324078,63005,Sell,500100,500100,0.0839717,166.39,171.37,171.43,167.19,166.3448624
ITW,8/6/24,Broker A,1335379.125,0.41,0.863521516,66773,Buy,117100,117100,0.190270763,233.91,229.84,229.92,234.19,233.7805968
DASH,8/6/24,Broker A,8294022.5,0.68,1.455383658,72765,Buy,514000,514000,0.061952949,184.29,180.11,180.14,186.66,184.1901249
FTNT,8/6/24,Broker C,5420590,0.6,1.176363707,71299,Buy,354200,354200,0.197103936,97.91,95.71,95.69,98.89,97.87880579
AZO,8/6/24,Broker C,164381.0938,0.3,0.586766005,59709,Buy,9300,9300,0.06879746,3666.53,3618.75,3618.97,3689.74,3666.495106
PYPL,8/6/24,Broker C,11983751,0.56,1.264015198,59636,Buy,678900,678900,0.127674861,62.36,60.96,61.08,63.51,62.39160221
PNC,8/6/24,Broker B,3215447.75,0.46,1.039765954,59414,Buy,320400,274600,0.142612951,155.26,151.98,152,157.17,155.2838269
ECL,8/6/24,Broker E,1645770.375,0.3,0.852666318,65664,Buy,106700,106700,0.163655677,241.91,238.27,238.27,242.05,241.7459552
HCA,8/6/24,Broker B,1648882.375,0.33,0.669401526,78197,Buy,144500,144500,0.107515277,340.7,334.93,335.02,341.09,340.6652805
ROP,8/6/24,Broker C,670314.9375,0.35,0.779269636,57910,Buy,38100,33600,0.181312223,563.32,555.34,555.46,569.76,563.3016778
USB,8/6/24,Broker E,15376011,0.5,1.192224503,58908,Buy,831500,831500,0.102927124,39.14,38.08,38.35,39.5,39.03305221
REGN,8/6/24,Broker B,1086888.625,0.39,0.743007243,61073,Buy,91800,91800,0.127700044,581.3,570.35,570.51,586.98,581.1782188
APD,8/6/24,Broker A,1285565.375,0.42,0.879582047,57305,Sell,91900,91900,0.183978793,258.54,262.9,262.84,260.29,258.5930752
TRV,8/6/24,Broker D,1616036.75,0.36,0.650661469,56549,Sell,127100,127100,0.087142517,254.22,258.39,258.46,257.65,254.235867
AEP,8/6/24,Broker B,5192580,0.26,0.428053766,56352,Buy,497500,497500,0.198646008,109.41,107.77,107.82,109.51,109.3612076
BDX,8/6/24,Broker B,2398220.25,0.32,0.611429393,56454,Sell,238800,238800,0.174332643,195.18,198.71,198.62,196.95,195.2505904
APO,8/6/24,Broker B,5210564.5,0.84,1.517835021,68247,Buy,454900,454900,0.157873331,129.29,125.12,125.09,129.81,129.1909548
EMR,8/6/24,Broker E,3611822,0.55,1.123367548,54371,Sell,271200,271200,0.113196151,96.07,98.54,98.47,97.1,96.16975029
ADSK,8/6/24,Broker D,1828719.625,0.43,1.176352382,54160,Sell,151800,151800,0.141410147,251.59,256.52,256.51,255.13,251.6187717
BK,8/6/24,Broker C,4807429.5,0.46,1.002221107,53159,Buy,254900,254900,0.142900273,77.11,75.73,75.77,77.48,77.10502779
OKE,8/6/24,Broker A,4399638.5,0.61,0.982543945,51107,Buy,330200,290400,0.126077456,87.66,85.73,85.81,88.46,87.56779882
CSX,8/6/24,Broker C,17247650,0.38,0.81662339,51585,Sell,947100,947100,0.094146242,27,27.54,27.43,27.24,26.97141241
AFL,8/6/24,Broker B,2209897.75,0.37,0.651851058,57294,Buy,196200,196200,0.111755134,109.49,107.52,107.5,109.85,109.3749283
KMI,8/6/24,Broker C,14069475,0.41,0.77816236,57307,Buy,1113700,1113700,0.137130086,27.65,27.01,27.14,27.97,27.70077904
CPRT,8/6/24,Broker C,5663842.5,0.31,1.003289819,56739,Buy,437200,437200,0.140907663,60.65,59.56,59.75,60.9,60.6295175
ALL,8/6/24,Broker E,2196536,0.42,0.638867438,49568,Buy,167700,167700,0.192438613,196.96,192.99,193.04,199.28,196.8651663
O,8/6/24,Broker A,6787345.5,0.28,0.546792388,51687,Buy,372500,372500,0.130042325,59.56,58.69,58.95,59.52,59.4689502
JCI,8/6/24,Broker D,4893669.5,0.52,1.112372398,49147,Sell,409600,357000,0.090706915,74.64,76.34,76.26,75.29,74.66649186
HLT,8/6/24,Broker C,3031887.5,0.45,0.915118396,49023,Buy,278700,278700,0.121955171,213.72,209.1,209.3,215.55,213.7392252
MAR,8/6/24,Broker A,2279838,0.52,1.014037013,59395,Buy,162600,153200,0.087447839,223.23,218.99,219.05,225.72,223.146039
HWM,8/6/24,Broker C,3149206.5,0.62,1.214276791,48321,Buy,302300,302300,0.117191218,126.54,122.99,123.18,126.74,126.503854
NSC,8/6/24,Broker B,1405256,0.42,0.922046959,49532,Buy,93300,93300,0.162864021,223.58,219.31,219.54,226.04,223.5622316
COR,8/6/24,Broker D,2001972.375,0.23,0.437819302,54464,Sell,129500,129500,0.179552563,286.21,289.33,289.33,287.32,286.2701671
RSG,8/6/24,Broker A,1455583.875,0.28,0.62843889,74483,Sell,132600,132600,0.11591033,239.6,242.65,242.69,241.2,239.7005068
SLB,8/6/24,Broker C,21908206,0.69,0.939860463,47078,Sell,1935400,1935400,0.147830442,33.49,34.72,34.48,33.92,33.50524952
ABNB,8/6/24,Broker B,6031917,0.64,1.223857641,71612,Sell,443200,387000,0.160241919,110.7,113.4,113.51,110.89,110.714697
CARR,8/6/24,Broker D,5284097.5,0.48,1.201488495,50267,Buy,433600,433600,0.098323428,60.85,59.48,59.61,61.88,60.77325865
AIG,8/6/24,Broker D,6132646.5,0.39,0.718751848,46340,Buy,602100,602100,0.162169437,82.7,81.18,81.17,83.81,82.64145736
DLR,8/6/24,Broker A,2638210.25,0.42,0.910633385,50244,Buy,167600,167600,0.101637654,152.7,150.26,150.35,153.51,152.6071097
RCL,8/6/24,Broker E,3211878.75,0.77,1.301109672,51454,Sell,367500,317500,0.162012776,186.31,193,192.85,187.46,186.3912721
EXC,8/6/24,Broker E,9899152,0.27,0.404019773,46671,Sell,946300,946300,0.173772144,46.64,47.48,47.4,46.94,46.78018658
KR,8/6/24,Broker B,8351748.5,0.33,0.378295392,47789,Sell,743200,659500,0.172240533,71.21,72.51,72.4,71.53,71.25310064
KMB,8/6/24,Broker C,2202193.5,0.27,0.478593826,46454,Buy,203200,203200,0.105080794,145.75,143.5,143.68,146,145.7507867
WDAY,8/6/24,Broker A,2488970.25,0.44,1.046601534,56951,Sell,186100,186100,0.071178795,215.17,218.91,218.96,217.09,215.2516199
FCX,8/6/24,Broker C,21833502,0.87,1.440998435,47352,Sell,2135400,1867600,0.191808259,32.24,33.3,33.37,32.45,32.25192182
TFC,8/6/24,Broker E,12838491,0.54,1.143862844,46093,Buy,1061100,1061100,0.135704187,36.64,35.66,35.75,37.21,36.55084701
FAST,8/6/24,Broker E,4317566.5,0.41,0.823430419,46056,Buy,369800,369800,0.185244508,83.13,81.45,81.44,84.33,83.06220586
PSA,8/6/24,Broker A,899280.375,0.35,0.74413836,50443,Buy,78500,78500,0.162734365,298.67,294.06,294.2,300.47,298.6168314
FICO,8/6/24,Broker E,192598.1719,0.51,1.182162404,44345,Buy,12300,11700,0.153027726,1937.83,1896.82,1896.93,1945.25,1937.709929
PAYX,8/6/24,Broker A,2656627.25,0.41,0.755127072,50567,Buy,180900,150900,0.108528409,146.75,144.51,144.63,148.48,146.6039741
PCAR,8/6/24,Broker C,3600774.75,0.46,0.874807894,45822,Buy,231100,231100,0.118746487,89.65,87.72,87.98,90.54,89.67464221
SPG,8/6/24,Broker B,2080938.375,0.52,1.014560699,48024,Sell,200200,200200,0.155817395,144.94,148.73,148.57,148.17,144.9632028
ROST,8/6/24,Broker D,3821738.5,0.38,0.791156411,44554,Buy,326900,326900,0.165274352,141.6,139.14,139.15,142.77,141.5857305
FDX,8/6/24,Broker A,2370554,0.6,0.871101379,49147,Buy,178700,178700,0.18118053,210.98,206.3,206.35,211.09,210.8476138
SRE,8/6/24,Broker E,5377201,0.39,0.737867653,45934,Buy,451400,451400,0.118670086,72.45,71.07,71.04,73.13,72.4083027
CCI,8/6/24,Broker E,4355920.5,0.42,0.537642241,44471,Sell,229600,229600,0.062218711,102.28,104.22,104.15,102.48,102.3493132
KVUE,8/6/24,Broker C,17303216,0.31,0.598850489,42729,Sell,1221200,1155600,0.079857889,23.17,23.38,23.51,23.37,23.24798665
AMP,8/6/24,Broker C,587742.8125,0.54,1.200113416,43226,Buy,50600,50600,0.148876299,472.62,461.71,461.7,481.27,472.6328156
D,8/6/24,Broker D,5696607,0.35,0.531895697,44366,Sell,424900,424900,0.089992999,52.27,53.16,53.11,52.35,52.32281574
GWW,8/6/24,Broker A,300362.875,0.31,0.898724616,47149,Buy,15500,15500,0.066610693,1009.17,998.03,998.15,1019.84,1009.039048
GM,8/6/24,Broker E,17818398,0.47,1.023413062,42893,Sell,1174300,1174300,0.170033501,43.75,44.69,44.68,43.89,43.87487941
NXPI,8/6/24,Broker A,3608436.75,0.87,1.313321352,43496,Sell,329500,329500,0.127247096,166.26,171.95,171.85,166.89,166.3917672
TGT,8/6/24,Broker A,9577029,0.59,0.745406866,42724,Buy,567300,567300,0.09165087,95.98,93.91,94.08,96.44,95.81577658
MSCI,8/6/24,Broker B,605950.1875,0.44,0.953426242,41399,Buy,37100,37100,0.160960233,552.76,542.68,542.71,560.83,552.6848626
KDP,8/6/24,Broker B,14291824,0.25,0.479637235,47907,Sell,953500,953500,0.135116337,34.95,35.62,35.4,35.36,35.01921772
EW,8/6/24,Broker B,4871998.5,0.29,0.932674706,40680,Sell,341800,341800,0.137490195,70.19,71.2,71.21,70.94,70.22263971
MET,8/6/24,Broker E,4264862,0.57,0.970704496,47958,Buy,410000,410000,0.096537269,74.28,72.28,72.32,75.67,74.17350245
PEG,8/6/24,Broker E,3184916.75,0.3,0.649215996,40010,Sell,274700,274700,0.197016104,81.83,83.23,83.22,82.72,81.88898279
VRSK,8/6/24,Broker C,1055410.375,0.32,0.653001904,39793,Buy,70800,70800,0.06941324,299.15,294.7,294.83,300.51,299.1168018
LHX,8/6/24,Broker B,1484300.75,0.31,0.786988199,40194,Buy,112200,112200,0.15796236,221.22,217.87,217.86,222.09,221.1087052
CTVA,8/6/24,Broker C,3840735.75,0.42,0.811250389,40380,Buy,404300,341300,0.086356614,60.99,59.76,59.81,61.52,61.00785402
PSX,8/6/24,Broker A,3662350.5,0.67,0.967380404,39525,Buy,358700,358700,0.135521775,100.42,97.7,97.77,102.22,100.3294852
MNST,8/6/24,Broker B,6403771.5,0.29,0.588039458,56453,Buy,439300,439300,0.184963816,59.25,58.42,58.42,59.53,59.20714241
AXON,8/6/24,Broker C,729520.5,0.59,1.405653238,42188,Buy,68400,68400,0.104280721,571.4,556.63,556.9,572.1,571.4272937
MPC,8/6/24,Broker D,3156129.25,0.66,0.903885305,39477,Buy,237100,237100,0.126350805,130.34,127.08,127.07,133,130.3099042
XEL,8/6/24,Broker D,3795987.5,0.26,0.411776662,39727,Buy,321100,321100,0.135254064,71.35,70.3,70.43,71.63,71.30318263
DFS,8/6/24,Broker E,2594477.75,0.77,1.18055141,41593,Buy,173900,173900,0.109458444,176.13,171.05,171.04,179.29,176.0021304
YUM,8/6/24,Broker B,2512590.25,0.33,0.630044401,39132,Buy,219700,219700,0.098319899,145.65,143.14,143.22,146.69,145.643983
FIS,8/6/24,Broker B,4254328,0.48,0.729293287,40453,Buy,254400,254400,0.076830341,80.15,78.5,78.61,81.49,80.10961596
PWR,8/6/24,Broker E,1551233.25,0.53,1.243507385,37625,Sell,108000,90100,0.150274912,257.63,263.36,263.38,261.92,257.7361463
VST,8/6/24,Broker A,8435292,0.94,1.630477905,36234,Buy,674700,674700,0.114008444,117.86,114,114.1,120.16,117.7757973
OTIS,8/6/24,Broker A,2712143.75,0.37,0.794259965,38396,Buy,167800,167800,0.120967932,100.01,98.37,98.64,101.1,99.9179008
ED,8/6/24,Broker C,3002038.25,0.26,0.309197754,39968,Buy,235400,235400,0.084917317,113.72,112.15,112.23,114.96,113.64645
CMI,8/6/24,Broker B,1025966.188,0.55,1.032185197,37770,Sell,70400,70400,0.123521304,271.72,278.07,278.02,275,271.8222157
URI,8/6/24,Broker E,761241.625,0.55,1.479452729,37278,Sell,71800,71800,0.089523916,573.03,588.34,588.48,585.67,573.1062831
TEL,8/6/24,Broker B,2187387,0.51,1.162813902,38413,Sell,184600,184600,0.098815601,126.05,129.06,129.02,128.25,126.0689585
BKR,8/6/24,Broker B,8978361,0.68,0.912857592,37435,Buy,714400,714400,0.115504103,39.61,38.52,38.54,39.9,39.5523068
TRGP,8/6/24,Broker B,2373329,0.71,1.006133914,35801,Sell,216700,216700,0.147082992,167.03,172.25,172.22,170.77,167.0354518
PCG,8/6/24,Broker C,18206530,0.3,0.577123642,37009,Buy,1556200,1556200,0.130972889,17.56,17.16,17.3,17.58,17.50156691
F,8/6/24,Broker B,154269360,0.51,0.947989166,37658,Sell,11333300,11333300,0.190926194,9.32,9.63,9.53,9.51,9.388882957
AME,8/6/24,Broker A,1552392.625,0.38,0.908328295,35823,Sell,154300,154300,0.154292358,153.47,156.33,156.14,153.76,153.5626473
HES,8/6/24,Broker E,2205686.5,0.57,0.845936716,39072,Sell,181300,181300,0.116820114,125.95,129.24,129.28,128,126.031092
ETR,8/6/24,Broker B,5055218.5,0.32,0.588191152,35935,Sell,258700,256100,0.119101485,81.47,82.75,82.61,82.56,81.53039623
PRU,8/6/24,Broker B,2169791,0.52,0.964037359,34333,Buy,126500,126500,0.058075669,101.41,99.36,99.37,101.76,101.395365
SYY,8/6/24,Broker A,3494709.5,0.33,0.499918789,34951,Buy,215800,215800,0.130015011,72.78,71.81,71.88,73.04,72.64190352
TTWO,8/6/24,Broker A,1877009.375,0.37,0.942398071,36210,Buy,173700,173700,0.085778038,214.67,211.34,211.23,217.03,214.5897398
VLO,8/6/24,Broker E,4028594.5,0.69,1.000251889,34226,Buy,383400,339300,0.124197804,112.34,108.98,109.1,114.43,112.2485806
CBRE,8/6/24,Broker A,2165243.75,0.44,1.102758408,34651,Sell,203700,203700,0.130308874,114.9,117.15,117.12,115.61,114.9790504
ACGL,8/6/24,Broker E,1782318.875,0.41,0.650769889,33736,Buy,144300,144300,0.180183129,94.2,92.33,92.32,94.58,94.12504301
EA,8/6/24,Broker E,3472875.25,0.31,0.707976997,36989,Buy,292800,292800,0.123906019,147.52,145.02,145.06,148.66,147.4648718
WEC,8/6/24,Broker E,2579657.75,0.21,0.450434834,34130,Sell,145800,145800,0.078891451,106.93,108.3,108.18,107.6,107.0381337
DHI,8/6/24,Broker B,3912135,0.41,0.862580538,38054,Buy,210400,210400,0.081818308,123.37,121.15,121.33,123.97,123.3104619
CTSH,8/6/24,Broker A,4620921.5,0.45,0.897250831,33549,Buy,481700,434900,0.130722412,70.68,69.32,69.34,70.79,70.58011233
VICI,8/6/24,Broker E,8872924,0.29,0.661714256,33973,Buy,781700,781700,0.128247942,33.18,32.62,32.64,33.24,33.09613163
HIG,8/6/24,Broker B,1744182.625,0.36,0.681961477,32598,Sell,96100,96100,0.190994088,116,117.98,117.82,116.86,116.078787
IDXX,8/6/24,Broker D,920356.4375,0.47,1.024811983,32955,Buy,58000,58000,0.18278139,419.97,412.31,412.29,420.66,419.9211749
CSGP,8/6/24,Broker C,3336447.5,0.46,1.052419782,32817,Sell,244700,237500,0.128333923,77.45,79.2,79,77.83,77.50847618
CHTR,8/6/24,Broker C,1460611,0.5,0.81772697,51101,Sell,92000,88600,0.069473232,331.25,338,337.92,333.59,331.23973
CAH,8/6/24,Broker B,2750151.25,0.3,0.615272462,31686,Buy,142700,142700,0.090563667,137.55,135.79,135.75,138.9,137.4848434
WTW,8/6/24,Broker D,719839.0625,0.32,0.564704597,31380,Buy,47600,47600,0.130703979,327.28,322.62,322.74,327.4,327.2153106
GLW,8/6/24,Broker E,7247951.5,0.55,1.127289295,34871,Buy,366500,366500,0.188270656,41.85,41.01,40.97,42.27,41.78693036
VMC,8/6/24,Broker C,1552427.25,0.32,0.91711092,30934,Sell,148000,148000,0.129740994,236.41,240.39,240.39,238.74,236.4386288
HUM,8/6/24,Broker A,1663929.125,0.52,0.504744947,29680,Buy,151600,151600,0.172852407,269.98,264.18,264.31,273.92,269.9114376
EBAY,8/6/24,Broker A,5998861,0.38,0.746352613,30584,Buy,507000,480400,0.193409869,68.06,66.82,67.01,68.1,67.93468113
GIS,8/6/24,Broker C,7428856.5,0.32,0.222607225,31580,Buy,550800,550800,0.117618968,58.66,57.74,57.78,59.42,58.66412241
RMD,8/6/24,Broker D,1162067.625,0.38,1.053770781,30970,Buy,67300,67300,0.163103207,217.44,214.14,214.16,219.12,217.3771511
IT,8/6/24,Broker E,862088.0625,0.45,1.129665256,30243,Sell,60400,57300,0.101948132,391.55,399.82,399.68,393.1,391.6462901
EQT,8/6/24,Broker D,8427179,0.55,1.113951445,28486,Sell,509300,509300,0.187959536,49.28,50.4,50.32,50.21,49.32680428
MLM,8/6/24,Broker D,607821.625,0.33,0.953669608,29395,Buy,30500,30500,0.176584054,497.89,491.28,491.48,498.36,497.8353626
CNC,8/6/24,Broker B,4603081,0.31,0.406555951,28776,Sell,401700,349200,0.082207624,59.97,60.94,60.91,60.24,60.03070232
EXR,8/6/24,Broker A,1285439.375,0.39,0.8493523,29330,Sell,80100,80100,0.096568746,138.5,140.73,140.54,138.86,138.591465
NDAQ,8/6/24,Broker D,3591433.75,0.46,0.828990459,40567,Buy,264000,264000,0.161875913,73.08,71.8,71.69,74.08,73.07690001
VTR,8/6/24,Broker A,3759618.25,0.28,0.697105527,29243,Sell,265800,265800,0.106009206,67.25,68.19,68.03,67.99,67.35158562
GRMN,8/6/24,Broker D,1260726.25,0.65,0.991939723,35947,Sell,128700,123700,0.171812654,183.44,188.64,188.72,185.72,183.5378481
A,8/6/24,Broker A,2477031.75,0.47,0.998218417,28584,Buy,189500,186500,0.092917232,104.06,102.04,102.19,105.46,103.947115
WAB,8/6/24,Broker B,1099454.375,0.48,1.110182405,28560,Buy,62000,62000,0.119916935,173.61,170.29,170.34,173.77,173.5216813
IR,8/6/24,Broker A,3131694,0.52,1.183133483,28103,Sell,222600,222600,0.179705598,69.89,71.26,71.28,70.82,70.0191339
STZ,8/6/24,Broker E,2573782.25,0.32,0.651316345,33844,Buy,212500,212500,0.15452738,191.02,187.77,187.78,191.45,190.943629
AWK,8/6/24,Broker D,1828562.625,0.3,0.470711619,28692,Sell,154700,154700,0.19617253,146.83,148.97,149.01,147.59,146.9003569
AVB,8/6/24,Broker B,957343.8125,0.39,0.853089452,28729,Buy,51800,51800,0.087665556,206.29,202.81,202.99,208.18,206.2732267
ODFL,8/6/24,Broker E,1910647.125,0.58,1.112155557,31794,Buy,140800,122500,0.182112851,156.49,152.74,152.82,159.38,156.4316764
GEHC,8/6/24,Broker B,5121890.5,0.71,1.147836328,27690,Buy,296700,296700,0.080973148,63.52,61.81,61.92,64.78,63.46226549
LULU,8/6/24,Broker D,3117086,0.75,0.817370057,30631,Buy,273000,273000,0.180460073,261.65,254.03,254.04,267.85,261.6150684
BRO,8/6/24,Broker B,1961675.125,0.32,0.701902211,32509,Buy,163200,152100,0.165864656,119.14,117.3,117.27,119.8,119.1265407
DTE,8/6/24,Broker C,1640223.5,0.26,0.47982955,27347,Sell,133900,133900,0.181269685,131.45,133.28,133.24,132.34,131.4390234
BR,8/6/24,Broker E,621545.6875,0.36,0.782384157,26690,Buy,38500,38500,0.196575948,238.89,234.67,234.88,242.53,238.7593357
EFX,8/6/24,Broker E,1234932.125,0.52,1.309583545,26868,Buy,91500,91500,0.15051914,226.78,221.43,221.61,227.58,226.7140926
OXY,8/6/24,Broker C,15108736,0.7,0.679570973,36670,Buy,1450500,1450500,0.11669733,40.44,39.1,39.27,40.92,40.42024957
XYL,8/6/24,Broker A,1987830.125,0.41,1.123633265,26408,Sell,136600,136600,0.101150744,108.24,110.01,109.98,108.5,108.3309529
TSCO,8/6/24,Broker B,5318770.5,0.45,0.765961647,26363,Sell,484100,419800,0.092593879,49.21,50.33,50.24,49.49,49.23718463
DXCM,8/6/24,Broker C,4825727,0.55,1.070894837,25922,Buy,474800,474800,0.092312412,69.89,68.12,68.18,70.87,69.84092168
AEE,8/6/24,Broker E,2107070.25,0.25,0.507441759,26065,Buy,166700,166700,0.077886701,99.71,98.24,98.3,100.13,99.54173299
MTB,8/6/24,Broker E,1625571.25,0.47,0.980700493,25756,Buy,112400,99900,0.100530336,163.03,159.54,159.76,165.86,162.9212472
ANSS,8/6/24,Broker D,632879.5625,0.41,1.127478838,26115,Sell,37100,37100,0.198194752,295.88,300.88,300.79,297.43,295.8761262
DELL,8/6/24,Broker D,8990889,0.93,1.688794136,57495,Buy,862700,862700,0.155873091,87.48,84.36,84.41,89.45,87.44716203
PPL,8/6/24,Broker B,5713525,0.25,0.522806942,26096,Buy,346200,321700,0.133416388,36.04,35.64,35.61,36.11,35.98197587
ROK,8/6/24,Broker D,1085357.25,0.53,1.038438201,25660,Buy,66700,66700,0.10994142,236.19,231.47,231.51,237.81,236.101662
DAL,8/6/24,Broker D,15970300,0.95,1.207352281,25772,Sell,855300,855300,0.174144549,38.86,40.18,40.07,38.96,38.93249662
NUE,8/6/24,Broker C,2965347.25,0.63,1.079811215,24614,Buy,163400,163400,0.170329411,112.5,109.93,110,113.4,112.5259999
CHD,8/6/24,Broker C,1830031.375,0.27,0.411989838,25384,Buy,130300,130300,0.085849582,106.98,105.53,105.59,107.59,106.9612802
FANG,8/6/24,Broker A,3052251.25,0.82,0.885042548,38922,Sell,212700,212700,0.11315925,130.55,134.35,134.32,132.55,130.6283618
KHC,8/6/24,Broker D,12042805,0.33,0.360269487,35730,Sell,887800,887800,0.157196863,29.62,29.98,30.07,29.92,29.67512947
DD,8/6/24,Broker C,3624361,0.71,0.984351695,25156,Buy,201900,201900,0.074457799,61.78,60.36,60.28,62.88,61.75528809
MPWR,8/6/24,Broker D,1145968.625,1.11,1.914679885,24331,Buy,108900,108900,0.193931828,536.26,514.83,514.88,537.58,536.1943508
ATO,8/6/24,Broker A,1068291.25,0.23,0.55874145,24847,Buy,61800,61800,0.179817178,158.37,156.93,156.98,159.11,158.2402521
IRM,8/6/24,Broker D,2148413.75,0.49,1.041708589,24072,Buy,183700,153300,0.139087442,85.42,83.59,83.74,86.13,85.38462195
SBAC,8/6/24,Broker C,1136725.875,0.32,0.55840081,24366,Sell,98900,98900,0.125732785,226.48,230.11,230.17,227.85,226.5187591
HSY,8/6/24,Broker E,1714671.625,0.32,0.440539747,33721,Sell,166400,166400,0.173932251,163.54,166.68,166.57,163.87,163.6284961
RJF,8/6/24,Broker D,1904403.75,0.49,1.124410748,26810,Sell,124800,124800,0.069445409,130.48,133.14,133.07,132.39,130.536812
TPL,8/6/24,Broker A,145288.7344,0.87,1.070005655,28707,Sell,7800,7800,0.06106592,1249.68,1283.8,1283.91,1261.17,1249.782156
LEN,8/6/24,Broker B,3604617.5,0.41,0.952108204,27192,Buy,206200,206200,0.148221388,106.11,104.32,104.32,107.15,106.070833
IP,8/6/24,Broker D,6315342,0.57,0.763397038,23786,Buy,458700,458700,0.073835748,47.38,46.26,46.33,48.28,47.36738776
TYL,8/6/24,Broker A,289309.8438,0.37,0.932694316,23947,Sell,14800,14800,0.067885448,559.78,567.12,567.07,564.01,559.8784
GDDY,8/6/24,Broker C,1731630.75,0.4,1.121523619,23532,Buy,111400,111400,0.119060578,174.75,171.74,171.82,175.51,174.7109961
CNP,8/6/24,Broker B,6544230,0.2,0.511033058,23818,Sell,592700,592700,0.09645687,36.48,37.15,36.92,36.77,36.55128855
IQV,8/6/24,Broker E,2062076.375,0.54,0.965077341,24899,Buy,133600,113300,0.077850581,145.47,142.41,142.38,146.92,145.3489115
DRI,8/6/24,Broker A,1471352.875,0.41,0.675583124,23062,Buy,99800,99800,0.111060178,203.45,200.06,200.3,205.24,203.3686292
STT,8/6/24,Broker C,2406070.25,0.51,0.965664208,23269,Sell,187300,187300,0.14577881,80.09,82.12,81.88,81.47,80.09124932
KEYS,8/6/24,Broker C,1073229.625,0.59,1.460006237,22790,Sell,85900,85900,0.126136996,130.34,133.83,133.63,132.72,130.4067131
EQR,8/6/24,Broker D,2058523.25,0.41,0.833705187,25639,Buy,112700,112700,0.124841901,69.18,68.08,68.1,69.71,69.18285486
PPG,8/6/24,Broker C,2583960.25,0.52,0.913599849,22561,Buy,225800,208900,0.1974918,102.22,100.1,99.97,104.29,102.187025
FITB,8/6/24,Broker D,6024540,0.51,1.154086709,22261,Buy,479100,479100,0.121211204,34.81,34.05,34.08,35.04,34.75953215
ADM,8/6/24,Broker C,5736518,0.43,0.613135517,23091,Buy,376900,329100,0.081345865,49.16,48.12,48.32,49.36,49.15646143
CBOE,8/6/24,Broker D,1028178.75,0.3,0.335441858,22449,Sell,59900,59900,0.118172065,215.6,218.53,218.39,218.36,215.6712855
EXE,8/6/24,Broker A,6257997,0.43,0.875163198,23791,Buy,599200,599200,0.166963968,108.7,106.4,106.7,110.24,108.6173102
HPQ,8/6/24,Broker B,10433243,0.69,1.06854558,22389,Buy,745900,745900,0.088166129,24.54,23.83,23.89,25.04,24.47724466
FTV,8/6/24,Broker E,2953923,0.5,1.015593648,21779,Sell,241000,241000,0.111865873,63.21,64.89,64.73,64.41,63.30538946
EIX,8/6/24,Broker A,3870291.5,0.38,0.615453899,21488,Buy,255000,255000,0.128962548,57.97,57.13,57.14,57.9,57.86837532
K,8/6/24,Broker C,2832324.25,0.04,0.390702844,28449,Buy,176700,167800,0.163836338,82.55,82.47,82.31,82.77,82.55789409
VLTO,8/6/24,Broker D,1591432.75,0.37,1.5,21630,Buy,110000,98900,0.160056431,90.13,88.8,88.76,90.84,90.06722724
DOV,8/6/24,Broker D,1323083.75,0.51,1.118279934,21659,Buy,114800,114800,0.090498705,163.65,159.94,160.09,164.01,163.6187701
STE,8/6/24,Broker A,602092.9375,0.32,0.631336212,21495,Buy,39400,39400,0.193057575,224.44,221.48,221.66,225.69,224.3380065
UAL,8/6/24,Broker D,12011164,1.08,1.18553853,21399,Sell,1187200,1187200,0.184864748,62.88,65.6,65.58,64.82,62.96884147
CMS,8/6/24,Broker B,2745851.25,0.23,0.402545393,21566,Buy,175900,175900,0.176863092,74.06,73.09,73.2,74.5,74.01722151
FE,8/6/24,Broker C,5861474.5,0.28,0.476894647,24124,Buy,408000,408000,0.14394298,42.75,42.13,42.18,43.04,42.76003833
NVR,8/6/24,Broker E,26889.36719,0.39,0.721931219,21180,Buy,2400,2400,0.093088232,7356.19,7210,7210.07,7402.16,7356.072474
CPAY,8/6/24,Broker A,511122.2813,0.7,1.102929354,20953,Buy,50600,50600,0.094617837,314.82,306.16,306.2,319.45,314.6582088
TDY,8/6/24,Broker D,304619.3125,0.41,0.851020634,21234,Buy,23200,23200,0.177202289,470.38,461.94,462.09,471.58,470.2351858
ES,8/6/24,Broker A,2653985.75,0.35,0.498877913,20696,Buy,185400,185400,0.152986342,58.19,57.32,57.39,58.53,58.0129684
MTD,8/6/24,Broker C,196380.4375,0.55,1.060753942,20219,Sell,10700,10000,0.100336713,976.88,996.88,996.77,987.36,976.8595173
MCHP,8/6/24,Broker D,13373664,1.16,1.530130506,21206,Sell,1362200,1279100,0.098867191,37.83,39.53,39.53,37.89,37.8659807
CINF,8/6/24,Broker C,926051.375,0.41,0.634547472,19996,Sell,49500,49500,0.11689569,129.94,132.02,132.09,130.03,129.9552227
WRB,8/6/24,Broker A,2284885,0.37,0.595682919,25539,Buy,123900,123900,0.145436653,70.05,69.05,69.14,70.48,69.96900313
DG,8/6/24,Broker B,5504300.5,0.46,0.147626966,21029,Sell,554900,478800,0.108062011,93.83,95.95,95.9,95.56,93.91520782
SW,8/6/24,Broker D,4414833.5,0.57,1.5,21286,Buy,262700,261200,0.135244443,42.29,41.35,41.42,42.78,42.24349467
CDW,8/6/24,Broker A,1711498.375,0.53,1.044915199,19557,Sell,111800,100600,0.199259144,147.96,150.75,150.74,148.24,148.0728146
VRSN,8/6/24,Broker E,912534.6875,0.29,0.593307614,22717,Buy,48700,48700,0.090547786,250.08,246.58,246.61,253.09,250.0061021
LYV,8/6/24,Broker D,2976203.75,0.53,1.095992446,28820,Sell,165000,155900,0.068581134,124.88,127.5,127.31,125.55,124.9266876
DVN,8/6/24,Broker C,10589528,0.85,0.784066737,19133,Buy,818800,818800,0.106392843,30.73,29.75,29.78,31.44,30.6891011
HPE,8/6/24,Broker B,29635630,0.83,1.436243892,19467,Buy,2452400,2452400,0.085553855,15.68,15.02,15.18,16.08,15.65829707
HBAN,8/6/24,Broker B,25923222,0.59,1.129999638,19676,Sell,1870700,1870700,0.102346079,13.13,13.64,13.46,13.26,13.21974692
NRG,8/6/24,Broker B,3331282.75,0.74,1.218113065,18959,Sell,360200,327200,0.115344361,93.76,96.8,96.85,95.36,93.79943304
DOW,8/6/24,Broker C,9681285,0.76,0.934338987,19846,Sell,841600,841600,0.106027645,27.4,28.34,28.27,28.27,27.47259216
HAL,8/6/24,Broker E,14295516,0.79,0.9959566,18895,Sell,1126100,997000,0.097657162,21.34,22.11,22.02,21.53,21.52378692
TROW,8/6/24,Broker B,2628548.75,0.55,1.24284482,18568,Buy,167500,167500,0.115438466,87.78,85.81,85.88,88.43,87.81254103
ZBH,8/6/24,Broker A,2224673.75,0.3,0.66424644,19026,Buy,135100,135100,0.15813229,98.87,97.75,97.75,98.92,98.74328005
PHM,8/6/24,Broker C,2378124.5,0.43,0.928031027,18770,Buy,227300,227300,0.188691296,96.47,94.26,94.51,98.39,96.45890994
INVH,8/6/24,Broker A,3488844.75,0.31,0.804176807,20470,Sell,274700,274700,0.146728626,32.98,33.65,33.42,33.2,33.05721118
WAT,8/6/24,Broker A,577985.25,0.53,0.874369264,18814,Sell,53900,53400,0.093143425,313.85,321.1,320.88,317.25,313.9358786
CTRA,8/6/24,Broker B,7670125,0.45,0.794653773,18957,Sell,400100,400100,0.069064032,24.9,25.54,25.35,25.14,24.93497272
MKC,8/6/24,Broker C,2814116.5,0.32,0.453034908,20013,Buy,272100,248800,0.192082769,76.7,75.4,75.48,76.78,76.73291515
CCL,8/6/24,Broker C,30730354,0.84,1.585720658,22498,Buy,1620700,1620700,0.122044327,18.51,17.84,18.01,18.99,18.50018236
WY,8/6/24,Broker D,3923671.75,0.41,0.926903367,17921,Buy,245500,245500,0.078417444,26.07,25.55,25.64,26.2,26.02858137
EXPE,8/6/24,Broker A,2731665,0.76,1.383257627,18899,Buy,266800,266800,0.118084322,155.11,150.43,150.6,156.67,155.0055
SYF,8/6/24,Broker E,5665065,0.79,1.195883751,18361,Buy,333300,301200,0.171446825,50.03,48.53,48.66,50.1,49.90710185
IFF,8/6/24,Broker A,2113117.5,0.43,0.765907586,18594,Sell,130700,130700,0.074864269,71.58,72.88,72.73,72.26,71.68403338
NI,8/6/24,Broker B,5584637.5,0.29,0.636198223,17935,Buy,315300,315300,0.128069586,39.86,39.24,39.34,40.25,39.84410788
MAA,8/6/24,Broker E,1073008.875,0.33,0.744632661,18099,Sell,66000,66000,0.098339796,155.15,157.62,157.68,156.47,155.2721184
LDOS,8/6/24,Broker E,1774806.75,0.33,0.886574626,17724,Sell,157500,157500,0.154457909,138.18,140.65,140.72,138.63,138.2715005
HUBB,8/6/24,Broker E,752433.75,0.47,1.161202312,17637,Buy,39000,38900,0.139583221,341.5,334.9,335.02,344.06,341.3548225
DGX,8/6/24,Broker D,1434326.75,0.25,0.461955011,17963,Buy,124500,124500,0.086475503,166.14,164.03,164.04,167.74,166.143409
WBD,8/6/24,Broker C,44823424,1.01,1.16329062,19642,Buy,3287100,3287100,0.139882066,8.45,8.11,8.16,8.64,8.484037756
LH,8/6/24,Broker A,818770,0.33,0.56757921,17756,Buy,69000,69000,0.17343038,219.44,216.3,216.36,221.69,219.3132292
MOH,8/6/24,Broker B,752848.375,0.42,0.305419803,16524,Sell,43600,43600,0.06211137,315.71,321.53,321.35,320.59,315.7982412
LII,8/6/24,Broker E,457593.5,0.48,1.069374204,19202,Buy,34400,34400,0.082923846,567.75,555.45,555.45,568.38,567.6262253
ESS,8/6/24,Broker E,526468.6875,0.42,0.903372884,17425,Buy,27800,27800,0.089080953,279.76,274.72,274.81,282.92,279.6737827
RF,8/6/24,Broker B,11484495,0.53,1.14174211,17285,Buy,1038700,910500,0.179536005,19.5,19.23,19.06,19.57,19.4571487
TSN,8/6/24,Broker E,2524327,0.29,0.444923162,21653,Buy,144000,144000,0.089052014,61.99,61.15,61.11,62.12,61.90836433
BIIB,8/6/24,Broker D,1859786.375,0.44,0.701340735,17051,Buy,131200,125000,0.126604143,120.82,118.61,118.67,120.87,120.7720065
PODD,8/6/24,Broker B,913339.9375,0.47,1.104999661,16754,Buy,52100,51700,0.105540837,249.18,244.54,244.56,250.11,249.1060694
NTRS,8/6/24,Broker D,1545806.5,0.52,1.090333939,16920,Buy,97400,97400,0.138190281,90.07,88.15,88.29,91.77,90.0901677
PTC,8/6/24,Broker C,1066607.125,0.44,1.078693867,16800,Buy,81600,71800,0.074987815,145.1,142.27,142.45,146.39,145.0850644
CLX,8/6/24,Broker E,1512404.375,0.23,0.525460303,17079,Buy,111900,93300,0.133500995,141.89,139.96,140.12,142.19,141.7653796
GPN,8/6/24,Broker D,3507925.75,0.84,0.966453552,16589,Sell,353900,315300,0.133944103,67.27,69.66,69.56,67.84,67.29443595
WSM,8/6/24,Broker A,3767200.25,0.79,1.285576701,17028,Buy,294700,294700,0.080409205,142.74,138.87,138.8,145.32,142.6553022
NTAP,8/6/24,Broker A,2661723.75,0.59,1.255655408,16615,Sell,216300,184800,0.178705167,80.44,82.2,82.2,81.48,80.50229176
STLD,8/6/24,Broker B,2060822.125,0.57,1.085546494,17021,Buy,114800,105700,0.116477601,120.5,118.06,118.02,122.42,120.4177191
PKG,8/6/24,Broker A,1002152,0.39,0.758322477,16373,Sell,55800,55800,0.169802445,183.02,185.64,185.6,183.63,183.1614787
ULTA,8/6/24,Broker E,1273502.75,0.66,0.72329247,16568,Buy,120600,120600,0.164099717,377.55,366.45,366.58,381.84,377.4496863
FDS,8/6/24,Broker E,352102.2813,0.36,0.788227975,15673,Buy,36400,32700,0.086297785,431.88,423.72,423.65,437.05,431.7605878
DPZ,8/6/24,Broker C,719962.3125,0.39,0.976678789,16060,Buy,40800,40700,0.19985466,481.74,474.09,474.15,486.3,481.6993991
DECK,8/6/24,Broker D,3603507.5,0.77,0.957816899,15716,Sell,305000,305000,0.194395259,101.1,104.28,104.25,101.7,101.1151413
STX,8/6/24,Broker D,4192351,0.75,1.502993703,15652,Buy,407900,407900,0.142412408,76.99,74.65,74.67,78.46,76.95733996
SNA,8/6/24,Broker A,519470.875,0.45,0.87209785,15288,Buy,37300,37300,0.191493918,310.86,305.57,305.55,311.27,310.7335556
DLTR,8/6/24,Broker B,6869030,0.79,0.797286034,17131,Buy,632900,632900,0.19872854,82.7,80.14,80.08,82.8,82.67106976
GPC,8/6/24,Broker B,1654921.25,0.42,0.686277211,15519,Sell,142000,142000,0.112681685,111.3,113.7,113.58,111.74,111.3009299
SMCI,8/6/24,Broker B,53867424,1.05,2.397611856,17514,Buy,5506800,4968600,0.163971554,32.18,30.91,30.93,32.8,32.15045323
COO,8/6/24,Broker E,2442022.25,0.45,0.941235423,15739,Buy,200100,200100,0.17472774,81.2,79.19,79.47,81.95,81.12425225
EVRG,8/6/24,Broker A,2780009.25,0.23,0.49877277,15381,Buy,219400,219400,0.086742777,69.09,68.35,68.4,69.5,68.98991237
ROL,8/6/24,Broker C,2293436.25,0.33,0.708591282,26548,Sell,215300,215300,0.146835892,54.99,55.82,55.93,55.47,55.03260668
LNT,8/6/24,Broker D,2183584.75,0.26,0.496919721,15230,Buy,172000,172000,0.143034988,61.75,60.92,60.97,62.24,61.76016427
CFG,8/6/24,Broker A,6193755.5,0.62,1.265007377,15077,Buy,680900,610300,0.102172635,36.24,35.3,35.34,36.73,36.16357714
PFG,8/6/24,Broker E,1607446.125,0.57,0.982086778,15807,Sell,108700,108700,0.080319557,70.08,71.8,71.81,71.44,70.17547159
L,8/6/24,Broker C,910343.9375,0.39,0.612332523,17530,Buy,59100,59100,0.143633816,86.65,85.11,85.22,87.39,86.66294053
EG,8/6/24,Broker B,415288.5313,0.35,0.552587211,16384,Buy,27500,27500,0.155585044,355.02,349.26,349.4,356.23,354.9756246
EXPD,8/6/24,Broker E,1753609.625,0.44,0.754186869,14436,Buy,127700,127700,0.148957136,108.28,105.96,106.09,108.86,108.1313661
FFIV,8/6/24,Broker E,576744.125,0.48,0.925122261,14459,Sell,44500,44500,0.154627381,252.28,258.22,258.05,254.53,252.3902758
JBL,8/6/24,Broker C,1724661.25,0.67,1.366136074,13928,Sell,170500,170500,0.161308706,130.88,134.73,134.81,133.39,130.8945749
BAX,8/6/24,Broker C,5027440,0.56,0.750824749,14639,Buy,438800,438800,0.135372209,29.7,28.81,28.99,30.12,29.68012521
LYB,8/6/24,Broker A,4547265,0.69,0.844999075,18176,Sell,447600,447600,0.09915089,55.13,56.95,56.71,55.27,55.27029963
LUV,8/6/24,Broker B,16223484,0.81,0.978310943,13797,Sell,1596900,1596900,0.144909687,23.67,24.72,24.51,23.74,23.70953857
WST,8/6/24,Broker E,972558.875,0.44,0.812731206,14884,Buy,85800,80900,0.092988773,210.6,206.31,206.16,211.8,210.5237726
ON,8/6/24,Broker E,10593790,0.95,1.216935754,14662,Buy,838500,745300,0.149499861,36.11,34.86,34.88,36.92,36.03754037
OMC,8/6/24,Broker D,4378209.5,0.49,0.86769712,14065,Buy,394100,394100,0.111492368,74.4,72.83,72.81,74.72,74.32895775
J,8/6/24,Broker B,987790.3125,0.37,0.765809715,14176,Sell,62700,62700,0.089268048,115.9,117.97,117.85,116.06,115.9680885
TRMB,8/6/24,Broker B,1833999.625,0.59,1.16162169,13818,Buy,147000,147000,0.092938444,58.94,57.71,57.49,60.25,58.91144762
KEY,8/6/24,Broker D,18568466,0.59,1.350797296,15110,Sell,1727800,1727800,0.124333007,13.76,14.21,14.12,14.09,13.84244443
BALL,8/6/24,Broker D,2751362.5,0.35,0.72291398,13357,Sell,229200,229200,0.175164212,46.54,47.4,47.32,47.26,46.60055549
KIM,8/6/24,Broker A,6303217,0.41,0.923541188,13651,Sell,542200,542200,0.188507964,20.12,20.45,20.47,20.26,20.2452635
AVY,8/6/24,Broker E,860455.75,0.33,0.759776711,13348,Buy,82600,82600,0.110421676,172.98,169.85,169.84,174.01,172.9472034
FSLR,8/6/24,Broker E,3386447.75,0.58,0.734085619,13132,Sell,179800,179800,0.117848481,123.8,126.51,126.66,124.11,123.9080585
AMCR,8/6/24,Broker E,34436428,0.35,0.618396103,13456,Buy,2764200,2764100,0.148476057,9.69,9.39,9.52,9.64,9.592412911
BLDR,8/6/24,Broker E,1751718.125,0.58,1.242862463,12976,Buy,124900,124900,0.112637449,118.31,115.38,115.44,119.7,118.2223627
PNR,8/6/24,Broker C,1924131,0.49,1.106546164,13026,Buy,179900,179900,0.197864981,82.05,80.19,80.23,82.9,82.07287869
GEN,8/6/24,Broker B,4726144.5,0.47,1.009418488,14520,Sell,410500,410500,0.14853999,23.7,24.29,24.23,23.81,23.74920819
TPR,8/6/24,Broker A,7014728.5,0.63,1.042785764,13079,Buy,693600,693600,0.127398608,64.92,63.28,63.28,65.22,64.82204203
DOC,8/6/24,Broker E,5513162,0.29,0.821606755,12889,Sell,296500,296500,0.112357172,18.35,18.74,18.61,18.54,18.50877183
MAS,8/6/24,Broker D,2461541.5,0.48,1.01499474,12710,Buy,160500,160500,0.095274205,62.38,61.07,61.21,62.87,62.34916736
CF,8/6/24,Broker B,2908823.75,0.38,0.506944835,12507,Buy,170600,170600,0.175825924,77.12,75.97,75.88,78.18,77.09204376
HOLX,8/6/24,Broker C,3410084.75,0.3,0.439089477,12853,Buy,187700,187700,0.064218385,58.17,57.46,57.42,58.85,58.15628947
EL,8/6/24,Broker D,4540624.5,0.78,1.135743618,19565,Buy,278700,278700,0.093226619,55.97,54.52,54.49,56.49,55.90298574
WDC,8/6/24,Broker C,9308912,0.9,1.804587364,12508,Buy,740500,660500,0.112448765,37.52,36.28,36.34,38.67,37.53587662
JKHY,8/6/24,Broker D,710372.875,0.38,0.583922863,12299,Sell,72200,68200,0.192463936,169.22,172.4,172.39,169.6,169.2644724
IEX,8/6/24,Broker E,721935.25,0.4,0.921658635,12137,Buy,38400,38400,0.161925643,165.06,162.34,162.23,166.5,165.0157615
UDR,8/6/24,Broker B,2407958,0.43,0.85049963,13490,Buy,122600,122600,0.073108851,41.95,41.24,41.25,42.17,41.87191664
SJM,8/6/24,Broker E,1412505.25,0.28,0.436529636,12334,Sell,93200,93200,0.137590258,114.93,116.79,116.64,116.01,115.0026292
CAG,8/6/24,Broker E,6965156.5,0.29,0.338077486,12120,Sell,530400,490400,0.148034528,24.91,25.45,25.3,25.21,25.00632386
TXT,8/6/24,Broker C,1671518.375,0.52,1.009713173,11729,Buy,138400,138400,0.079361654,66.98,65.51,65.49,67.42,67.04328546
BBY,8/6/24,Broker B,4805700,0.84,0.958788991,13128,Sell,437400,437400,0.087897976,60.38,62.29,62.51,61.73,60.41259049
ALGN,8/6/24,Broker C,1371862,0.57,1.381431937,12608,Sell,115900,115900,0.163099844,168.06,172.24,172.28,168.92,168.0978805
ARE,8/6/24,Broker D,1681613.75,0.47,1.095249534,13100,Buy,163000,163000,0.122037621,78.51,76.79,76.84,78.92,78.47683899
CPT,8/6/24,Broker B,1145793,0.35,0.813532531,12056,Buy,100500,88000,0.091747768,114.16,112.22,112.26,115.41,114.0522202
APTV,8/6/24,Broker B,4253347.5,0.62,0.834469736,11699,Sell,431400,383700,0.087491253,50.36,51.82,51.77,50.9,50.43478552
REG,8/6/24,Broker C,1255055.125,0.33,0.702210128,13247,Buy,106700,106700,0.162866654,73.28,72.01,72.11,73.48,73.25410533
ZBRA,8/6/24,Broker C,718495.125,0.81,1.371357441,11356,Buy,46100,46100,0.085713257,231,224.61,224.51,233.95,230.9954577
POOL,8/6/24,Broker E,454624.6875,0.43,0.911036551,11186,Buy,48600,43300,0.175979787,310.19,303.45,303.46,312.14,310.0825149
TER,8/6/24,Broker B,4338915.5,0.96,1.628202081,11277,Buy,407100,375200,0.192505038,73.17,70.52,70.56,73.25,73.12397463
JNPR,8/6/24,Broker B,3132681.5,0.19,0.634801924,11379,Buy,190500,185600,0.060301096,34.54,34.29,34.2,34.59,34.49191345
LVS,8/6/24,Broker E,6501377.5,0.57,0.823726475,23008,Buy,671000,624100,0.133526458,33.75,32.86,32.86,34.32,33.73337443
RVTY,8/6/24,Broker B,1219324.5,0.55,0.797572315,10786,Buy,98500,87300,0.111077709,93.49,91.23,91.39,94.18,93.44541931
AKAM,8/6/24,Broker A,2377838.5,0.52,0.784386694,10509,Sell,231600,231600,0.143915869,71.32,73.01,72.93,72.76,71.40944666
ALLE,8/6/24,Broker E,1194745.875,0.34,0.85759753,10607,Buy,100100,92500,0.143199674,127.61,125.28,125.4,128.02,127.4920963
LKQ,8/6/24,Broker E,2848942.25,0.37,0.666749001,10655,Sell,232900,206600,0.180466336,41.08,41.92,41.85,41.49,41.16235083
CHRW,8/6/24,Broker D,1592970,0.4,0.668679476,10554,Sell,148100,148100,0.197550589,88.5,90.41,90.21,90.1,88.51746094
PNW,8/6/24,Broker B,1304774.75,0.23,0.468580067,11116,Buy,102900,102900,0.187856125,95.47,94.19,94.28,96.55,95.44556051
BG,8/6/24,Broker A,1928443.25,0.39,0.430640489,10557,Buy,167100,167100,0.187534147,80.29,78.96,78.98,80.2,80.16605742
FOXA,8/6/24,Broker B,4894352,0.5,0.622418344,20638,Sell,276700,276700,0.115806481,47.32,48.32,48.27,48.04,47.40022095
JBHT,8/6/24,Broker E,1416926.375,0.6,0.961994886,12713,Buy,73900,73900,0.115859948,130.09,127.32,127.17,132.41,129.937817
UHS,8/6/24,Broker C,936496.0625,0.52,0.833979607,10240,Buy,65900,56800,0.102101612,179.23,175.68,175.66,181.73,179.2105123
ERIE,8/6/24,Broker B,135175.3594,0.4,0.544575632,20663,Buy,10300,8900,0.108016361,415.15,408,407.93,418.4,415.0629542
PAYC,8/6/24,Broker A,727074.8125,0.56,0.874895334,11929,Buy,67900,67900,0.187882912,220.99,215.79,216.02,221.43,220.855974
GL,8/6/24,Broker E,742776.5625,0.45,0.797355115,9754,Sell,83100,73500,0.184286967,118.1,121,120.9,120.57,118.1912607
TAP,8/6/24,Broker A,2594431.25,0.27,0.463173449,11908,Sell,257100,257100,0.143338811,57.75,58.7,58.5,58.21,57.82142747
KMX,8/6/24,Broker B,3893916.5,0.76,0.924367547,9517,Buy,404200,366300,0.169900782,66.39,64.19,64.33,67.05,66.31208691
TKO,8/6/24,Broker C,2176504.5,0.48,0.791934609,28227,Buy,205500,202000,0.161138809,152.8,149.39,149.48,155.15,152.760222
NDSN,8/6/24,Broker E,408402.3438,0.53,1.068100691,10080,Buy,34900,34900,0.130046207,184.23,179.69,179.78,186.17,184.1315973
NWSA,8/6/24,Broker A,4041857,0.41,0.929095805,15160,Buy,361400,361400,0.171341571,26.24,25.72,25.79,26.31,26.17472239
AIZ,8/6/24,Broker C,495442.1563,0.43,0.737580895,9353,Sell,45200,45200,0.194021763,184.57,188.46,188.41,186.48,184.5869076
HST,8/6/24,Broker B,11824158,0.56,1.002946138,9439,Buy,607600,607600,0.098259892,14.05,13.56,13.76,14.16,14.04397568
INCY,8/6/24,Broker D,2254369,0.47,0.670278668,10992,Buy,122300,122300,0.166062285,59.43,58.23,58.4,59.78,59.35948366
BXP,8/6/24,Broker C,1637994.625,0.49,1.16145134,9899,Sell,100400,100400,0.167506481,61.84,63.26,63.07,62.61,61.88461341
SOLV,8/6/24,Broker C,1395912.125,0.51,1.5,11062,Sell,92500,92500,0.180707375,64.45,66,65.81,64.94,64.44723942
VTRS,8/6/24,Broker C,15793166,0.48,0.810708165,9036,Sell,1124400,1124400,0.189740887,7.23,7.63,7.38,7.27,7.226332544
SWKS,8/6/24,Broker A,4347467,0.93,1.274859548,8720,Buy,469100,431600,0.14109561,59.06,56.95,57.04,59.32,58.96528704
IPG,8/6/24,Broker E,8651978,0.5,0.892075121,8757,Buy,515200,515200,0.103179248,24.21,23.77,23.71,24.45,24.10385319
HRL,8/6/24,Broker C,3378499.75,0.26,0.42143631,16717,Buy,218500,218500,0.175958042,30.85,30.47,30.47,30.99,30.84828357
EMN,8/6/24,Broker D,1493853.5,0.57,1.016051292,8883,Buy,81900,81900,0.07121911,78.82,77.06,77.23,78.73,78.70407474
SWK,8/6/24,Broker C,2905021.75,0.8,1.096431136,8711,Buy,184400,184400,0.155441043,58.93,57.16,57.29,59.33,58.93401838
MOS,8/6/24,Broker E,5865110.5,0.52,0.943756461,8629,Buy,518600,518600,0.122249973,28.47,27.73,27.78,28.86,28.40932678
DAY,8/6/24,Broker E,2080966.125,0.61,1.275922179,8282,Buy,175000,175000,0.135414387,55.22,53.65,53.76,55.21,55.06667062
HII,8/6/24,Broker C,780269.9375,0.46,1.021251202,8548,Buy,60800,60800,0.156845785,226.06,221.54,221.57,230.29,226.0572661
MKTX,8/6/24,Broker A,684962.75,0.29,0.569458306,8374,Sell,44200,44200,0.063735479,223.24,225.94,225.82,225.33,223.386748
MRNA,8/6/24,Broker E,9824392,0.7,1.143159986,9716,Buy,962100,889200,0.101653273,26.23,25.34,25.45,26.41,26.09458252
EPAM,8/6/24,Broker A,775269.125,0.59,1.141998291,8339,Buy,71300,71300,0.170735585,149.46,146.01,145.98,149.6,149.3550055
RL,8/6/24,Broker C,1348353,0.81,1.060222864,12602,Buy,98600,98600,0.172663228,211.09,204.72,204.89,215.28,211.0791113
HSIC,8/6/24,Broker E,1568497.375,0.35,0.590051532,7728,Buy,113100,113100,0.136729849,65.33,64.22,64.2,65.26,65.22494176
WBA,8/6/24,Broker C,19665150,0.15,0.587754667,9400,Sell,1070800,1070800,0.129373881,10.85,10.91,10.93,10.84,10.82889189
LW,8/6/24,Broker A,2839034,0.55,0.564399183,7269,Buy,205200,205200,0.076411214,54.29,53.15,53.2,54.35,54.20677821
TECH,8/6/24,Broker E,2193590.5,0.64,0.978624701,7511,Buy,218000,218000,0.097158095,49.32,47.77,47.9,50.02,49.24597013
AOS,8/6/24,Broker D,1550288.375,0.3,0.872556567,8857,Sell,149200,149200,0.12937165,61.73,62.78,62.69,62.05,61.76195281
CPB,8/6/24,Broker D,3745423,0.32,0.404911965,11203,Buy,261100,230300,0.070938872,38.32,37.69,37.8,38.75,38.27875671
MTCH,8/6/24,Broker C,5115680.5,0.44,0.591599047,7173,Buy,492400,492400,0.145166008,29.55,29.12,28.94,29.66,29.56646851
AES,8/6/24,Broker E,14259086,0.58,0.945910573,6977,Buy,1260900,1070200,0.095268866,10.4,10.2,10.14,10.28,10.2793062
FRT,8/6/24,Broker E,981473.5,0.43,0.80000782,7917,Sell,81800,81800,0.168768916,91.08,93.07,93.05,92.32,91.21160188
NCLH,8/6/24,Broker D,16253093,0.88,1.468388319,7114,Buy,1275800,1104100,0.176213864,17.31,16.67,16.79,17.46,17.28055467
ENPH,8/6/24,Broker C,3664565.5,0.72,1.072749496,6772,Buy,294700,294700,0.109768958,53.63,52.07,52.14,54.65,53.58486245
HAS,8/6/24,Broker C,2073502.25,0.59,0.878377974,7210,Buy,139700,139700,0.197610464,53.41,52.16,52.2,54.02,53.37942644
WYNN,8/6/24,Broker A,2804277.75,0.64,0.920791984,7958,Buy,160300,160300,0.054638102,77.4,75.77,75.79,77.6,77.29295582
GNRC,8/6/24,Broker C,931832.75,0.64,1.488258839,6354,Sell,51000,51000,0.140015586,107.46,110,109.98,107.86,107.4933352
PARA,8/6/24,Broker A,9434556,0.34,0.801711023,7689,Buy,831500,831500,0.153369147,11.24,10.93,11.08,11.11,11.10280535
MGM,8/6/24,Broker E,6752680,0.67,1.398429513,8183,Sell,427300,427300,0.188886961,28.23,29.11,29,28.55,28.37779486
ALB,8/6/24,Broker A,3355922.75,0.93,1.281180859,6238,Sell,224100,198100,0.142307167,51.65,53.21,53.2,52.13,51.80919874
DVA,8/6/24,Broker B,909545.5,0.38,0.739418805,10680,Buy,57100,57100,0.192611102,142.97,140.45,140.61,144.12,142.8957712
APA,8/6/24,Broker A,9381971,1.05,0.943391263,5606,Sell,494600,494600,0.057112238,15.19,15.68,15.67,15.56,15.32703715
FOX,8/6/24,Broker D,1367305.625,0.52,0.653857589,20638,Buy,138400,132900,0.156019424,45.87,44.83,44.82,45.87,45.80826212
IVZ,8/6/24,Broker D,6818165,0.68,1.153514981,5575,Buy,387100,387100,0.137300429,13.1,12.69,12.8,13.36,13.08467168
BEN,8/6/24,Broker B,5018205,0.5,0.993404508,9116,Sell,341400,341400,0.159765926,17.25,17.55,17.62,17.44,17.25367827
CRL,8/6/24,Broker B,1923912.25,1.15,0.819497168,5043,Buy,137700,137700,0.079117752,108.13,103.91,104.01,109.51,108.1017702
CZR,8/6/24,Broker E,6304107,0.76,1.529064894,5300,Buy,600600,514500,0.189539494,26.42,25.54,25.61,26.53,26.31653469
MHK,8/6/24,Broker D,818728.5,0.53,1.147715569,6250,Sell,57600,55100,0.076818723,99.52,101.75,101.64,99.88,99.57121462
NWS,8/6/24,Broker A,946888.9375,0.42,0.94787389,15160,Buy,93100,93100,0.156334445,30.35,29.84,29.8,30.63,30.28372559
AAPL,8/7/24,Broker B,72106864,0.68,1.041596293,2901664,Buy,544000,534500,0.077390369,195.87,193.41,193.47,198.12,195.8839258
MSFT,8/7/24,Broker A,26193634,0.4,0.991805494,2669692,Buy,166700,163400,0.11435027,365.87,362.82,362.77,366.1,365.7786758
NVDA,8/7/24,Broker A,323825056,0.81,1.904370189,2364604,Buy,8084100,8084100,0.140378301,100.95,98.77,98.8,102.53,100.8656225
AMZN,8/7/24,Broker E,56974192,0.58,1.184175968,1775661,Buy,1472300,1472300,0.157556525,172.12,169.6,169.68,172.08,172.0532393
META,8/7/24,Broker E,20542520,0.67,1.181922793,1223500,Buy,739500,739500,0.060795143,500.34,491.33,491.26,506.28,500.2390935
GOOGL,8/7/24,Broker C,38393644,0.46,0.987897754,1813077,Sell,1809900,1744000,0.177943079,146.21,148.88,148.71,146.33,146.1718535
AVGO,8/7/24,Broker B,37874508,0.79,1.959495664,781511,Buy,772800,772800,0.119808044,170.26,166.99,167,170.27,170.2363767
GOOG,8/7/24,Broker A,24951546,0.46,0.98287636,1813077,Buy,1011800,1011800,0.040885286,153.71,150.97,151.12,154.36,153.5733461
TSLA,8/7/24,Broker E,140806080,1.03,1.58415544,731758,Buy,4928500,4928500,0.120090848,236.35,230.26,230.36,237.11,236.2211444
LLY,8/7/24,Broker C,3938780.25,0.57,0.776895583,775474,Sell,48700,48700,0.151589213,831.19,841.51,841.71,837.02,831.1896492
JPM,8/7/24,Broker B,14446872,0.49,1.117400289,637278,Sell,675000,675000,0.191520509,226.29,230.63,230.5,229.92,226.3980714
V,8/7/24,Broker C,7732261.5,0.41,0.824475527,643335,Buy,267700,267700,0.035323702,333.61,329,329.01,337.79,333.6108809
XOM,8/7/24,Broker A,19817686,0.42,0.607271492,455670,Buy,454700,454700,0.164301489,106.98,105.61,105.57,108.03,106.8388579
COST,8/7/24,Broker A,2917253,0.35,0.817268252,424947,Buy,9900,9900,0.057757423,999.62,993,993.15,1004.24,999.5498184
MA,8/7/24,Broker A,3392971.25,0.4,0.856543481,463128,Sell,7100,7100,0.03561273,513.79,517,516.97,516.35,513.8551767
UNH,8/7/24,Broker B,6109557,0.85,0.466492683,387145,Buy,129200,129200,0.105356089,459.09,449.76,449.72,464.55,459.0254203
NFLX,8/7/24,Broker E,5633900.5,0.49,1.128229022,420426,Buy,163500,163500,0.147537711,997.32,984.4,984.48,1007.39,997.2033455
WMT,8/7/24,Broker C,27689224,0.42,0.781679511,740837,Sell,537500,537500,0.061603127,91.66,93.02,92.74,92.45,91.70291121
PG,8/7/24,Broker A,9135826,0.29,0.483530194,388659,Sell,413300,413300,0.144380318,167.52,169.89,169.7,167.78,167.6325475
JNJ,8/7/24,Broker A,10849724,0.33,0.518104196,378153,Buy,37400,37400,0.046976022,158.94,157.96,157.94,159.01,158.8423347
HD,8/7/24,Broker A,4276120,0.36,0.904466271,344794,Sell,183700,183700,0.077565251,348.9,354.29,354.1,350.08,349.0430582
ABBV,8/7/24,Broker B,8754635,0.36,0.487410396,301009,Buy,419300,409900,0.167609078,176.1,173.47,173.56,176.15,176.0188202
KO,8/7/24,Broker A,20127234,0.24,0.439482689,313171,Buy,84100,84100,0.086814768,73.6,73.38,73.2,73.75,73.50710826
PM,8/7/24,Broker A,7038256,0.31,0.448695272,252431,Buy,348400,348400,0.059492723,165.96,163.76,163.69,165.99,165.9044434
BAC,8/7/24,Broker C,58030748,0.54,1.156621456,280695,Sell,706800,675900,0.086556365,36.49,37.07,36.92,36.78,36.48911484
CRM,8/7/24,Broker D,7202936.5,0.47,1.214108348,227046,Buy,30700,30700,0.06697336,242.11,240.43,240.44,242.97,242.0616108
CVX,8/7/24,Broker A,11178586,0.49,0.715148687,233589,Sell,546700,546700,0.172711542,133.44,136.02,136.03,135.74,133.5499128
ABT,8/7/24,Broker A,8016111.5,0.3,0.586934447,225271,Buy,74600,74600,0.144031489,131.94,130.97,130.89,132.67,131.854064
MCD,8/7/24,Broker B,4345218,0.28,0.59120661,220757,Sell,39800,35200,0.179482505,308.75,311,310.88,309.28,308.8147665
CSCO,8/7/24,Broker E,26598580,0.43,0.881947041,216300,Buy,1267000,1267000,0.082784285,55.83,55.16,55.05,56.34,55.71520899
IBM,8/7/24,Broker E,5153453.5,0.39,0.758216262,219038,Buy,20100,17500,0.14266529,239.11,238.07,238.16,239.5,238.9939326
LIN,8/7/24,Broker A,2600478.25,0.37,0.727685034,209902,Buy,36000,36000,0.146331539,455.34,450.54,450.65,458.14,455.2619678
WFC,8/7/24,Broker C,20418954,0.5,0.994544625,209003,Buy,609600,609600,0.053376382,65.14,64.2,64.15,65.57,65.19477414
ORCL,8/7/24,Broker D,12495883,0.58,1.279027343,344416,Buy,400000,400000,0.111610574,129.01,126.89,126.83,130.81,128.926954
MRK,8/7/24,Broker A,18299742,0.35,0.553353965,195901,Buy,860300,860300,0.148322511,79.21,78.08,78.05,80.08,79.15881647
PEP,8/7/24,Broker B,7963296,0.27,0.47175014,194356,Buy,373300,373300,0.117098699,144.26,142.5,142.57,145.33,144.2216023
GE,8/7/24,Broker B,6722253,0.57,1.188797116,190224,Buy,89800,78500,0.066429717,181.59,179.29,179.3,181.8,181.5745307
T,8/7/24,Broker E,45441512,0.33,0.480280787,189002,Buy,404900,404900,0.045413085,27.41,27.16,27.26,27.35,27.34056377
PLTR,8/7/24,Broker E,110576536,0.91,2.046456575,212958,Buy,2853100,2592100,0.094830106,94.88,92.84,93,96.22,94.8338258
VZ,8/7/24,Broker C,29510090,0.34,0.553383589,184170,Sell,252300,215000,0.025962799,43.85,44.2,44.16,44.14,43.85608537
ACN,8/7/24,Broker A,4422696,0.44,0.80521059,175001,Sell,81200,81200,0.136766595,278.73,282.34,282.35,281.13,278.814321
ISRG,8/7/24,Broker B,2817014.75,0.61,1.206331491,167787,Buy,39600,39600,0.189219792,482.77,475.94,475.98,486.26,482.8215433
RTX,8/7/24,Broker E,5422184.5,0.41,0.707878292,168382,Buy,261100,261100,0.181152934,130.43,128.5,128.67,130.72,130.2827125
INTU,8/7/24,Broker E,1932800.125,0.43,1.002376318,159026,Sell,6400,6400,0.079420989,575.85,578.43,578.39,576.76,575.9793397
TMO,8/7/24,Broker E,2260051.5,0.45,0.859779418,159245,Buy,89200,89200,0.056898415,431.35,425.5,425.52,432.21,431.2300243
NOW,8/7/24,Broker A,2160465,0.62,1.252818584,156492,Buy,101100,101100,0.045815325,776.15,759.36,759.3,785.26,776.0713263
GS,8/7/24,Broker C,3531042.75,0.6,1.261187077,161610,Sell,86500,86500,0.151860935,497.2,505.4,505.54,501.23,497.256805
UBER,8/7/24,Broker B,19155544,0.55,1.195605874,152495,Buy,408500,408500,0.145111512,75.67,74.44,74.54,76.22,75.63017824
PGR,8/7/24,Broker C,3972077.25,0.43,0.573527932,150903,Buy,126200,126200,0.107645913,268.03,264.18,264.31,271.25,268.0128462
DIS,8/7/24,Broker D,11873562,0.58,0.890657663,151854,Buy,224600,224600,0.02212411,86.17,84.91,84.97,87.06,86.08502014
ADBE,8/7/24,Broker A,4928740.5,0.59,1.125434399,146280,Buy,28100,28100,0.01811839,348.48,344.57,344.77,350.25,348.3765985
BKNG,8/7/24,Broker E,318188.8125,0.47,1.077503562,145622,Sell,12700,12700,0.045150682,4501.27,4566.64,4566.49,4525.33,4501.385751
QCOM,8/7/24,Broker D,9248309,0.67,1.497467756,150571,Buy,223000,200000,0.075037129,136.98,134.73,134.74,137.7,136.8760886
AMGN,8/7/24,Broker D,3351891,0.33,0.565429389,147144,Buy,114700,114700,0.081661501,280.45,277.29,277.3,282.68,280.4236152
SPGI,8/7/24,Broker C,1517246.25,0.42,1.000825882,140911,Buy,14100,14100,0.066399475,464.09,460,459.95,467.97,464.0754503
TJX,8/7/24,Broker E,6671403,0.3,0.678406835,138498,Sell,44500,44500,0.069296638,126.83,127.23,127.37,127.1,126.9834637
AMD,8/7/24,Broker C,41816476,0.95,1.692152262,139004,Buy,587200,586900,0.09228631,87.73,86.02,86.08,88.98,87.71286927
CAT,8/7/24,Broker C,3281743.25,0.5,1.076455116,136086,Buy,20300,20300,0.184854546,291.83,289.33,289.25,292.33,291.8491707
BSX,8/7/24,Broker B,9649542,0.42,0.887817025,138411,Buy,425100,425100,0.18151552,96.65,95.05,95.13,97.68,96.67497493
AXP,8/7/24,Broker B,4197011.5,0.62,1.152603507,169900,Sell,77400,77400,0.044131674,244.92,248.85,248.85,248.37,244.9309101
NEE,8/7/24,Broker A,13180131,0.37,0.569819272,133149,Buy,498900,498900,0.038327522,66.78,65.82,65.83,66.82,66.69683984
TXN,8/7/24,Broker B,8989339,0.71,1.09406817,132493,Sell,100500,100500,0.178852996,143.22,145.46,145.36,144.51,143.268445
MS,8/7/24,Broker C,9562043,0.6,1.288030863,170984,Buy,103200,103200,0.111149293,109.3,108.14,107.96,109.58,109.3166428
UNP,8/7/24,Broker B,3233668.5,0.38,0.845109522,129483,Sell,5000,5000,0.142763398,217.1,218.16,218.18,218.13,217.1849826
GILD,8/7/24,Broker B,10361147,0.28,0.585657597,129908,Buy,395600,395600,0.125218053,105.24,104.1,104.06,105.66,105.2241151
SCHW,8/7/24,Broker D,12408055,0.45,1.128342867,139918,Sell,396900,396900,0.171899186,74.49,75.64,75.56,75.22,74.55846713
CMCSA,8/7/24,Broker A,28652040,0.38,0.723178506,127042,Buy,1269500,1269500,0.091411751,34.37,33.75,33.85,34.31,34.26728454
HON,8/7/24,Broker D,4912729.5,0.44,0.834966779,124940,Sell,115400,115400,0.181961501,192.35,194.98,194.76,192.88,192.4065119
BLK,8/7/24,Broker A,1083176.875,0.51,1.162742853,132389,Buy,11400,11400,0.046975265,877.33,867,867.05,885.51,877.2825194
TMUS,8/7/24,Broker B,4545863,0.35,0.688813746,288121,Sell,221700,221700,0.054300911,256.5,260.39,260.27,257.03,256.5544115
VRTX,8/7/24,Broker D,1611804.375,0.24,0.849466443,122761,Sell,30600,30600,0.057500693,484.5,488,487.96,486.92,484.5649213
PFE,8/7/24,Broker E,61340208,0.31,0.494620919,124999,Buy,255300,255300,0.099070693,22.27,22.13,22.19,22.19,22.18780824
LOW,8/7/24,Broker E,2954811.25,0.36,0.888534725,119089,Buy,66500,66500,0.091498324,219.51,217.67,217.57,220.25,219.4227024
BA,8/7/24,Broker D,10290827,0.72,1.262373209,119889,Sell,340000,340000,0.191438622,156.8,160,160.08,158.47,156.8262605
DHR,8/7/24,Broker B,4341055.5,0.51,0.908220112,132330,Sell,196200,196200,0.166827874,181.88,185.28,185.33,182.6,181.9146771
ADP,8/7/24,Broker B,2150195,0.35,0.787215412,115897,Sell,48900,48900,0.13981643,287.35,290.77,290.62,288.97,287.3660274
SYK,8/7/24,Broker B,1907405.125,0.37,0.750790775,129618,Buy,53300,53300,0.046648203,348.97,344.71,344.66,351.49,348.972933
C,8/7/24,Broker A,20884940,0.6,1.245760441,117993,Buy,138500,138500,0.056124371,63.63,62.75,62.91,63.99,63.56930294
FI,8/7/24,Broker C,3409129.25,0.43,0.87523675,116342,Sell,133800,133800,0.196100887,205.39,208.64,208.55,206.88,205.4408416
DE,8/7/24,Broker A,1539067.125,0.43,0.961758375,119846,Buy,33900,33900,0.159038777,456.5,450.42,450.47,456.97,456.4288377
COP,8/7/24,Broker A,10939566,0.67,0.772891283,110678,Buy,339400,339400,0.107526659,89.1,87.26,87.31,89.11,89.00711586
AMAT,8/7/24,Broker D,8732342,0.7,1.516796589,110130,Buy,126000,126000,0.161241742,137.31,135.13,135.3,138.53,137.2248505
PANW,8/7/24,Broker A,5760672,0.58,1.216528773,105969,Buy,120300,120300,0.13209411,167.9,165.09,165.22,168.1,167.8559833
MMC,8/7/24,Broker E,2447921.75,0.33,0.590217888,104508,Buy,104900,104900,0.111227296,221.18,218.61,218.81,222.77,221.0196104
CB,8/7/24,Broker D,2063046.375,0.31,0.533117235,112104,Buy,74400,74400,0.062475807,288.14,285,285,289.16,288.0954958
ETN,8/7/24,Broker D,3941023.75,0.6,1.268835664,101652,Buy,58700,58700,0.095643841,267.8,264.12,264.27,268.16,267.741406
MDT,8/7/24,Broker A,8498045,0.29,0.682784915,104912,Buy,122900,122900,0.066778488,83.22,82.6,82.48,83.54,83.1481171
AMT,8/7/24,Broker D,3553526.5,0.31,0.532872975,102045,Buy,83100,83100,0.157486019,223.47,221.33,221.39,223.89,223.3991807
SO,8/7/24,Broker A,5008373,0.23,0.426127642,99270,Buy,122500,122500,0.057488624,92.56,91.62,91.73,92.68,92.46906509
BMY,8/7/24,Broker B,13893362,0.33,0.433606565,99581,Buy,153200,153200,0.196314802,49.98,49.35,49.56,50.04,49.96980905
MO,8/7/24,Broker C,12420729,0.23,0.458243698,97184,Buy,455200,455200,0.088351089,58.75,58.3,58.21,58.81,58.76978888
ELV,8/7/24,Broker B,1897402.5,0.34,0.451055408,92069,Buy,60700,60700,0.125864756,427.05,421.66,421.85,430.87,426.9683433
LMT,8/7/24,Broker B,1811621.75,0.34,0.528686762,107512,Buy,40300,40300,0.062880476,464.44,459.26,459.43,468.39,464.3990555
BX,8/7/24,Broker A,6410232,0.74,1.327261329,147576,Buy,139500,139500,0.061006121,129.41,127,126.93,131.04,129.2785761
PLD,8/7/24,Broker D,6284098,0.54,1.035050511,93652,Sell,242900,242900,0.14698529,98.98,100.51,100.73,99.2,99.0181964
CME,8/7/24,Broker A,3201366.75,0.23,0.449448019,93818,Buy,9400,9400,0.102391534,264.67,263.28,263.4,265.73,264.5809776
DUK,8/7/24,Broker D,4900300,0.24,0.36730212,93375,Buy,224700,223400,0.140314538,122.76,121.58,121.57,122.97,122.7453591
SBUX,8/7/24,Broker B,11626514,0.59,1.146592379,91644,Sell,39300,39300,0.079297296,79.8,80.36,80.5,80.38,79.80832689
CRWD,8/7/24,Broker B,4596504.5,0.73,1.664388299,89901,Sell,216600,184300,0.1479819,355.23,363.8,363.67,357.97,355.2872875
ICE,8/7/24,Broker B,4024815.75,0.28,0.815884113,89064,Buy,104700,104700,0.073617055,159.04,157.42,157.46,159.91,158.9899797
CI,8/7/24,Broker D,1856092.125,0.26,0.510866761,88048,Buy,58600,58600,0.041208314,333.9,330.8,330.88,334.11,333.8746825
WELL,8/7/24,Broker C,3609059,0.31,0.67238766,93593,Buy,50400,50400,0.100886796,148.08,146.76,146.87,149.32,148.1019216
GEV,8/7/24,Broker A,4296794.5,0.8,1.5,85579,Buy,172000,172000,0.117714293,328.06,320,319.97,335.55,328.0055153
ADI,8/7/24,Broker D,4588623,0.77,1.321415544,86791,Sell,19000,17800,0.077757596,171.07,172.65,172.79,171.54,171.1423879
MCK,8/7/24,Broker E,1129723.5,0.27,0.501902699,85534,Sell,6800,6800,0.183360505,700.52,703.03,703.03,700.75,700.7223692
MDLZ,8/7/24,Broker E,10405951,0.27,0.409132928,87785,Buy,467500,467500,0.175569339,67.81,67.3,67.19,68.18,67.69531328
CVS,8/7/24,Broker E,10635882,0.33,0.764965117,82270,Buy,375200,375200,0.080170496,68.15,67.3,67.48,68.29,67.96519035
WM,8/7/24,Broker A,1838091.625,0.25,0.538219333,91559,Buy,3100,3100,0.101306723,231.78,230.78,230.77,231.68,231.602792
KLAC,8/7/24,Broker C,1346563.125,0.74,1.578629613,82496,Buy,30500,30500,0.131827978,635.17,623.43,623.46,642.81,635.1459472
AJG,8/7/24,Broker A,1667881.125,0.34,0.612837076,81682,Buy,71200,71200,0.068579331,333.18,328.42,328.55,334.25,333.0930211
INTC,8/7/24,Broker C,111931832,0.93,1.574641943,82154,Buy,91900,91900,0.038983453,19.11,18.93,18.98,19.11,19.08435444
LRCX,8/7/24,Broker D,13776550,0.81,1.61843729,80088,Buy,181000,181000,0.08753655,63.3,62.36,62.3,64.07,63.2496209
ORLY,8/7/24,Broker B,458705.9688,0.3,0.512424648,78334,Sell,20100,20100,0.114535397,1374.59,1392,1392.03,1389.8,1374.626136
AON,8/7/24,Broker D,1403522.25,0.28,0.581544459,76886,Buy,61700,61700,0.087649471,369.69,365.75,365.69,372.74,369.6379749
APH,8/7/24,Broker D,9046439,0.54,1.336825252,77057,Buy,320800,320800,0.068764377,65.05,63.94,63.97,65.94,64.97067799
CL,8/7/24,Broker D,5917938,0.3,0.457846314,76810,Buy,38200,38200,0.122879712,96.57,95.8,96.03,96.73,96.59288768
SHW,8/7/24,Broker D,2088853.375,0.36,0.941084564,81062,Sell,64500,64500,0.091290464,328.05,331.87,331.93,331.24,328.1194199
EQIX,8/7/24,Broker E,787754.5625,0.39,0.928478122,75633,Buy,19100,19100,0.120750948,791.77,783.79,784.01,796.17,791.6671711
MU,8/7/24,Broker E,28983996,1.04,1.875524879,74587,Buy,948700,948700,0.104098899,69.72,67.76,67.98,70.27,69.57392573
TDG,8/7/24,Broker A,314887.9063,0.42,0.995311379,73277,Buy,700,700,0.120096852,1339.92,1331.41,1331.32,1344.65,1339.831816
TT,8/7/24,Broker E,1656028.125,0.45,1.197039723,72305,Buy,54200,54200,0.06900815,334.42,330.1,330.22,337.04,334.3262404
ANET,8/7/24,Broker B,11877461,0.7,1.682001829,84968,Buy,228700,196400,0.085757337,69.78,68.68,68.64,70.59,69.7319113
NOC,8/7/24,Broker C,1115825.375,0.32,0.599564493,76585,Sell,600,600,0.182321194,538.51,540,539.98,539.85,538.5433439
PH,8/7/24,Broker A,1032480.313,0.68,1.207091451,70472,Sell,44200,44200,0.17021064,539.33,552.06,552.04,551.31,539.4509858
WMB,8/7/24,Broker A,8275608.5,0.39,0.808866858,68896,Sell,11900,11900,0.088486768,57.47,57.95,57.78,57.65,57.57903992
CDNS,8/7/24,Broker B,2427913.5,0.57,1.3736552,69006,Sell,64200,64200,0.064834628,252.7,257.02,257.02,254.26,252.7194781
MMM,8/7/24,Broker D,4530638,0.51,1.006646872,68003,Buy,121900,121900,0.149524611,130.87,129,128.99,131.52,130.7998526
CTAS,8/7/24,Broker D,2318209.75,0.41,0.948155165,80923,Buy,61300,54000,0.132881544,207.17,204.49,204.78,207.23,207.1209755
UPS,8/7/24,Broker D,6512738.5,0.48,0.871397614,81575,Buy,111300,111300,0.098435309,96.83,95.57,95.7,96.86,96.80807711
MSI,8/7/24,Broker D,948396.125,0.34,0.9049986,68847,Buy,3300,3300,0.153358837,419.75,417.56,417.68,420.79,419.7111345
GD,8/7/24,Broker C,1655810.125,0.36,0.714203775,73317,Buy,12600,12600,0.026109922,277.03,275.01,274.98,277.09,277.0078619
KKR,8/7/24,Broker E,7550706.5,0.9,1.628254652,87004,Buy,158700,151700,0.040498468,103.11,101,101.2,103.33,103.0435712
ZTS,8/7/24,Broker C,2779203.75,0.37,0.767200053,65522,Sell,65100,65100,0.040614299,147.09,148.67,148.77,148.03,147.058262
NKE,8/7/24,Broker B,25678442,0.71,0.788271487,82833,Buy,419200,419200,0.095608931,56.16,55.23,55.24,56.38,56.12431225
MCO,8/7/24,Broker A,1041817.375,0.52,1.158737779,74348,Sell,10900,10900,0.185379355,413.94,419,418.97,415.16,414.0255017
CMG,8/7/24,Broker B,14388523,0.46,0.869820356,63064,Buy,609000,609000,0.063269345,48.63,47.84,47.82,48.87,48.58789343
CEG,8/7/24,Broker D,4398039.5,0.83,1.476271391,60695,Buy,50500,50500,0.110363941,206.64,203.49,203.46,207.53,206.5560857
SNPS,8/7/24,Broker E,1463162.375,0.54,1.399227858,62213,Buy,63700,63700,0.081587749,413.06,406.26,406.3,413.61,412.9961333
NEM,8/7/24,Broker E,13934138,0.49,1.032853365,62236,Sell,252300,241100,0.08967307,56.32,57,56.92,56.85,56.3990209
EOG,8/7/24,Broker E,4546741,0.56,0.80652982,60179,Sell,93400,93400,0.074053373,106.99,108.58,108.37,107.25,107.1189731
COF,8/7/24,Broker C,5593778,0.71,1.180324078,63005,Buy,109700,109700,0.182978925,171.95,169.08,169.02,174.74,171.9783693
ITW,8/7/24,Broker E,1335379.125,0.41,0.863521516,66773,Buy,30600,30600,0.02933273,231.15,228.79,228.84,231.37,231.0802358
DASH,8/7/24,Broker B,8294022.5,0.68,1.455383658,72765,Buy,79300,79300,0.048927647,180.77,178.23,178.36,183.02,180.7171163
FTNT,8/7/24,Broker C,5420590,0.6,1.176363707,71299,Buy,95000,95000,0.093677477,95.99,94.87,94.6,97.11,95.9423382
AZO,8/7/24,Broker C,164381.0938,0.3,0.586766005,59709,Buy,5000,5000,0.140193425,3629.91,3591.9,3591.88,3661.68,3629.864071
PYPL,8/7/24,Broker C,11983751,0.56,1.264015198,59636,Sell,59300,55600,0.056363017,59.65,60.24,60.18,59.93,59.64027406
PNC,8/7/24,Broker D,3215447.75,0.46,1.039765954,59414,Sell,67400,67400,0.154751985,148.32,150.5,150.17,149.06,148.3238176
ECL,8/7/24,Broker C,1645770.375,0.3,0.852666318,65664,Sell,12000,12000,0.126762931,236.49,238.09,238.02,237.59,236.4830108
HCA,8/7/24,Broker E,1648882.375,0.33,0.669401526,78197,Buy,79900,79900,0.137765189,338.64,334.93,334.83,340.59,338.6162607
ROP,8/7/24,Broker D,670314.9375,0.35,0.779269636,57910,Sell,16500,16500,0.136423348,544.63,550.42,550.43,547.34,544.6697019
USB,8/7/24,Broker E,15376011,0.5,1.192224503,58908,Sell,626800,609900,0.059214684,37.23,37.91,37.8,37.67,37.41680063
REGN,8/7/24,Broker A,1086888.625,0.39,0.743007243,61073,Sell,49000,41400,0.185841751,547.49,556.04,555.8,550.46,547.5531578
APD,8/7/24,Broker E,1285565.375,0.42,0.879582047,57305,Buy,54400,54400,0.08181477,264.89,261.39,261.42,266.14,264.7593302
TRV,8/7/24,Broker E,1616036.75,0.36,0.650661469,56549,Sell,7400,7400,0.127528538,254.93,256.12,256.02,255.77,255.0277114
AEP,8/7/24,Broker B,5192580,0.26,0.428053766,56352,Sell,239200,239200,0.196487963,106.44,107.77,107.68,107.14,106.5581695
BDX,8/7/24,Broker D,2398220.25,0.32,0.611429393,56454,Buy,17000,17000,0.168212439,200.05,198.71,198.82,200.49,200.0319552
APO,8/7/24,Broker C,5210564.5,0.84,1.517835021,68247,Buy,77300,77300,0.133610443,126.96,124.63,124.74,129.09,126.9729864
EMR,8/7/24,Broker E,3611822,0.55,1.123367548,54371,Sell,118800,103400,0.146966831,96.37,97.89,97.77,97.31,96.46589001
ADSK,8/7/24,Broker A,1828719.625,0.43,1.176352382,54160,Sell,50900,50900,0.159733454,252.15,255.92,255.84,255.04,252.2281906
BK,8/7/24,Broker A,4807429.5,0.46,1.002221107,53159,Sell,239000,221100,0.140721884,73.82,75.39,75.16,74.01,73.96852404
OKE,8/7/24,Broker B,4399638.5,0.61,0.982543945,51107,Buy,44800,44800,0.192479179,85.91,84.99,84.82,86.11,85.92807268
CSX,8/7/24,Broker A,17247650,0.38,0.81662339,51585,Buy,215500,215500,0.124959107,27.6,27.39,27.32,27.64,27.50903255
AFL,8/7/24,Broker B,2209897.75,0.37,0.651851058,57294,Sell,52700,52700,0.18331977,105.68,106.86,106.95,105.73,105.7145287
KMI,8/7/24,Broker E,14069475,0.41,0.77816236,57307,Buy,648500,648500,0.062099315,27.14,26.86,26.78,27.03,27.00766006
CPRT,8/7/24,Broker A,5663842.5,0.31,1.003289819,56739,Buy,234200,234200,0.134159348,60.17,59.45,59.39,60.75,60.07003721
ALL,8/7/24,Broker B,2196536,0.42,0.638867438,49568,Buy,16600,16600,0.17533537,193.83,192.06,192.12,195,193.7542168
O,8/7/24,Broker E,6787345.5,0.28,0.546792388,51687,Sell,24100,24100,0.152404859,57.97,58.15,58.13,58.07,58.04968896
JCI,8/7/24,Broker D,4893669.5,0.52,1.112372398,49147,Sell,139800,139800,0.185823821,74.36,75.7,75.5,75.14,74.41701555
HLT,8/7/24,Broker E,3031887.5,0.45,0.915118396,49023,Buy,53800,53800,0.120033846,211.17,209,209.1,212.7,211.0731973
MAR,8/7/24,Broker A,2279838,0.52,1.014037013,59395,Buy,26100,26100,0.030425466,221.01,218.3,218.31,221.73,220.9535122
HWM,8/7/24,Broker B,3149206.5,0.62,1.214276791,48321,Sell,123700,123700,0.171635962,119.96,122.49,122.46,121.15,120.0102156
NSC,8/7/24,Broker E,1405256,0.42,0.922046959,49532,Buy,10600,10600,0.144969105,219.3,217.72,217.91,220.09,219.2031367
COR,8/7/24,Broker B,2001972.375,0.23,0.437819302,54464,Buy,80100,80100,0.04907699,292.22,289.33,289.32,292.25,292.2000235
RSG,8/7/24,Broker D,1455583.875,0.28,0.62843889,74483,Buy,31600,31600,0.06138007,244.64,242.53,242.6,244.74,244.5527217
SLB,8/7/24,Broker A,21908206,0.69,0.939860463,47078,Buy,23200,23200,0.186982434,34.88,34.72,34.63,34.82,34.74709283
ABNB,8/7/24,Broker D,6031917,0.64,1.223857641,71612,Buy,80400,80400,0.046689905,112.84,111.32,111.34,112.88,112.7761936
CARR,8/7/24,Broker B,5284097.5,0.48,1.201488495,50267,Buy,157500,157500,0.130041034,60.2,59.28,59.28,60.59,60.15262072
AIG,8/7/24,Broker E,6132646.5,0.39,0.718751848,46340,Buy,75400,75400,0.146081985,81.85,81.09,81.25,81.75,81.73959372
DLR,8/7/24,Broker A,2638210.25,0.42,0.910633385,50244,Buy,128000,128000,0.159642685,151.48,148.95,148.94,153.27,151.4221333
RCL,8/7/24,Broker D,3211878.75,0.77,1.301109672,51454,Buy,7900,7800,0.079843788,191.22,189.52,189.63,191.8,191.1450961
EXC,8/7/24,Broker C,9899152,0.27,0.404019773,46671,Sell,57900,57900,0.051213128,47.34,47.48,47.6,47.36,47.31199669
KR,8/7/24,Broker D,8351748.5,0.33,0.378295392,47789,Buy,47100,47100,0.152596432,72.2,71.63,71.78,72.48,72.13454912
KMB,8/7/24,Broker A,2202193.5,0.27,0.478593826,46454,Buy,54300,50000,0.142422708,144.97,143.45,143.56,146.16,144.885227
WDAY,8/7/24,Broker B,2488970.25,0.44,1.046601534,56951,Buy,41400,41400,0.084133284,221.55,218.91,218.94,223.23,221.4604156
FCX,8/7/24,Broker D,21833502,0.87,1.440998435,47352,Sell,294900,294900,0.029280444,32.35,33.12,32.92,32.56,32.42993069
TFC,8/7/24,Broker B,12838491,0.54,1.143862844,46093,Buy,579400,579400,0.054350766,36.24,35.5,35.55,36.3,36.2337411
FAST,8/7/24,Broker C,4317566.5,0.41,0.823430419,46056,Sell,73300,65800,0.054931233,80.15,81.06,81,80.68,80.18890317
PSA,8/7/24,Broker C,899280.375,0.35,0.74413836,50443,Buy,17200,17200,0.113874936,296.55,293.61,293.58,296.62,296.4954019
FICO,8/7/24,Broker E,192598.1719,0.51,1.182162404,44345,Sell,8900,8900,0.061149667,1861.16,1891.67,1891.85,1866.52,1861.244874
PAYX,8/7/24,Broker C,2656627.25,0.41,0.755127072,50567,Sell,25100,25100,0.045410803,142.67,144.06,143.95,143.02,142.6581526
PCAR,8/7/24,Broker E,3600774.75,0.46,0.874807894,45822,Sell,35100,35100,0.166159144,86.5,87.17,87.18,86.62,86.53911611
SPG,8/7/24,Broker E,2080938.375,0.52,1.014560699,48024,Sell,22800,21000,0.139369764,146.95,148.3,148.27,147.17,147.0309728
ROST,8/7/24,Broker D,3821738.5,0.38,0.791156411,44554,Buy,187200,157800,0.056436699,140.97,139.14,139.09,141.45,140.9754019
FDX,8/7/24,Broker C,2370554,0.6,0.871101379,49147,Sell,24500,24500,0.076758454,203.67,206.3,206.18,203.76,203.6689915
SRE,8/7/24,Broker B,5377201,0.39,0.737867653,45934,Buy,201700,201700,0.086783798,71.53,70.53,70.52,72.14,71.49340562
CCI,8/7/24,Broker B,4355920.5,0.42,0.537642241,44471,Buy,149600,148500,0.089028614,104.64,103.16,103.13,105.42,104.6309097
KVUE,8/7/24,Broker D,17303216,0.31,0.598850489,42729,Sell,534800,534800,0.076529996,23.16,23.33,23.4,23.37,23.2312596
AMP,8/7/24,Broker C,587742.8125,0.54,1.200113416,43226,Sell,200,200,0.134003395,459,460.72,460.58,460.08,459.0360525
D,8/7/24,Broker A,5696607,0.35,0.531895697,44366,Buy,191900,191900,0.175879872,53.79,52.92,53.08,53.7,53.69181234
GWW,8/7/24,Broker C,300362.875,0.31,0.898724616,47149,Sell,200,200,0.162879529,994.93,998.03,997.79,997.41,994.9108132
GM,8/7/24,Broker A,17818398,0.47,1.023413062,42893,Buy,858800,858800,0.139857901,45.36,44.47,44.54,45.36,45.27844931
NXPI,8/7/24,Broker B,3608436.75,0.87,1.313321352,43496,Buy,7900,7900,0.181506362,168.29,166.6,166.64,168.69,168.2241799
TGT,8/7/24,Broker C,9577029,0.59,0.745406866,42724,Buy,390200,390200,0.098921916,94.48,92.64,92.68,95.24,94.45767367
MSCI,8/7/24,Broker B,605950.1875,0.44,0.953426242,41399,Sell,18900,18900,0.038433883,531.19,539.27,539.12,535.41,531.2335592
KDP,8/7/24,Broker D,14291824,0.25,0.479637235,47907,Buy,343100,312100,0.029645935,35.84,35.49,35.57,35.82,35.80195948
EW,8/7/24,Broker D,4871998.5,0.29,0.932674706,40680,Buy,190300,190300,0.19223227,72.05,71.2,71.28,72.04,72.0011223
MET,8/7/24,Broker C,4264862,0.57,0.970704496,47958,Buy,149100,149100,0.061063037,73.14,71.79,71.85,73.84,73.12214324
PEG,8/7/24,Broker A,3184916.75,0.3,0.649215996,40010,Buy,156600,156600,0.179914222,83.99,83,82.87,84.47,83.89989979
VRSK,8/7/24,Broker D,1055410.375,0.32,0.653001904,39793,Buy,50500,50500,0.101370553,295.39,291.64,291.74,296.66,295.2871874
LHX,8/7/24,Broker E,1484300.75,0.31,0.786988199,40194,Sell,600,600,0.109468004,217.06,217.15,217.15,217.16,217.1801721
CTVA,8/7/24,Broker E,3840735.75,0.42,0.811250389,40380,Buy,153700,153700,0.058727095,60.5,59.38,59.72,60.45,60.36998083
PSX,8/7/24,Broker D,3662350.5,0.67,0.967380404,39525,Buy,22500,22500,0.197458732,98.56,97.45,97.53,99,98.53683593
MNST,8/7/24,Broker E,6403771.5,0.29,0.588039458,56453,Buy,15100,15100,0.107729822,58.49,58.36,58.36,58.35,58.35011376
AXON,8/7/24,Broker B,729520.5,0.59,1.405653238,42188,Sell,200,200,0.067397181,547.9,550,550.04,548.98,547.946504
MPC,8/7/24,Broker B,3156129.25,0.66,0.903885305,39477,Buy,142100,142100,0.152208453,127.94,125.28,125.13,129.22,127.8387773
XEL,8/7/24,Broker E,3795987.5,0.26,0.411776662,39727,Buy,41500,41500,0.04090237,70.15,69.88,69.83,70.1,70.04561165
DFS,8/7/24,Broker C,2594477.75,0.77,1.18055141,41593,Buy,80900,80900,0.07264407,174.3,170.52,170.61,174.4,174.265771
YUM,8/7/24,Broker D,2512590.25,0.33,0.630044401,39132,Buy,40800,39000,0.157175989,144.46,143.14,143.24,145.43,144.347861
FIS,8/7/24,Broker C,4254328,0.48,0.729293287,40453,Buy,192800,192800,0.16317917,77.19,75.94,75.88,77.99,77.18405973
PWR,8/7/24,Broker E,1551233.25,0.53,1.243507385,37625,Buy,51600,51600,0.085673004,266.68,262.68,262.81,267.16,266.5684453
VST,8/7/24,Broker A,8435292,0.94,1.630477905,36234,Buy,136900,136900,0.053280622,114.93,112.52,112.57,115.39,114.8411515
OTIS,8/7/24,Broker B,2712143.75,0.37,0.794259965,38396,Buy,58500,58500,0.163360434,99.26,97.95,98.13,99.36,99.17095951
ED,8/7/24,Broker A,3002038.25,0.26,0.309197754,39968,Buy,36500,36500,0.065867079,112.94,111.89,112.05,113.18,112.7888788
CMI,8/7/24,Broker D,1025966.188,0.55,1.032185197,37770,Buy,14300,14300,0.111217065,281.05,277.56,277.67,282.15,281.0342464
URI,8/7/24,Broker B,761241.625,0.55,1.479452729,37278,Sell,26000,26000,0.173406599,572.97,583.63,583.39,578.23,573.0071637
TEL,8/7/24,Broker B,2187387,0.51,1.162813902,38413,Buy,23400,23400,0.126021069,129.44,127.91,127.98,129.93,129.3553372
BKR,8/7/24,Broker E,8978361,0.68,0.912857592,37435,Buy,285900,244000,0.157808068,38.94,38.32,38.3,39.05,38.84921971
TRGP,8/7/24,Broker A,2373329,0.71,1.006133914,35801,Sell,128400,107800,0.152981218,167.56,171.74,171.72,168.62,167.6776121
PCG,8/7/24,Broker B,18206530,0.3,0.577123642,37009,Sell,755600,755600,0.163176254,16.85,17.13,17.06,17.02,16.88158618
F,8/7/24,Broker E,154269360,0.51,0.947989166,37658,Buy,2279700,2279700,0.120930269,9.71,9.58,9.61,9.66,9.646757874
AME,8/7/24,Broker D,1552392.625,0.38,0.908328295,35823,Buy,39500,38300,0.027540902,157.62,156,155.87,158.8,157.5511715
HES,8/7/24,Broker C,2205686.5,0.57,0.845936716,39072,Buy,104700,104700,0.143673224,131.26,128.74,128.69,131.6,131.2840227
ETR,8/7/24,Broker A,5055218.5,0.32,0.588191152,35935,Buy,207600,207600,0.056717127,83.88,82.72,82.78,84.48,83.75308048
PRU,8/7/24,Broker E,2169791,0.52,0.964037359,34333,Sell,59900,59900,0.061078681,97.17,98.55,98.49,98.38,97.30582693
SYY,8/7/24,Broker D,3494709.5,0.33,0.499918789,34951,Buy,144900,144900,0.167200687,72.85,71.73,71.97,73.2,72.81401085
TTWO,8/7/24,Broker D,1877009.375,0.37,0.942398071,36210,Sell,14700,14700,0.047004462,209.21,210.84,210.73,210.23,209.231763
VLO,8/7/24,Broker C,4028594.5,0.69,1.000251889,34226,Sell,47800,47800,0.058001879,106.6,108.17,108.14,107.98,106.5697885
CBRE,8/7/24,Broker A,2165243.75,0.44,1.102758408,34651,Buy,98100,98100,0.085602025,118.66,116.63,116.65,118.5,118.4908373
ACGL,8/7/24,Broker B,1782318.875,0.41,0.650769889,33736,Buy,64400,64400,0.10435517,93.74,92.29,92.38,94.73,93.66570511
EA,8/7/24,Broker B,3472875.25,0.31,0.707976997,36989,Buy,134100,132700,0.090490927,146.76,145.02,144.98,147.18,146.7302451
WEC,8/7/24,Broker E,2579657.75,0.21,0.450434834,34130,Buy,32200,32200,0.097932858,108.74,108.3,108.31,108.78,108.6354328
DHI,8/7/24,Broker E,3912135,0.41,0.862580538,38054,Sell,2800,2800,0.060408084,120.28,120.36,120.47,120.42,120.401602
CTSH,8/7/24,Broker B,4620921.5,0.45,0.897250831,33549,Buy,90400,90400,0.11769525,70.23,69.32,69.34,70.69,70.21904831
VICI,8/7/24,Broker E,8872924,0.29,0.661714256,33973,Buy,349800,349800,0.057087082,32.93,32.43,32.63,33,32.85440958
HIG,8/7/24,Broker D,1744182.625,0.36,0.681961477,32598,Sell,31500,29000,0.177479089,116.05,117.02,117.14,116.41,116.0853034
IDXX,8/7/24,Broker C,920356.4375,0.47,1.024811983,32955,Buy,44400,37500,0.126279538,416.24,409.47,409.52,418.39,416.1972633
CSGP,8/7/24,Broker E,3336447.5,0.46,1.052419782,32817,Sell,99900,99900,0.137009965,77.57,78.61,78.55,78.34,77.67881797
CHTR,8/7/24,Broker D,1460611,0.5,0.81772697,51101,Buy,42800,42800,0.042348606,340.27,335.28,335.3,344.96,340.192217
CAH,8/7/24,Broker E,2750151.25,0.3,0.615272462,31686,Buy,9100,9100,0.086373205,135.92,135.52,135.53,135.95,135.7988295
WTW,8/7/24,Broker A,719839.0625,0.32,0.564704597,31380,Buy,13800,12100,0.124168968,323.71,320.52,320.49,323.65,323.6080084
GLW,8/7/24,Broker E,7247951.5,0.55,1.127289295,34871,Buy,240500,240500,0.072156367,41.27,40.72,40.65,41.21,41.16446139
VMC,8/7/24,Broker A,1552427.25,0.32,0.91711092,30934,Buy,87400,75000,0.118591431,243.67,240.19,240.29,244.45,243.6225329
HUM,8/7/24,Broker D,1663929.125,0.52,0.504744947,29680,Buy,2200,2200,0.1419337,263.69,262.51,262.42,264.74,263.6056718
EBAY,8/7/24,Broker D,5998861,0.38,0.746352613,30584,Buy,183500,183500,0.130595871,67.13,66.27,66.32,67.12,67.08293189
GIS,8/7/24,Broker A,7428856.5,0.32,0.222607225,31580,Sell,171500,171500,0.083541514,56.68,57.38,57.32,57.19,56.78896262
RMD,8/7/24,Broker E,1162067.625,0.38,1.053770781,30970,Buy,36700,31400,0.16026131,213.51,211.62,211.37,213.79,213.3995895
IT,8/7/24,Broker E,862088.0625,0.45,1.129665256,30243,Buy,33500,33500,0.065363448,405.44,399.82,399.99,406.98,405.366999
EQT,8/7/24,Broker C,8427179,0.55,1.113951445,28486,Buy,63800,63800,0.073297909,50.85,50.25,50.33,51.23,50.85504191
MLM,8/7/24,Broker D,607821.625,0.33,0.953669608,29395,Buy,14300,14300,0.092123449,495.99,491.14,491.13,497.49,495.9375336
CNC,8/7/24,Broker E,4603081,0.31,0.406555951,28776,Buy,24400,24400,0.165895393,61.12,60.71,60.88,61.15,61.04803069
EXR,8/7/24,Broker C,1285439.375,0.39,0.8493523,29330,Buy,13600,13600,0.014387098,141.22,139.76,139.97,141.8,141.1622701
NDAQ,8/7/24,Broker D,3591433.75,0.46,0.828990459,40567,Sell,112500,112500,0.079545226,70.43,71.51,71.45,70.92,70.46649049
VTR,8/7/24,Broker A,3759618.25,0.28,0.697105527,29243,Sell,92700,92700,0.118602182,66.62,67.44,67.32,66.85,66.7301098
GRMN,8/7/24,Broker D,1260726.25,0.65,0.991939723,35947,Buy,60600,60600,0.158457269,191.21,187.12,187.15,191.47,191.2047359
A,8/7/24,Broker C,2477031.75,0.47,0.998218417,28584,Buy,84600,84600,0.099089897,103.58,101.85,102.01,103.7,103.5956954
WAB,8/7/24,Broker C,1099454.375,0.48,1.110182405,28560,Sell,300,300,0.101227077,168.13,168.74,168.62,168.46,168.1561296
IR,8/7/24,Broker A,3131694,0.52,1.183133483,28103,Buy,69300,69300,0.048629221,71.97,70.89,70.89,71.94,71.88362837
STZ,8/7/24,Broker D,2573782.25,0.32,0.651316345,33844,Buy,61300,61300,0.133722588,188.38,186.45,186.57,189.29,188.36974
AWK,8/7/24,Broker E,1828562.625,0.3,0.470711619,28692,Sell,59900,59900,0.193848528,146.71,148,148.02,147.99,146.7884181
AVB,8/7/24,Broker B,957343.8125,0.39,0.853089452,28729,Buy,600,600,0.129854882,202.21,201.42,201.44,202.3,202.1755279
ODFL,8/7/24,Broker E,1910647.125,0.58,1.112155557,31794,Buy,80900,77200,0.170146274,154.06,151.47,151.46,155.72,153.966081
GEHC,8/7/24,Broker E,5121890.5,0.71,1.147836328,27690,Buy,256000,256000,0.142703503,63.31,61.73,61.95,63.56,63.17787339
LULU,8/7/24,Broker D,3117086,0.75,0.817370057,30631,Sell,35500,35500,0.020487853,245.81,249.34,249.4,248.83,245.8574967
BRO,8/7/24,Broker D,1961675.125,0.32,0.701902211,32509,Buy,29800,29800,0.187759562,117.96,116.84,117,118.43,117.894866
DTE,8/7/24,Broker C,1640223.5,0.26,0.47982955,27347,Buy,55400,55400,0.1261731,134.32,132.83,133.01,135.45,134.2891359
BR,8/7/24,Broker E,621545.6875,0.36,0.782384157,26690,Sell,17000,17000,0.182429368,232.4,234.67,234.68,233.74,232.51839
EFX,8/7/24,Broker A,1234932.125,0.52,1.309583545,26868,Buy,33200,33200,0.135237496,221.45,217.89,217.9,222.61,221.3967969
OXY,8/7/24,Broker E,15108736,0.7,0.679570973,36670,Buy,685700,685700,0.090040993,40.09,39.1,39.27,40.3,39.98412847
XYL,8/7/24,Broker B,1987830.125,0.41,1.123633265,26408,Sell,75600,75600,0.091688189,107.54,109.21,109.17,108.69,107.5722156
TSCO,8/7/24,Broker C,5318770.5,0.45,0.765961647,26363,Sell,86900,86900,0.146338514,49.7,50.19,50.28,50.08,49.70782872
DXCM,8/7/24,Broker E,4825727,0.55,1.070894837,25922,Buy,14200,14200,0.171407793,68.35,68.07,67.98,68.27,68.25532868
AEE,8/7/24,Broker E,2107070.25,0.25,0.507441759,26065,Sell,78000,78000,0.056273188,97.35,98.08,98.12,98.01,97.51681025
MTB,8/7/24,Broker A,1625571.25,0.47,0.980700493,25756,Buy,63800,63800,0.074120321,161.47,158.69,158.74,162.38,161.3929333
ANSS,8/7/24,Broker B,632879.5625,0.41,1.127478838,26115,Sell,17600,17600,0.058031213,296.69,300.88,300.74,299.25,296.7566776
DELL,8/7/24,Broker C,8990889,0.93,1.688794136,57495,Buy,382200,382200,0.183285709,85.78,83.38,83.46,86.37,85.73672875
PPL,8/7/24,Broker E,5713525,0.25,0.522806942,26096,Buy,228400,228400,0.083673392,35.81,35.57,35.52,35.87,35.7048454
ROK,8/7/24,Broker B,1085357.25,0.53,1.038438201,25660,Sell,29600,29600,0.10469941,225.15,228.88,228.83,227.56,225.1697491
DAL,8/7/24,Broker D,15970300,0.95,1.207352281,25772,Buy,327500,282200,0.026944264,41.08,40.16,40.26,41.1,40.98705943
NUE,8/7/24,Broker E,2965347.25,0.63,1.079811215,24614,Buy,62800,60800,0.023713496,111.03,109.33,109.49,111.75,110.9795312
CHD,8/7/24,Broker C,1830031.375,0.27,0.411989838,25384,Buy,79300,79300,0.159622856,106.09,105,104.93,106.86,106.0142835
FANG,8/7/24,Broker D,3052251.25,0.82,0.885042548,38922,Buy,93600,89900,0.060504312,136.98,134.18,134.07,139.57,136.9648799
KHC,8/7/24,Broker D,12042805,0.33,0.360269487,35730,Buy,81400,81400,0.064077566,29.65,29.56,29.47,29.67,29.59891544
DD,8/7/24,Broker A,3624361,0.71,0.984351695,25156,Buy,99200,99200,0.1633354,60.82,59.48,59.6,61.74,60.70429203
MPWR,8/7/24,Broker C,1145968.625,1.11,1.914679885,24331,Sell,36400,36400,0.169857852,498.07,512.72,512.76,508.5,498.0643994
ATO,8/7/24,Broker D,1068291.25,0.23,0.55874145,24847,Buy,2700,2700,0.045107044,157.14,156.78,156.65,157.57,157.1492389
IRM,8/7/24,Broker A,2148413.75,0.49,1.041708589,24072,Buy,86600,82500,0.070017132,84.84,83.59,83.37,85.16,84.75143413
SBAC,8/7/24,Broker A,1136725.875,0.32,0.55840081,24366,Buy,42400,42400,0.187147886,232.47,229.46,229.5,234.6,232.3866916
HSY,8/7/24,Broker A,1714671.625,0.32,0.440539747,33721,Buy,73000,73000,0.044443491,168.77,166.37,166.52,168.92,168.6421474
RJF,8/7/24,Broker D,1904403.75,0.49,1.124410748,26810,Buy,35200,35200,0.040996052,133.77,132.36,132.14,135.23,133.7166789
TPL,8/7/24,Broker D,145288.7344,0.87,1.070005655,28707,Buy,4100,4100,0.149320482,1302.9,1274.22,1274.36,1303.58,1302.826578
LEN,8/7/24,Broker D,3604617.5,0.41,0.952108204,27192,Buy,75300,75300,0.051168211,105.14,103.78,103.97,105.26,105.1126488
IP,8/7/24,Broker E,6315342,0.57,0.763397038,23786,Sell,193900,193900,0.170445867,45.21,45.83,45.91,45.85,45.28615001
TYL,8/7/24,Broker A,289309.8438,0.37,0.932694316,23947,Sell,8300,8300,0.163359411,557.95,565.31,565.38,565.15,558.0265336
GDDY,8/7/24,Broker A,1731630.75,0.4,1.121523619,23532,Sell,55000,55000,0.078101019,168.4,170.84,170.85,169.71,168.4717938
CNP,8/7/24,Broker A,6544230,0.2,0.511033058,23818,Buy,315800,275600,0.053148669,37.29,36.98,36.93,37.29,37.19613764
IQV,8/7/24,Broker B,2062076.375,0.54,0.965077341,24899,Sell,45600,45600,0.148884409,140.07,142.24,142.23,141.38,140.0927902
DRI,8/7/24,Broker C,1471352.875,0.41,0.675583124,23062,Buy,2900,2900,0.09484622,200.47,199.52,199.44,200.53,200.4299094
STT,8/7/24,Broker D,2406070.25,0.51,0.965664208,23269,Buy,17000,16400,0.110183405,81.03,80.1,80.32,81.2,80.93749503
KEYS,8/7/24,Broker C,1073229.625,0.59,1.460006237,22790,Buy,1000,1000,0.08041208,133.84,133.2,133.15,134.06,133.8374243
EQR,8/7/24,Broker C,2058523.25,0.41,0.833705187,25639,Buy,10700,10700,0.072927758,68.19,67.64,67.7,68.25,68.23044385
PPG,8/7/24,Broker B,2583960.25,0.52,0.913599849,22561,Buy,83400,76600,0.13493156,101.16,99.57,99.53,101.46,101.1130327
FITB,8/7/24,Broker E,6024540,0.51,1.154086709,22261,Sell,160600,151800,0.162523465,33.28,33.84,33.71,33.51,33.4029761
ADM,8/7/24,Broker A,5736518,0.43,0.613135517,23091,Buy,90500,90500,0.088578133,48.42,47.83,47.85,48.76,48.32620144
CBOE,8/7/24,Broker B,1028178.75,0.3,0.335441858,22449,Sell,7900,7900,0.140653717,216.5,217.97,218.04,217.07,216.5749107
EXE,8/7/24,Broker A,6257997,0.43,0.875163198,23791,Buy,57800,57800,0.072857465,107.45,106.4,106.37,107.56,107.3503409
HPQ,8/7/24,Broker C,10433243,0.69,1.06854558,22389,Buy,60500,60500,0.024813914,23.69,23.45,23.43,23.85,23.65104515
FTV,8/7/24,Broker A,2953923,0.5,1.015593648,21779,Sell,141200,141200,0.111362304,63.48,64.63,64.72,64.15,63.57094688
EIX,8/7/24,Broker B,3870291.5,0.38,0.615453899,21488,Sell,18500,18500,0.164610745,56.32,56.88,56.72,56.63,56.33906698
K,8/7/24,Broker B,2832324.25,0.04,0.390702844,28449,Buy,67200,67200,0.107189615,82.34,82.35,82.12,82.33,82.2763091
VLTO,8/7/24,Broker D,1591432.75,0.37,1.5,21630,Sell,55500,55500,0.09648462,87.29,88.46,88.39,87.47,87.3356989
DOV,8/7/24,Broker C,1323083.75,0.51,1.118279934,21659,Sell,23800,23800,0.100012807,157.81,159.94,159.91,159.02,157.7748499
STE,8/7/24,Broker E,602092.9375,0.32,0.631336212,21495,Sell,30000,30000,0.160238446,218.6,221.22,221.08,219.01,218.7499216
UAL,8/7/24,Broker D,12011164,1.08,1.18553853,21399,Buy,308400,308400,0.115865969,66.95,65.09,65.28,67.83,66.88301016
CMS,8/7/24,Broker E,2745851.25,0.23,0.402545393,21566,Sell,118700,118700,0.103117172,72.11,72.74,72.68,72.61,72.22198394
FE,8/7/24,Broker C,5861474.5,0.28,0.476894647,24124,Sell,54600,54600,0.089171221,41.64,41.85,41.92,41.74,41.65451403
NVR,8/7/24,Broker C,26889.36719,0.39,0.721931219,21180,Sell,900,800,0.171941474,7043.85,7135.1,7135.11,7107.99,7043.909622
CPAY,8/7/24,Broker C,511122.2813,0.7,1.102929354,20953,Buy,21100,21100,0.165487579,312.99,306.16,306.19,315.52,313.001281
TDY,8/7/24,Broker C,304619.3125,0.41,0.851020634,21234,Buy,9900,9900,0.155041968,466.17,459.81,459.87,467.18,466.1612024
ES,8/7/24,Broker C,2653985.75,0.35,0.498877913,20696,Buy,105400,96400,0.191301344,57.83,57.21,57.11,57.91,57.79011757
MTD,8/7/24,Broker D,196380.4375,0.55,1.060753942,20219,Sell,600,600,0.059395076,989.8,996.88,996.74,995.52,989.8592975
MCHP,8/7/24,Broker E,13373664,1.16,1.530130506,21206,Buy,633700,633700,0.17795518,38.92,37.6,37.71,39.49,38.82432404
CINF,8/7/24,Broker A,926051.375,0.41,0.634547472,19996,Buy,7200,7200,0.173374202,133.14,131.92,131.91,133.34,133.0467583
WRB,8/7/24,Broker A,2284885,0.37,0.595682919,25539,Buy,13800,13300,0.198564081,69.39,68.9,68.84,69.37,69.29122213
DG,8/7/24,Broker C,5504300.5,0.46,0.147626966,21029,Buy,21600,21000,0.146222881,94.09,93.55,93.43,94.72,94.0937009
SW,8/7/24,Broker C,4414833.5,0.57,1.5,21286,Buy,180200,180200,0.151220905,41.91,41.1,41.13,42.14,41.86235644
CDW,8/7/24,Broker E,1711498.375,0.53,1.044915199,19557,Buy,58100,58100,0.174529667,152.02,149.7,149.8,152.04,151.9339061
VRSN,8/7/24,Broker E,912534.6875,0.29,0.593307614,22717,Buy,1800,1800,0.096307964,246.57,245.86,246.08,246.72,246.4358034
LYV,8/7/24,Broker C,2976203.75,0.53,1.095992446,28820,Sell,51300,51300,0.082964323,125.28,127,126.97,126.66,125.2894641
DVN,8/7/24,Broker C,10589528,0.85,0.784066737,19133,Buy,13000,12900,0.053586717,29.93,29.61,29.71,30.05,29.89952031
HPE,8/7/24,Broker E,29635630,0.83,1.436243892,19467,Buy,422400,422400,0.023712217,15.27,14.95,15.04,15.13,15.10209332
HBAN,8/7/24,Broker D,25923222,0.59,1.129999638,19676,Sell,572500,572500,0.128705753,13.54,13.58,13.75,13.72,13.62001496
NRG,8/7/24,Broker B,3331282.75,0.74,1.218113065,18959,Sell,74500,74500,0.086148858,94.3,96.1,96.15,94.6,94.35500533
DOW,8/7/24,Broker A,9681285,0.76,0.934338987,19846,Buy,256600,256600,0.10426104,29.11,28.17,28.5,29.48,29.0070285
HAL,8/7/24,Broker D,14295516,0.79,0.9959566,18895,Buy,343500,296900,0.13421798,22.5,22.05,22.09,22.6,22.47522883
TROW,8/7/24,Broker E,2628548.75,0.55,1.24284482,18568,Sell,120600,120600,0.128917038,83.77,85.27,85.24,84.53,83.80597696
ZBH,8/7/24,Broker B,2224673.75,0.3,0.66424644,19026,Buy,99900,99900,0.167565173,98.83,97.5,97.6,98.93,98.76379884
PHM,8/7/24,Broker A,2378124.5,0.43,0.928031027,18770,Sell,5700,5700,0.007996118,93.33,94.03,93.96,93.74,93.43045137
INVH,8/7/24,Broker A,3488844.75,0.31,0.804176807,20470,Buy,61100,61100,0.106111752,33.78,33.43,33.45,33.77,33.67161023
WAT,8/7/24,Broker D,577985.25,0.53,0.874369264,18814,Buy,26600,26600,0.173222254,323.53,317.6,317.73,325.8,323.4881489
CTRA,8/7/24,Broker E,7670125,0.45,0.794653773,18957,Buy,4200,4200,0.111975138,25.64,25.48,25.6,25.51,25.53628455
MKC,8/7/24,Broker A,2814116.5,0.32,0.453034908,20013,Buy,60100,60100,0.100317447,75.83,75,75.02,76.11,75.71546565
CCL,8/7/24,Broker C,30730354,0.84,1.585720658,22498,Buy,1409200,1337000,0.161401085,18.01,17.59,17.55,18.5,18.02669763
WY,8/7/24,Broker E,3923671.75,0.41,0.926903367,17921,Sell,86600,81100,0.154734398,25.13,25.43,25.38,25.35,25.2394153
EXPE,8/7/24,Broker D,2731665,0.76,1.383257627,18899,Buy,33800,33800,0.181668366,151.37,149.07,149.13,152.32,151.3180824
SYF,8/7/24,Broker A,5665065,0.79,1.195883751,18361,Sell,267300,237400,0.085480953,46.64,47.85,47.86,47.66,46.78192853
IFF,8/7/24,Broker C,2113117.5,0.43,0.765907586,18594,Buy,65900,65900,0.198037965,74.09,72.88,73.07,74.17,74.0724673
NI,8/7/24,Broker A,5584637.5,0.29,0.636198223,17935,Sell,28700,28700,0.151218855,38.94,39.12,39.2,39.09,39.07503031
MAA,8/7/24,Broker D,1073008.875,0.33,0.744632661,18099,Buy,50600,50600,0.103824524,157.99,155.91,156,158.13,157.9150665
LDOS,8/7/24,Broker A,1774806.75,0.33,0.886574626,17724,Buy,81500,81500,0.162195713,142.06,140,140.08,141.98,141.96314
HUBB,8/7/24,Broker A,752433.75,0.47,1.161202312,17637,Sell,31600,31400,0.118664264,328.5,334.28,334.37,328.94,328.6404851
DGX,8/7/24,Broker B,1434326.75,0.25,0.461955011,17963,Sell,30900,30900,0.067023942,162.1,163.63,163.52,163.49,162.1604349
WBD,8/7/24,Broker C,44823424,1.01,1.16329062,19642,Sell,848300,848300,0.185097766,7.93,8.06,8.11,8.09,7.931121069
LH,8/7/24,Broker E,818770,0.33,0.56757921,17756,Buy,37300,37300,0.174730384,218.64,216.3,216.24,220.83,218.5603694
MOH,8/7/24,Broker A,752848.375,0.42,0.305419803,16524,Buy,32200,32200,0.165586865,325.64,320.54,320.4,326.56,325.5131893
LII,8/7/24,Broker A,457593.5,0.48,1.069374204,19202,Buy,14300,14300,0.079926031,557.66,548.84,548.78,562.3,557.5485734
ESS,8/7/24,Broker D,526468.6875,0.42,0.903372884,17425,Buy,3600,3600,0.099291902,274.26,272.3,272.2,274.88,274.1851758
RF,8/7/24,Broker D,11484495,0.53,1.14174211,17285,Buy,487000,487000,0.043892407,19.7,19.15,19.36,19.8,19.64399749
TSN,8/7/24,Broker E,2524327,0.29,0.444923162,21653,Buy,82700,82700,0.052768336,61.79,61.05,61.26,62.09,61.69848314
BIIB,8/7/24,Broker D,1859786.375,0.44,0.701340735,17051,Sell,3100,3100,0.113855851,117.46,117.97,118,117.98,117.5082058
PODD,8/7/24,Broker A,913339.9375,0.47,1.104999661,16754,Buy,14600,14600,0.12096627,246.75,243.67,243.62,248.16,246.6474665
NTRS,8/7/24,Broker C,1545806.5,0.52,1.090333939,16920,Sell,4800,4800,0.071735982,86.77,87.57,87.4,86.8,86.67585777
PTC,8/7/24,Broker E,1066607.125,0.44,1.078693867,16800,Buy,41300,36100,0.18219209,144.07,142.19,142.27,145.38,143.9713737
CLX,8/7/24,Broker B,1512404.375,0.23,0.525460303,17079,Sell,7800,7800,0.057644677,138.52,139.57,139.24,138.62,138.5989614
GPN,8/7/24,Broker A,3507925.75,0.84,0.966453552,16589,Buy,87600,87600,0.195815426,69.99,68.55,68.46,70.07,69.89423119
WSM,8/7/24,Broker D,3767200.25,0.79,1.285576701,17028,Buy,122200,122200,0.162848635,140.08,137.07,137.08,140.17,140.0140762
NTAP,8/7/24,Broker B,2661723.75,0.59,1.255655408,16615,Buy,11000,11000,0.161167609,82.23,81.5,81.48,82.43,82.16501269
STLD,8/7/24,Broker D,2060822.125,0.57,1.085546494,17021,Sell,14100,14100,0.069305406,116.46,117.77,117.6,116.79,116.483189
PKG,8/7/24,Broker C,1002152,0.39,0.758322477,16373,Buy,23800,23800,0.156318115,187.93,185.64,185.73,189.28,187.8979597
ULTA,8/7/24,Broker D,1273502.75,0.66,0.72329247,16568,Buy,35100,35100,0.095158188,363.44,357.06,357.03,365.54,363.3984108
FDS,8/7/24,Broker B,352102.2813,0.36,0.788227975,15673,Buy,9000,9000,0.049909693,428.71,423.72,423.66,433.24,428.6825867
DPZ,8/7/24,Broker B,719962.3125,0.39,0.976678789,16060,Buy,16000,16000,0.164772228,472.44,466.77,466.81,476.23,472.3730096
DECK,8/7/24,Broker E,3603507.5,0.77,0.957816899,15716,Sell,166300,166300,0.111739351,101.46,103.86,103.83,103.43,101.5129969
STX,8/7/24,Broker C,4192351,0.75,1.502993703,15652,Sell,188100,188100,0.112971962,72.66,74.45,74.45,73.98,72.65424049
SNA,8/7/24,Broker E,519470.875,0.45,0.87209785,15288,Buy,15100,15100,0.098121293,308.9,305.16,305.2,312.11,308.8079787
DLTR,8/7/24,Broker E,6869030,0.79,0.797286034,17131,Buy,72100,72100,0.023747892,80.78,79.68,79.74,81.41,80.67888451
GPC,8/7/24,Broker B,1654921.25,0.42,0.686277211,15519,Sell,35300,35300,0.101083154,111.87,113.3,113.29,113.21,111.9032443
SMCI,8/7/24,Broker B,53867424,1.05,2.397611856,17514,Buy,1408100,1276000,0.029554236,31.63,30.75,30.85,32.1,31.54814368
COO,8/7/24,Broker B,2442022.25,0.45,0.941235423,15739,Buy,114600,99100,0.054155002,80.35,79.19,79.06,80.81,80.32757784
EVRG,8/7/24,Broker B,2780009.25,0.23,0.49877277,15381,Buy,88800,88800,0.122738683,68.95,68.3,68.31,69.35,68.85650816
ROL,8/7/24,Broker B,2293436.25,0.33,0.708591282,26548,Sell,24900,24900,0.046931702,55.21,55.63,55.68,55.59,55.20602996
LNT,8/7/24,Broker E,2183584.75,0.26,0.496919721,15230,Sell,67400,67400,0.141761815,60.31,60.8,60.77,60.47,60.41929684
CFG,8/7/24,Broker B,6193755.5,0.62,1.265007377,15077,Sell,144700,144700,0.194080097,34.55,35.13,35.15,35.09,34.57398563
PFG,8/7/24,Broker B,1607446.125,0.57,0.982086778,15807,Sell,72000,72000,0.199792967,69.77,71.32,71.2,70.49,69.82092537
L,8/7/24,Broker B,910343.9375,0.39,0.612332523,17530,Sell,28400,27800,0.093140719,83.99,85.1,85.13,84.52,84.09169663
EG,8/7/24,Broker A,415288.5313,0.35,0.552587211,16384,Sell,3900,3900,0.154820723,345.69,348.85,348.79,347.8,345.7973838
EXPD,8/7/24,Broker B,1753609.625,0.44,0.754186869,14436,Buy,25900,25900,0.092457365,107.07,105.67,105.86,107.77,107.0111359
FFIV,8/7/24,Broker A,576744.125,0.48,0.925122261,14459,Buy,23100,20600,0.090418096,260.13,255.78,255.8,261.69,260.0226216
JBL,8/7/24,Broker C,1724661.25,0.67,1.366136074,13928,Buy,36500,36500,0.056524665,135.81,133.43,133.54,137.76,135.8148767
BAX,8/7/24,Broker E,5027440,0.56,0.750824749,14639,Buy,204000,204000,0.198971836,29.36,28.75,28.88,29.54,29.31596164
LYB,8/7/24,Broker A,4547265,0.69,0.844999075,18176,Sell,168900,168900,0.142264326,55.37,56.85,56.63,56.6,55.47095464
LUV,8/7/24,Broker C,16223484,0.81,0.978310943,13797,Sell,761300,655300,0.16160115,23.99,24.42,24.59,24.03,23.99174463
WST,8/7/24,Broker E,972558.875,0.44,0.812731206,14884,Buy,38400,38400,0.042852049,207.98,205,205.22,210.53,207.8895093
ON,8/7/24,Broker E,10593790,0.95,1.216935754,14662,Sell,320200,320200,0.197359547,32.89,33.7,33.67,33.35,32.94891004
OMC,8/7/24,Broker E,4378209.5,0.49,0.86769712,14065,Buy,251600,212200,0.135692932,73.98,72.72,72.82,74.11,73.89907631
J,8/7/24,Broker B,987790.3125,0.37,0.765809715,14176,Buy,12100,12100,0.11307537,118.22,117,117.11,118.67,118.2115507
TRMB,8/7/24,Broker C,1833999.625,0.59,1.16162169,13818,Buy,58000,54400,0.112186949,58.53,57.53,57.53,59.46,58.59038609
KEY,8/7/24,Broker B,18568466,0.59,1.350797296,15110,Buy,143500,143500,0.033913915,14.51,14.05,14.35,14.48,14.42512272
BALL,8/7/24,Broker B,2751362.5,0.35,0.72291398,13357,Buy,12800,12100,0.092123834,47.52,46.99,47.21,47.57,47.47139119
KIM,8/7/24,Broker E,6303217,0.41,0.923541188,13651,Sell,3300,3300,0.117128019,20.3,20.31,20.33,20.34,20.35657729
AVY,8/7/24,Broker C,860455.75,0.33,0.759776711,13348,Buy,6500,6500,0.085765888,170.84,169.68,169.65,170.87,170.8664199
FSLR,8/7/24,Broker A,3386447.75,0.58,0.734085619,13132,Sell,23000,23000,0.086914216,124.96,126.46,126.38,125.19,125.0296259
AMCR,8/7/24,Broker A,34436428,0.35,0.618396103,13456,Sell,915300,915300,0.11672794,9.14,9.35,9.25,9.25,9.243365314
BLDR,8/7/24,Broker E,1751718.125,0.58,1.242862463,12976,Buy,51600,51600,0.059366345,116.47,114.63,114.73,116.88,116.4197127
PNR,8/7/24,Broker D,1924131,0.49,1.106546164,13026,Buy,73800,73800,0.112970576,80.65,79.46,79.37,80.63,80.61490624
GEN,8/7/24,Broker C,4726144.5,0.47,1.009418488,14520,Buy,1500,1500,0.15058541,24.46,24.29,24.39,24.37,24.37591551
TPR,8/7/24,Broker D,7014728.5,0.63,1.042785764,13079,Buy,217700,217700,0.044159694,64.43,63.09,63.29,64.46,64.37153906
DOC,8/7/24,Broker D,5513162,0.29,0.821606755,12889,Buy,168900,168900,0.079245972,18.67,18.52,18.49,18.62,18.58227213
MAS,8/7/24,Broker C,2461541.5,0.48,1.01499474,12710,Buy,133500,119700,0.074886898,61.84,60.67,60.76,62.1,61.86278674
CF,8/7/24,Broker C,2908823.75,0.38,0.506944835,12507,Buy,32900,32900,0.075457312,75.13,74.48,74.46,75.81,75.15607055
HOLX,8/7/24,Broker D,3410084.75,0.3,0.439089477,12853,Buy,141600,141600,0.075452671,58.12,57.46,57.47,58.2,58.10589326
EL,8/7/24,Broker C,4540624.5,0.78,1.135743618,19565,Sell,71000,71000,0.146784499,52.97,54.01,53.89,53.07,52.99190426
WDC,8/7/24,Broker B,9308912,0.9,1.804587364,12508,Buy,310800,310800,0.175609018,36.97,36.09,36.05,36.96,36.91693498
JKHY,8/7/24,Broker D,710372.875,0.38,0.583922863,12299,Buy,21500,21500,0.070433398,174.03,171.83,171.95,174.6,173.9596194
IEX,8/7/24,Broker D,721935.25,0.4,0.921658635,12137,Buy,15900,15900,0.025362464,164.09,162.13,162.27,165.08,164.0837905
UDR,8/7/24,Broker E,2407958,0.43,0.85049963,13490,Buy,47200,47200,0.058519873,41.31,40.84,40.91,41.54,41.24133196
SJM,8/7/24,Broker C,1412505.25,0.28,0.436529636,12334,Sell,12300,12300,0.088088917,115.8,116.48,116.56,116.29,115.824936
CAG,8/7/24,Broker C,6965156.5,0.29,0.338077486,12120,Buy,249900,249900,0.081646111,25.58,25.2,25.3,25.7,25.55412192
TXT,8/7/24,Broker B,1671518.375,0.52,1.009713173,11729,Buy,53700,53700,0.194980088,66.5,65.46,65.4,67.49,66.49933944
BBY,8/7/24,Broker A,4805700,0.84,0.958788991,13128,Buy,152200,152200,0.156715729,62.83,61.29,61.34,63.63,62.66423092
ALGN,8/7/24,Broker E,1371862,0.57,1.381431937,12608,Buy,0,0,0.137644185,168.77,168.96,169.1,168.52,168.6921613
ARE,8/7/24,Broker B,1681613.75,0.47,1.095249534,13100,Buy,18400,18400,0.096276786,77.38,76.47,76.55,77.79,77.34845188
CPT,8/7/24,Broker D,1145793,0.35,0.813532531,12056,Sell,42600,42600,0.088926812,109.64,111.1,111,110.2,109.6725338
APTV,8/7/24,Broker D,4253347.5,0.62,0.834469736,11699,Buy,56700,56700,0.108704646,52.12,51.49,51.44,52.14,52.08651037
REG,8/7/24,Broker D,1255055.125,0.33,0.702210128,13247,Buy,34000,34000,0.172366979,71.86,70.92,71.12,71.94,71.77535562
ZBRA,8/7/24,Broker B,718495.125,0.81,1.371357441,11356,Sell,28300,28300,0.071257991,215.98,221.56,221.49,220.91,216.0119666
POOL,8/7/24,Broker E,454624.6875,0.43,0.911036551,11186,Buy,4300,4300,0.149608252,305.55,303.45,303.36,306.45,305.4497105
TER,8/7/24,Broker E,4338915.5,0.96,1.628202081,11277,Sell,62500,62500,0.16002412,68.39,69.41,69.61,68.76,68.48259725
JNPR,8/7/24,Broker B,3132681.5,0.19,0.634801924,11379,Sell,8200,8200,0.047523691,34.08,34.18,34.21,34.18,34.14165915
LVS,8/7/24,Broker C,6501377.5,0.57,0.823726475,23008,Sell,206000,206000,0.135906732,32.03,32.67,32.6,32.46,32.06421475
RVTY,8/7/24,Broker A,1219324.5,0.55,0.797572315,10786,Sell,12900,12900,0.089635083,89.75,90.88,90.89,90.13,89.85215113
AKAM,8/7/24,Broker B,2377838.5,0.52,0.784386694,10509,Sell,23600,23600,0.101116619,71.9,72.77,72.72,72.22,72.00502514
ALLE,8/7/24,Broker D,1194745.875,0.34,0.85759753,10607,Sell,53500,53500,0.093726455,122.97,124.65,124.56,123.75,123.0158107
LKQ,8/7/24,Broker B,2848942.25,0.37,0.666749001,10655,Buy,23200,23200,0.178010428,42.22,41.81,41.87,42.35,42.12567792
CHRW,8/7/24,Broker C,1592970,0.4,0.668679476,10554,Buy,40800,40800,0.095484043,91.26,90.09,90.15,91.42,91.24494855
PNW,8/7/24,Broker C,1304774.75,0.23,0.468580067,11116,Sell,52600,50400,0.06231941,93.24,94.19,94.13,93.68,93.26189201
BG,8/7/24,Broker D,1928443.25,0.39,0.430640489,10557,Sell,29800,29800,0.05446347,78.31,78.96,79.07,78.78,78.35828463
FOXA,8/7/24,Broker A,4894352,0.5,0.622418344,20638,Buy,151400,151400,0.058238184,48.56,47.78,47.77,48.44,48.40704394
JBHT,8/7/24,Broker E,1416926.375,0.6,0.961994886,12713,Buy,60100,58300,0.111006859,129.46,127.3,127.2,130.85,129.3758034
UHS,8/7/24,Broker D,936496.0625,0.52,0.833979607,10240,Buy,21000,21000,0.117355364,177.47,175.07,175.04,178.65,177.4413445
ERIE,8/7/24,Broker A,135175.3594,0.4,0.544575632,20663,Sell,1200,1200,0.03549622,404.14,408,408.03,404.87,404.2218759
PAYC,8/7/24,Broker A,727074.8125,0.56,0.874895334,11929,Buy,37900,35900,0.163497844,218.77,214.2,214.27,222.32,218.6881429
GL,8/7/24,Broker C,742776.5625,0.45,0.797355115,9754,Buy,29200,29200,0.087814776,122.38,120.44,120.49,123.34,122.3216008
TAP,8/7/24,Broker E,2594431.25,0.27,0.463173449,11908,Sell,78400,78400,0.102965104,58.24,58.7,58.7,58.36,58.28789619
KMX,8/7/24,Broker D,3893916.5,0.76,0.924367547,9517,Buy,13700,13700,0.098101966,64.56,63.76,63.95,64.63,64.47154771
TKO,8/7/24,Broker A,2176504.5,0.48,0.791934609,28227,Sell,43400,43400,0.18952871,147.21,149.39,149.3,148.2,147.3048024
NDSN,8/7/24,Broker B,408402.3438,0.53,1.068100691,10080,Buy,15400,15400,0.127123295,181.77,178.62,178.56,182.71,181.7319897
NWSA,8/7/24,Broker A,4041857,0.41,0.929095805,15160,Sell,50700,50700,0.141628861,25.17,25.64,25.45,25.44,25.25363157
AIZ,8/7/24,Broker E,495442.1563,0.43,0.737580895,9353,Buy,5600,5300,0.128997509,189.93,188.46,188.49,190.62,189.7590879
HST,8/7/24,Broker A,11824158,0.56,1.002946138,9439,Buy,532300,473600,0.089504246,13.85,13.5,13.58,13.71,13.67394101
INCY,8/7/24,Broker E,2254369,0.47,0.670278668,10992,Sell,93500,93500,0.040923975,56.6,57.48,57.43,57.17,56.74374478
BXP,8/7/24,Broker A,1637994.625,0.49,1.16145134,9899,Buy,67300,67300,0.056632954,64.07,62.87,62.94,64.51,63.99574923
SOLV,8/7/24,Broker E,1395912.125,0.51,1.5,11062,Sell,29700,29700,0.029346385,64.87,65.68,65.65,65.3,64.95421112
VTRS,8/7/24,Broker D,15793166,0.48,0.810708165,9036,Buy,756500,756500,0.071427206,7.66,7.5,7.53,7.66,7.596734721
SWKS,8/7/24,Broker E,4347467,0.93,1.274859548,8720,Buy,61800,61800,0.050949366,55.73,54.67,54.8,55.79,55.65107837
IPG,8/7/24,Broker A,8651978,0.5,0.892075121,8757,Sell,1300,1300,0.026320597,23.33,23.5,23.41,23.42,23.43172257
HRL,8/7/24,Broker C,3378499.75,0.26,0.42143631,16717,Buy,49200,49200,0.152270805,30.7,30.45,30.48,30.67,30.65580923
EMN,8/7/24,Broker B,1493853.5,0.57,1.016051292,8883,Buy,7500,7500,0.193995425,77.01,76.16,76.28,77.13,76.98331344
SWK,8/7/24,Broker D,2905021.75,0.8,1.096431136,8711,Buy,3300,3300,0.065438265,56.66,56.13,56.29,56.66,56.57609107
MOS,8/7/24,Broker D,5865110.5,0.52,0.943756461,8629,Buy,161600,161600,0.143195444,27.53,27.16,27.12,27.76,27.47121292
DAY,8/7/24,Broker B,2080966.125,0.61,1.275922179,8282,Sell,42700,42700,0.118280718,52.13,53.03,52.99,52.84,52.21536958
HII,8/7/24,Broker B,780269.9375,0.46,1.021251202,8548,Buy,35400,31600,0.04514434,221.91,218.32,218.29,223.78,221.8948159
MKTX,8/7/24,Broker B,684962.75,0.29,0.569458306,8374,Sell,9000,9000,0.064053292,223.05,224.9,224.89,224.89,223.1071018
MRNA,8/7/24,Broker A,9824392,0.7,1.143159986,9716,Sell,26100,26100,0.103535793,23.91,24.03,24.14,24.07,23.97259027
EPAM,8/7/24,Broker E,775269.125,0.59,1.141998291,8339,Buy,10500,10500,0.152907723,147.72,146,146.08,148.86,147.5902982
RL,8/7/24,Broker D,1348353,0.81,1.060222864,12602,Buy,37900,37900,0.098675469,208.92,204.72,204.59,212.2,208.891299
HSIC,8/7/24,Broker E,1568497.375,0.35,0.590051532,7728,Buy,7100,7100,0.071162606,64.5,64.22,64.24,64.56,64.42423814
WBA,8/7/24,Broker E,19665150,0.15,0.587754667,9400,Buy,627900,627900,0.15220969,10.9,10.86,10.85,10.83,10.83637092
LW,8/7/24,Broker B,2839034,0.55,0.564399183,7269,Buy,57200,57200,0.158400454,53.67,52.81,52.88,53.7,53.6062896
TECH,8/7/24,Broker C,2193590.5,0.64,0.978624701,7511,Buy,3300,3000,0.156380983,47.45,47.23,47.15,47.48,47.45181675
AOS,8/7/24,Broker B,1550288.375,0.3,0.872556567,8857,Buy,70900,70900,0.122373174,63.68,62.62,62.88,64.24,63.60943767
CPB,8/7/24,Broker D,3745423,0.32,0.404911965,11203,Buy,41200,41200,0.108252332,37.85,37.5,37.58,37.81,37.75804942
MTCH,8/7/24,Broker D,5115680.5,0.44,0.591599047,7173,Buy,132500,111600,0.162228505,29.32,28.86,28.97,29.45,29.32109673
AES,8/7/24,Broker C,14259086,0.58,0.945910573,6977,Sell,2300,2100,0.056319322,9.96,10.06,9.99,9.96,9.951324127
FRT,8/7/24,Broker E,981473.5,0.43,0.80000782,7917,Sell,10100,10100,0.090430559,92.01,92.69,92.7,92.24,92.12001815
NCLH,8/7/24,Broker E,16253093,0.88,1.468388319,7114,Buy,801300,801300,0.144459703,16.82,16.3,16.39,16.94,16.74837871
ENPH,8/7/24,Broker A,3664565.5,0.72,1.072749496,6772,Sell,111900,95000,0.181338651,50.72,51.94,51.77,51.18,50.84646333
HAS,8/7/24,Broker A,2073502.25,0.59,0.878377974,7210,Sell,78100,78100,0.073713848,50.66,51.91,51.69,51.47,50.73007443
WYNN,8/7/24,Broker D,2804277.75,0.64,0.920791984,7958,Sell,94600,94600,0.10012548,73.29,74.77,74.7,74.29,73.35446051
GNRC,8/7/24,Broker B,931832.75,0.64,1.488258839,6354,Buy,33200,33200,0.037573144,111.79,109.46,109.57,113.41,111.7536379
PARA,8/7/24,Broker B,9434556,0.34,0.801711023,7689,Sell,94800,94800,0.146047802,10.57,10.85,10.66,10.63,10.6251059
MGM,8/7/24,Broker E,6752680,0.67,1.398429513,8183,Sell,11500,9600,0.019842619,28.52,28.66,28.65,28.62,28.60413085
ALB,8/7/24,Broker A,3355922.75,0.93,1.281180859,6238,Buy,109200,109200,0.198183035,53.79,52.5,52.41,54.89,53.71495908
DVA,8/7/24,Broker B,909545.5,0.38,0.739418805,10680,Sell,23200,23200,0.086304755,138.2,140.18,139.93,139.8,138.1971172
APA,8/7/24,Broker A,9381971,1.05,0.943391263,5606,Buy,219200,204000,0.030584279,16.01,15.63,15.62,15.98,15.93525961
FOX,8/7/24,Broker E,1367305.625,0.52,0.653857589,20638,Buy,40400,40400,0.169719001,44.86,44.17,44.25,44.83,44.77924594
IVZ,8/7/24,Broker E,6818165,0.68,1.153514981,5575,Buy,328400,328400,0.148698258,12.73,12.58,12.47,12.89,12.68165921
BEN,8/7/24,Broker A,5018205,0.5,0.993404508,9116,Buy,32200,32200,0.152554807,17.71,17.41,17.53,17.72,17.62866377
CRL,8/7/24,Broker E,1923912.25,1.15,0.819497168,5043,Sell,80000,80000,0.151865333,100.61,103.9,103.76,100.87,100.7202475
CZR,8/7/24,Broker D,6304107,0.76,1.529064894,5300,Buy,260400,229300,0.134739493,25.95,25.16,25.39,26.08,25.87423942
MHK,8/7/24,Broker B,818728.5,0.53,1.147715569,6250,Sell,36400,36400,0.10322459,99.17,101.08,101.09,100.21,99.15985977
NWS,8/7/24,Broker B,946888.9375,0.42,0.94787389,15160,Sell,9300,9300,0.137259884,29.43,29.74,29.72,29.5,29.49614755
AAPL,8/7/24,Broker E,72106864,0.68,1.041596293,2901664,Sell,521300,521300,0.044598588,191.27,193.27,193.17,192.94,191.4400416
MSFT,8/7/24,Broker C,26193634,0.4,0.991805494,2669692,Sell,379100,379100,0.184423363,359.07,362.82,362.75,359.61,359.1816311
NVDA,8/7/24,Broker E,323825056,0.81,1.904370189,2364604,Buy,14784100,14784100,0.06380124,101.35,98.77,99.01,102.77,101.2727715
AMZN,8/7/24,Broker D,56974192,0.58,1.184175968,1775661,Buy,1529900,1529900,0.183097216,172.53,169.6,169.79,173.91,172.4268096
META,8/7/24,Broker D,20542520,0.67,1.181922793,1223500,Sell,864500,864500,0.181798991,481.06,491.33,491.45,487.57,481.1225957
GOOGL,8/7/24,Broker B,38393644,0.46,0.987897754,1813077,Buy,1197100,1197100,0.12560076,151.07,148.88,148.81,152.71,151.0251668
AVGO,8/7/24,Broker A,37874508,0.79,1.959495664,781511,Buy,721400,721400,0.045069531,170.29,166.99,167.02,170.72,170.2030989
GOOG,8/7/24,Broker E,24951546,0.46,0.98287636,1813077,Sell,553500,553500,0.158240574,149,150.97,150.67,149.55,149.1564403
TSLA,8/7/24,Broker A,140806080,1.03,1.58415544,731758,Buy,5760500,5281400,0.092867009,236.95,230.26,230.12,240.79,236.8132486
LLY,8/7/24,Broker E,3938780.25,0.57,0.776895583,775474,Buy,49900,49900,0.172976927,850.71,841.51,841.78,854.88,850.6244416
JPM,8/7/24,Broker B,14446872,0.49,1.117400289,637278,Buy,431500,431500,0.07234939,234.24,230.63,230.62,236.55,234.2050544
V,8/7/24,Broker C,7732261.5,0.41,0.824475527,643335,Buy,341700,341700,0.18810039,333.97,329,328.95,338.64,334.0305354
XOM,8/7/24,Broker E,19817686,0.42,0.607271492,455670,Buy,36800,36800,0.068015746,105.97,105.61,105.64,105.95,105.934035
COST,8/7/24,Broker D,2917253,0.35,0.817268252,424947,Buy,133400,133400,0.06130109,1006.18,993,993.08,1012.63,1006.173127
MA,8/7/24,Broker E,3392971.25,0.4,0.856543481,463128,Sell,76500,76500,0.184500647,511.82,517,516.9,513.63,511.9011382
UNH,8/7/24,Broker B,6109557,0.85,0.466492683,387145,Sell,148200,129800,0.172394546,440.25,449.76,449.64,442.39,440.330607
NFLX,8/7/24,Broker C,5633900.5,0.49,1.128229022,420426,Sell,318700,272200,0.079882948,966.57,984.4,984.25,969.52,966.6100795
WMT,8/7/24,Broker D,27689224,0.42,0.781679511,740837,Buy,1022300,1022300,0.137776167,94.49,93.02,93.18,94.86,94.45004332
PG,8/7/24,Broker A,9135826,0.29,0.483530194,388659,Buy,307700,307700,0.093126641,171.9,169.89,169.91,173.27,171.7551478
JNJ,8/7/24,Broker C,10849724,0.33,0.518104196,378153,Sell,370500,370500,0.097036643,156.02,157.96,157.89,156.38,156.0716723
HD,8/7/24,Broker A,4276120,0.36,0.904466271,344794,Buy,91900,91900,0.093799276,358.55,354.29,354.39,361.91,358.459511
ABBV,8/7/24,Broker C,8754635,0.36,0.487410396,301009,Buy,389200,389200,0.176744294,176.04,173.47,173.63,178.3,176.0185036
KO,8/7/24,Broker C,20127234,0.24,0.439482689,313171,Sell,295700,295700,0.041521219,72.8,73.38,73.31,73.12,72.78318885
PM,8/7/24,Broker C,7038256,0.31,0.448695272,252431,Buy,316300,316300,0.043882128,165.94,163.76,163.9,167.82,165.9282441
BAC,8/7/24,Broker D,58030748,0.54,1.156621456,280695,Buy,1678000,1678000,0.157619538,37.4,37.07,36.82,37.78,37.35652208
CRM,8/7/24,Broker A,7202936.5,0.47,1.214108348,227046,Buy,327200,312300,0.112514802,244.89,240.43,240.61,248.96,244.8582811
CVX,8/7/24,Broker A,11178586,0.49,0.715148687,233589,Buy,44600,44600,0.144396934,137.27,136.02,136.11,137.5,137.2195237
ABT,8/7/24,Broker C,8016111.5,0.3,0.586934447,225271,Buy,350400,313500,0.106451434,132.42,130.97,130.91,133.56,132.4190476
MCD,8/7/24,Broker E,4345218,0.28,0.59120661,220757,Buy,196500,196500,0.089167956,314.04,311,311.07,316.32,313.9640084
CSCO,8/7/24,Broker C,26598580,0.43,0.881947041,216300,Buy,1094000,1094000,0.110575043,56.08,55.16,55.23,56.13,56.07687392
IBM,8/7/24,Broker D,5153453.5,0.39,0.758216262,219038,Buy,258100,232100,0.091404983,241.47,238.07,238.07,244.55,241.3961882
LIN,8/7/24,Broker C,2600478.25,0.37,0.727685034,209902,Buy,33600,33600,0.190478115,455.05,450.54,450.91,458.05,455.0667508
WFC,8/7/24,Broker E,20418954,0.5,0.994544625,209003,Sell,275400,275400,0.173831594,63.62,64.2,64.24,63.88,63.72611685
ORCL,8/7/24,Broker D,12495883,0.58,1.279027343,344416,Buy,223900,223900,0.167723225,128.84,126.89,127.07,129.83,128.7549169
MRK,8/7/24,Broker B,18299742,0.35,0.553353965,195901,Buy,462700,462700,0.067640921,78.86,78.08,77.95,78.8,78.78523815
PEP,8/7/24,Broker E,7963296,0.27,0.47175014,194356,Buy,81500,81500,0.053759986,143.29,142.5,142.62,143.32,143.1696225
GE,8/7/24,Broker C,6722253,0.57,1.188797116,190224,Buy,203600,203600,0.128359241,182.59,179.29,179.52,184.47,182.5528546
T,8/7/24,Broker E,45441512,0.33,0.480280787,189002,Sell,768300,768300,0.140278108,26.81,27.16,27.01,26.96,26.95038386
PLTR,8/7/24,Broker C,110576536,0.91,2.046456575,212958,Sell,1041700,1041700,0.047716097,91.38,92.84,92.88,92.46,91.36847864
VZ,8/7/24,Broker B,29510090,0.34,0.553383589,184170,Sell,1166600,1166600,0.137935169,43.67,44.2,44.26,44.11,43.73449648
ACN,8/7/24,Broker B,4422696,0.44,0.80521059,175001,Sell,119900,119900,0.145011375,278.25,282.34,282.21,279.89,278.2427935
ISRG,8/7/24,Broker B,2817014.75,0.61,1.206331491,167787,Buy,85300,85300,0.144888226,484.81,475.94,476.01,492.47,484.7614873
RTX,8/7/24,Broker A,5422184.5,0.41,0.707878292,168382,Buy,208200,208000,0.088820522,130.42,128.5,128.43,131.91,130.3376065
INTU,8/7/24,Broker E,1932800.125,0.43,1.002376318,159026,Sell,73500,73500,0.095731038,570.81,578.43,578.32,576.5,570.8778116
TMO,8/7/24,Broker C,2260051.5,0.45,0.859779418,159245,Buy,111800,111800,0.095321752,432.81,425.5,425.58,433.98,432.7959973
NOW,8/7/24,Broker E,2160465,0.62,1.252818584,156492,Buy,79500,79500,0.166346025,772.76,759.36,759.48,780.07,772.6820732
GS,8/7/24,Broker A,3531042.75,0.6,1.261187077,161610,Buy,75100,75100,0.159928262,513.65,505.4,505.21,518.23,513.5608064
UBER,8/7/24,Broker D,19155544,0.55,1.195605874,152495,Sell,627000,627000,0.189521295,73.15,74.44,74.39,73.61,73.12395186
PGR,8/7/24,Broker D,3972077.25,0.43,0.573527932,150903,Buy,131800,131800,0.09152615,267.93,264.18,264.29,270.82,267.8379653
DIS,8/7/24,Broker D,11873562,0.58,0.890657663,151854,Buy,568100,568100,0.052502204,86.63,84.91,84.95,87.03,86.59611596
ADBE,8/7/24,Broker D,4928740.5,0.59,1.125434399,146280,Buy,127800,127800,0.183411731,350.1,344.57,344.55,354.54,350.0847171
BKNG,8/7/24,Broker A,318188.8125,0.47,1.077503562,145622,Sell,3000,3000,0.077487807,4517.18,4566.64,4566.66,4562.77,4517.256805
QCOM,8/7/24,Broker D,9248309,0.67,1.497467756,150571,Buy,56100,48300,0.129510681,136.15,134.73,134.81,136.2,136.0687566
AMGN,8/7/24,Broker D,3351891,0.33,0.565429389,147144,Buy,118200,118200,0.167137688,280.39,277.29,277.21,282.65,280.3023101
SPGI,8/7/24,Broker B,1517246.25,0.42,1.000825882,140911,Sell,47000,47000,0.135596592,453.33,460,459.86,454.8,453.407935
TJX,8/7/24,Broker A,6671403,0.3,0.678406835,138498,Buy,281600,281600,0.159543344,128.99,127.23,127.35,130.23,128.8436954
AMD,8/7/24,Broker C,41816476,0.95,1.692152262,139004,Buy,743900,743900,0.139178501,87.78,86.02,85.99,89.13,87.79033447
CAT,8/7/24,Broker B,3281743.25,0.5,1.076455116,136086,Buy,103200,103200,0.119796968,294.02,289.33,289.33,297.24,293.9552184
BSX,8/7/24,Broker D,9649542,0.42,0.887817025,138411,Buy,262500,262500,0.118951783,96.31,95.05,95.11,96.51,96.27471766
AXP,8/7/24,Broker C,4197011.5,0.62,1.152603507,169900,Buy,153600,153600,0.069064946,253.63,248.85,248.79,253.98,253.6201596
NEE,8/7/24,Broker C,13180131,0.37,0.569819272,133149,Sell,567300,567300,0.058151287,64.91,65.82,65.83,65.55,64.91362207
TXN,8/7/24,Broker B,8989339,0.71,1.09406817,132493,Buy,382100,382100,0.179130262,148.82,145.46,145.45,151.93,148.7790414
MS,8/7/24,Broker B,9562043,0.6,1.288030863,170984,Buy,327900,327900,0.105337006,110.31,108.14,108.25,110.41,110.2853997
UNP,8/7/24,Broker E,3233668.5,0.38,0.845109522,129483,Sell,156400,156400,0.137001518,215.3,218.16,218.1,215.8,215.4598016
GILD,8/7/24,Broker C,10361147,0.28,0.585657597,129908,Sell,47900,47900,0.114367096,103.6,104.1,104.14,104.13,103.6672521
SCHW,8/7/24,Broker B,12408055,0.45,1.128342867,139918,Buy,151600,126900,0.158713566,76.44,75.64,75.66,77.04,76.3957777
CMCSA,8/7/24,Broker B,28652040,0.38,0.723178506,127042,Buy,452200,436600,0.169062156,34.07,33.75,33.72,34.16,34.07966731
HON,8/7/24,Broker C,4912729.5,0.44,0.834966779,124940,Sell,56800,56800,0.091615459,193.06,194.98,195.02,194.21,192.9982428
BLK,8/7/24,Broker E,1083176.875,0.51,1.162742853,132389,Buy,20200,20200,0.046210478,876.82,867,867.05,877.97,876.7444412
TMUS,8/7/24,Broker D,4545863,0.35,0.688813746,288121,Buy,140600,140600,0.088226108,263.56,260.39,260.58,265.2,263.5154783
VRTX,8/7/24,Broker B,1611804.375,0.24,0.849466443,122761,Buy,85000,79800,0.180701618,493.27,488,487.84,497.91,493.205539
PFE,8/7/24,Broker E,61340208,0.31,0.494620919,124999,Buy,1257000,1257000,0.102881893,22.41,22.13,22.24,22.33,22.30782351
LOW,8/7/24,Broker A,2954811.25,0.36,0.888534725,119089,Sell,101600,101600,0.122451528,214.73,217.67,217.7,216.7,214.838577
BA,8/7/24,Broker D,10290827,0.72,1.262373209,119889,Buy,317200,317200,0.091364849,163.2,160,160,163.23,163.1664866
DHR,8/7/24,Broker E,4341055.5,0.51,0.908220112,132330,Buy,195900,195900,0.128417762,188.31,185.28,185.33,189.33,188.1933035
ADP,8/7/24,Broker A,2150195,0.35,0.787215412,115897,Sell,23600,23600,0.158721755,288.04,290.77,290.75,288.39,288.1180532
SYK,8/7/24,Broker A,1907405.125,0.37,0.750790775,129618,Buy,35100,35100,0.100488494,348.59,344.71,344.66,350.15,348.5295694
C,8/7/24,Broker E,20884940,0.6,1.245760441,117993,Buy,513800,504800,0.064141114,63.85,62.75,62.94,64.16,63.71018779
FI,8/7/24,Broker B,3409129.25,0.43,0.87523675,116342,Sell,93100,93100,0.070063199,205.7,208.64,208.59,206.4,205.709607
DE,8/7/24,Broker A,1539067.125,0.43,0.961758375,119846,Buy,14900,14900,0.087519208,455.1,450.42,450.47,459.17,455.0189311
COP,8/7/24,Broker A,10939566,0.67,0.772891283,110678,Sell,396300,396300,0.08641876,85.16,87.26,87.03,86.54,85.28416107
AMAT,8/7/24,Broker E,8732342,0.7,1.516796589,110130,Buy,178100,178100,0.181036771,137.23,135.13,135.15,137.77,137.1834305
PANW,8/7/24,Broker C,5760672,0.58,1.216528773,105969,Buy,27700,27700,0.187594374,166.61,165.09,165.11,167.15,166.6010146
MMC,8/7/24,Broker E,2447921.75,0.33,0.590217888,104508,Sell,87000,87000,0.19197396,216.41,218.61,218.6,218.09,216.4754015
CB,8/7/24,Broker B,2063046.375,0.31,0.533117235,112104,Buy,94900,94900,0.106310283,288.71,285,285,291.6,288.6857048
ETN,8/7/24,Broker E,3941023.75,0.6,1.268835664,101652,Buy,113700,113700,0.083097963,268.2,264.12,264.12,268.58,268.1497281
MDT,8/7/24,Broker B,8498045,0.29,0.682784915,104912,Sell,250500,250500,0.092305085,81.53,82.6,82.41,82.09,81.60049683
AMT,8/7/24,Broker B,3553526.5,0.31,0.532872975,102045,Sell,136600,136600,0.170731147,218.58,221.33,221.3,220.96,218.6386568
SO,8/7/24,Broker A,5008373,0.23,0.426127642,99270,Buy,201200,201200,0.086274213,92.4,91.62,91.43,92.52,92.2808253
BMY,8/7/24,Broker E,13893362,0.33,0.433606565,99581,Buy,460600,460600,0.064827641,49.81,49.35,49.33,49.9,49.68347516
MO,8/7/24,Broker D,12420729,0.23,0.458243698,97184,Buy,455800,455800,0.097980847,58.93,58.3,58.42,58.95,58.88905834
ELV,8/7/24,Broker A,1897402.5,0.34,0.451055408,92069,Buy,90400,90400,0.114350308,427.97,421.66,421.81,433.41,427.8980334
LMT,8/7/24,Broker A,1811621.75,0.34,0.528686762,107512,Buy,1700,1500,0.072587374,461.18,459.26,459.2,462.31,461.0358866
BX,8/7/24,Broker C,6410232,0.74,1.327261329,147576,Buy,134100,134100,0.063288855,129.37,127,127.05,131.28,129.3662756
PLD,8/7/24,Broker D,6284098,0.54,1.035050511,93652,Buy,2400,2400,0.070495612,100.72,100.51,100.41,100.76,100.6711155
CME,8/7/24,Broker C,3201366.75,0.23,0.449448019,93818,Buy,94500,90900,0.050755116,265.6,263.28,263.37,266.17,265.6103811
DUK,8/7/24,Broker C,4900300,0.24,0.36730212,93375,Sell,19800,19800,0.017675883,120.87,121.58,121.41,121.08,120.8828275
SBUX,8/7/24,Broker B,11626514,0.59,1.146592379,91644,Buy,102800,102800,0.140989508,81.49,80.36,80.53,82.15,81.47438305
CRWD,8/7/24,Broker D,4596504.5,0.73,1.664388299,89901,Buy,123900,123900,0.176612469,370.75,363.8,363.74,372.17,370.6846866
ICE,8/7/24,Broker B,4024815.75,0.28,0.815884113,89064,Buy,147000,147000,0.088577001,159.47,157.42,157.7,160.26,159.4149096
CI,8/7/24,Broker C,1856092.125,0.26,0.510866761,88048,Sell,12200,12200,0.107507785,329.02,330.8,330.86,330.66,329.0438995
WELL,8/7/24,Broker A,3609059,0.31,0.67238766,93593,Buy,42300,42300,0.074448367,148.35,146.76,147.06,148.5,148.2925877
GEV,8/7/24,Broker B,4296794.5,0.8,1.5,85579,Buy,109000,109000,0.15372409,326.73,320,319.94,329.24,326.6809128
ADI,8/7/24,Broker E,4588623,0.77,1.321415544,86791,Buy,124000,124000,0.076849089,175.93,172.65,172.72,176.06,175.8181546
MCK,8/7/24,Broker B,1129723.5,0.27,0.501902699,85534,Sell,14200,14200,0.105275644,697.71,703.03,703.11,701.7,697.7777755
MDLZ,8/7/24,Broker B,10405951,0.27,0.409132928,87785,Sell,154800,154800,0.016803284,66.88,67.3,67.43,67.36,66.90443656
CVS,8/7/24,Broker E,10635882,0.33,0.764965117,82270,Sell,252800,212000,0.127923988,66.52,67.3,67.04,66.65,66.60597937
WM,8/7/24,Broker D,1838091.625,0.25,0.538219333,91559,Buy,16800,16800,0.112917358,231.98,230.78,230.7,232.38,231.9439731
KLAC,8/7/24,Broker E,1346563.125,0.74,1.578629613,82496,Buy,58000,58000,0.103831446,636.92,623.43,623.51,650.02,636.795112
AJG,8/7/24,Broker B,1667881.125,0.34,0.612837076,81682,Buy,44200,44200,0.169708077,332.58,328.42,328.77,336.19,332.5302555
INTC,8/7/24,Broker D,111931832,0.93,1.574641943,82154,Buy,4118400,4118400,0.099173253,19.62,18.93,19.12,19.75,19.54218797
LRCX,8/7/24,Broker E,13776550,0.81,1.61843729,80088,Buy,618900,618900,0.12402021,64.03,62.36,62.56,63.99,63.8885836
ORLY,8/7/24,Broker D,458705.9688,0.3,0.512424648,78334,Sell,22100,21400,0.158228508,1375.48,1392,1391.9,1380.14,1375.526737
AON,8/7/24,Broker E,1403522.25,0.28,0.581544459,76886,Sell,24300,24300,0.134162697,363.32,365.75,365.61,364.19,363.4360243
APH,8/7/24,Broker D,9046439,0.54,1.336825252,77057,Buy,104000,104000,0.13796352,64.73,63.94,64.01,65.28,64.70074976
CL,8/7/24,Broker A,5917938,0.3,0.457846314,76810,Buy,108700,108700,0.143741358,96.82,95.8,95.87,97.07,96.71500329
SHW,8/7/24,Broker B,2088853.375,0.36,0.941084564,81062,Sell,49200,49200,0.138366883,327.93,331.87,331.78,330.5,327.9947145
EQIX,8/7/24,Broker B,787754.5625,0.39,0.928478122,75633,Buy,15800,14900,0.04490707,792.82,783.79,783.88,798.41,792.8260148
MU,8/7/24,Broker A,28983996,1.04,1.875524879,74587,Sell,735100,679200,0.032789353,66.06,67.76,67.79,67.26,66.16899455
TDG,8/7/24,Broker C,314887.9063,0.42,0.995311379,73277,Sell,10500,10500,0.082042852,1312.65,1331.41,1331.37,1317.51,1312.662809
TT,8/7/24,Broker A,1656028.125,0.45,1.197039723,72305,Sell,89300,74800,0.061843026,324.21,330.1,329.97,326.94,324.3192958
ANET,8/7/24,Broker D,11877461,0.7,1.682001829,84968,Sell,198800,198800,0.135546941,67.43,68.68,68.51,68.1,67.45999654
NOC,8/7/24,Broker E,1115825.375,0.32,0.599564493,76585,Buy,10800,10800,0.186943905,542.93,540,539.98,543.77,542.8534428
PH,8/7/24,Broker D,1032480.313,0.68,1.207091451,70472,Sell,47400,47400,0.193234157,539.84,552.06,552.02,550.24,539.8992592
WMB,8/7/24,Broker B,8275608.5,0.39,0.808866858,68896,Sell,191200,191200,0.167508571,57.29,57.95,58,57.45,57.33068334
CDNS,8/7/24,Broker D,2427913.5,0.57,1.3736552,69006,Buy,18900,18900,0.022014823,259.51,257.02,256.91,260.55,259.4723987
MMM,8/7/24,Broker C,4530638,0.51,1.006646872,68003,Sell,191700,191700,0.163871613,126.81,129,129.09,128.66,126.8272324
CTAS,8/7/24,Broker D,2318209.75,0.41,0.948155165,80923,Sell,85400,85400,0.081726058,201.6,204.49,204.42,203.11,201.6279951
UPS,8/7/24,Broker E,6512738.5,0.48,0.871397614,81575,Buy,188600,188600,0.067466322,96.95,95.57,95.73,97.82,96.81180297
MSI,8/7/24,Broker E,948396.125,0.34,0.9049986,68847,Buy,26100,26100,0.180804983,421.56,417.56,417.7,422.63,421.4608977
GD,8/7/24,Broker A,1655810.125,0.36,0.714203775,73317,Sell,3400,3300,0.008313891,273.52,275.01,275.08,273.78,273.5988039
KKR,8/7/24,Broker E,7550706.5,0.9,1.628254652,87004,Buy,15900,15900,0.079300871,101.86,101,101.1,101.95,101.7271519
ZTS,8/7/24,Broker B,2779203.75,0.37,0.767200053,65522,Sell,12900,12900,0.081076097,147.58,148.67,148.61,147.81,147.5537034
NKE,8/7/24,Broker E,25678442,0.71,0.788271487,82833,Buy,406600,352400,0.046033863,56.11,55.23,55.38,56.43,56.00204538
MCO,8/7/24,Broker B,1041817.375,0.52,1.158737779,74348,Sell,46000,46000,0.169565041,411.15,419,418.99,418.52,411.1992332
CMG,8/7/24,Broker E,14388523,0.46,0.869820356,63064,Buy,132000,132000,0.082914625,48.36,47.84,48,48.39,48.25190969
CEG,8/7/24,Broker E,4398039.5,0.83,1.476271391,60695,Buy,126400,126400,0.169927531,207.55,203.49,203.43,210.58,207.3763675
SNPS,8/7/24,Broker E,1463162.375,0.54,1.399227858,62213,Buy,30400,28300,0.108775472,411.36,406.26,406.47,414.13,411.1962911
NEM,8/7/24,Broker A,13934138,0.49,1.032853365,62236,Sell,618400,618400,0.088357977,55.91,57,56.96,56.84,56.03398506
EOG,8/7/24,Broker E,4546741,0.56,0.80652982,60179,Buy,187200,187200,0.043023992,110.62,108.58,108.8,111.27,110.5427555
COF,8/7/24,Broker A,5593778,0.71,1.180324078,63005,Sell,115800,115800,0.02701482,165.92,169.08,169.07,166.53,166.0504698
ITW,8/7/24,Broker E,1335379.125,0.41,0.863521516,66773,Buy,42600,42600,0.181381997,231.62,228.79,228.96,232.1,231.5160887
DASH,8/7/24,Broker E,8294022.5,0.68,1.455383658,72765,Sell,268400,226700,0.045190307,175.2,178.23,178.2,177.54,175.2339953
FTNT,8/7/24,Broker C,5420590,0.6,1.176363707,71299,Buy,188600,188600,0.095196713,96.64,94.87,94.87,98.29,96.64136185
AZO,8/7/24,Broker D,164381.0938,0.3,0.586766005,59709,Buy,700,700,0.077611285,3609.18,3591.9,3591.85,3623.91,3609.214963
PYPL,8/7/24,Broker A,11983751,0.56,1.264015198,59636,Buy,398800,398800,0.046271513,61.47,60.24,60.36,61.8,61.35118362
PNC,8/7/24,Broker C,3215447.75,0.46,1.039765954,59414,Buy,21300,21300,0.066750816,151.87,150.5,150.58,152.58,151.8256226
ECL,8/7/24,Broker E,1645770.375,0.3,0.852666318,65664,Buy,66100,66100,0.194580297,240.44,238.09,238.14,240.48,240.3574695
HCA,8/7/24,Broker B,1648882.375,0.33,0.669401526,78197,Sell,23300,23300,0.069262607,331.77,334.93,334.85,333.24,331.8311632
ROP,8/7/24,Broker C,670314.9375,0.35,0.779269636,57910,Sell,30800,30800,0.128191785,542.89,550.42,550.44,546.55,542.8627177
USB,8/7/24,Broker A,15376011,0.5,1.192224503,58908,Buy,72500,62300,0.193458681,38.33,37.91,38,38.38,38.21134873
REGN,8/7/24,Broker B,1086888.625,0.39,0.743007243,61073,Buy,5000,5000,0.049301402,560.15,556.04,556.17,562.12,560.1280912
APD,8/7/24,Broker B,1285565.375,0.42,0.879582047,57305,Buy,54800,54800,0.138146412,265.67,261.39,261.53,267.2,265.6099093
TRV,8/7/24,Broker B,1616036.75,0.36,0.650661469,56549,Buy,100,100,0.038060364,256.75,256.12,256.26,257.11,256.7241611
AEP,8/7/24,Broker B,5192580,0.26,0.428053766,56352,Buy,177400,177400,0.061394181,108.75,107.77,107.63,109.76,108.697351
BDX,8/7/24,Broker D,2398220.25,0.32,0.611429393,56454,Buy,115600,115600,0.187960433,201.17,198.71,198.68,202.28,201.0677939
APO,8/7/24,Broker B,5210564.5,0.84,1.517835021,68247,Buy,261300,219900,0.128628507,127.95,124.63,124.69,130.67,127.902285
EMR,8/7/24,Broker B,3611822,0.55,1.123367548,54371,Buy,159400,159400,0.110514226,99.68,97.89,97.78,99.97,99.6072101
ADSK,8/7/24,Broker B,1828719.625,0.43,1.176352382,54160,Buy,23600,23600,0.175290624,258.75,255.92,255.99,259.57,258.6880177
BK,8/7/24,Broker E,4807429.5,0.46,1.002221107,53159,Buy,83300,82400,0.199537246,76.27,75.39,75.52,76.23,76.12815097
OKE,8/7/24,Broker D,4399638.5,0.61,0.982543945,51107,Buy,137100,135800,0.14124295,86.46,84.99,84.96,86.5,86.43503059
CSX,8/7/24,Broker E,17247650,0.38,0.81662339,51585,Buy,123800,123800,0.133309731,27.82,27.39,27.66,27.75,27.70864949
AFL,8/7/24,Broker A,2209897.75,0.37,0.651851058,57294,Buy,105700,105700,0.156180455,108.48,106.86,106.82,108.87,108.3995963
KMI,8/7/24,Broker D,14069475,0.41,0.77816236,57307,Buy,343200,343200,0.184703661,27.15,26.86,26.83,27.27,27.06911894
CPRT,8/7/24,Broker D,5663842.5,0.31,1.003289819,56739,Sell,218400,218400,0.093190739,58.65,59.45,59.32,59.15,58.65775644
ALL,8/7/24,Broker B,2196536,0.42,0.638867438,49568,Buy,107500,107500,0.134090839,195.09,192.06,191.91,195.95,195.0652866
O,8/7/24,Broker C,6787345.5,0.28,0.546792388,51687,Sell,139300,139300,0.122579214,57.81,58.15,58.32,58.13,57.81880434
JCI,8/7/24,Broker E,4893669.5,0.52,1.112372398,49147,Buy,178900,166000,0.079420843,76.87,75.7,75.76,77.3,76.74577755
HLT,8/7/24,Broker C,3031887.5,0.45,0.915118396,49023,Buy,99100,99100,0.06853525,212.25,209,209.18,214.64,212.1809664
MAR,8/7/24,Broker B,2279838,0.52,1.014037013,59395,Buy,108900,108900,0.118858447,222.57,218.3,218.37,223.51,222.532098
HWM,8/7/24,Broker C,3149206.5,0.62,1.214276791,48321,Buy,48600,48600,0.03146158,124.25,122.49,122.49,124.73,124.2977489
NSC,8/7/24,Broker B,1405256,0.42,0.922046959,49532,Buy,25200,25200,0.169698629,220.41,217.72,217.83,220.35,220.3393928
COR,8/7/24,Broker E,2001972.375,0.23,0.437819302,54464,Buy,98000,85900,0.076634725,291.64,289.33,289.39,292.45,291.5263081
RSG,8/7/24,Broker A,1455583.875,0.28,0.62843889,74483,Buy,67900,67900,0.049484095,245.74,242.53,242.67,246.65,245.6320991
SLB,8/7/24,Broker D,21908206,0.69,0.939860463,47078,Buy,98600,98600,0.19477281,35.14,34.72,34.8,35.24,35.08516691
ABNB,8/7/24,Broker D,6031917,0.64,1.223857641,71612,Sell,48600,48600,0.098689608,110.07,111.32,111.32,111.03,110.1211208
CARR,8/7/24,Broker C,5284097.5,0.48,1.201488495,50267,Buy,77900,77900,0.149609927,59.97,59.28,59.28,60.37,60.01701818
AIG,8/7/24,Broker D,6132646.5,0.39,0.718751848,46340,Sell,50800,43500,0.123229917,80.42,81.09,81.01,80.69,80.50512241
DLR,8/7/24,Broker D,2638210.25,0.42,0.910633385,50244,Buy,128900,128900,0.144282949,151.26,148.95,148.94,151.93,151.2206767
RCL,8/7/24,Broker C,3211878.75,0.77,1.301109672,51454,Sell,119000,119000,0.195720926,185.19,189.52,189.55,189.1,185.1882876
EXC,8/7/24,Broker B,9899152,0.27,0.404019773,46671,Buy,331000,331000,0.173425897,48.16,47.48,47.65,48.18,48.10551615
KR,8/7/24,Broker C,8351748.5,0.33,0.378295392,47789,Buy,307700,307700,0.096325105,72.62,71.63,71.75,73.3,72.5806513
KMB,8/7/24,Broker B,2202193.5,0.27,0.478593826,46454,Buy,85900,78500,0.112999877,144.91,143.45,143.36,144.87,144.8636266
WDAY,8/7/24,Broker D,2488970.25,0.44,1.046601534,56951,Sell,46500,46500,0.123904073,216.34,218.91,218.83,217.28,216.438055
FCX,8/7/24,Broker C,21833502,0.87,1.440998435,47352,Buy,547400,547400,0.083809869,33.92,33.12,33.19,34.57,33.92511147
TFC,8/7/24,Broker D,12838491,0.54,1.143862844,46093,Sell,237200,237200,0.087369327,34.9,35.5,35.37,35.19,34.95079087
FAST,8/7/24,Broker D,4317566.5,0.41,0.823430419,46056,Buy,55200,55200,0.101318773,81.89,81.06,81.13,82.34,81.82667691
PSA,8/7/24,Broker B,899280.375,0.35,0.74413836,50443,Sell,21600,21600,0.104326883,290.24,293.61,293.6,290.5,290.2320936
FICO,8/7/24,Broker B,192598.1719,0.51,1.182162404,44345,Buy,8400,8400,0.199713346,1926.39,1891.67,1891.63,1948.35,1926.313106
PAYX,8/7/24,Broker B,2656627.25,0.41,0.755127072,50567,Sell,85600,85600,0.074713035,141.73,144.06,143.76,143.13,141.7746816
PCAR,8/7/24,Broker A,3600774.75,0.46,0.874807894,45822,Buy,151500,151500,0.078866874,88.65,87.17,87.14,88.59,88.51386696
SPG,8/7/24,Broker C,2080938.375,0.52,1.014560699,48024,Buy,77800,77800,0.178407323,150.84,148.3,148.29,150.84,150.8082594
ROST,8/7/24,Broker E,3821738.5,0.38,0.791156411,44554,Buy,185400,185400,0.165297273,140.83,139.14,139.04,141.09,140.7268325
FDX,8/7/24,Broker D,2370554,0.6,0.871101379,49147,Sell,5300,5300,0.131652169,204.86,206.3,206.23,205.22,204.919561
SRE,8/7/24,Broker D,5377201,0.39,0.737867653,45934,Buy,86200,86200,0.112387069,71.37,70.53,70.68,71.37,71.29911076
CCI,8/7/24,Broker D,4355920.5,0.42,0.537642241,44471,Buy,25100,25100,0.133246662,103.85,103.16,103.12,103.82,103.8171397
KVUE,8/7/24,Broker B,17303216,0.31,0.598850489,42729,Buy,687700,687700,0.071892133,23.69,23.33,23.4,23.82,23.64395281
AMP,8/7/24,Broker E,587742.8125,0.54,1.200113416,43226,Buy,19000,18800,0.098129099,467.54,460.72,460.75,472.28,467.4303731
D,8/7/24,Broker E,5696607,0.35,0.531895697,44366,Buy,255500,255500,0.187430126,53.48,52.92,52.87,53.94,53.42473352
GWW,8/7/24,Broker B,300362.875,0.31,0.898724616,47149,Buy,1700,1600,0.098873355,1004.35,998.03,997.96,1005.25,1004.327476
GM,8/7/24,Broker E,17818398,0.47,1.023413062,42893,Buy,774700,774700,0.109858418,45.21,44.47,44.55,45.61,45.11631018
NXPI,8/7/24,Broker A,3608436.75,0.87,1.313321352,43496,Buy,11700,11700,0.135951151,168.63,166.6,166.67,169.19,168.5193624
TGT,8/7/24,Broker D,9577029,0.59,0.745406866,42724,Buy,167400,167400,0.032484261,93.76,92.64,92.47,93.72,93.70292616
MSCI,8/7/24,Broker E,605950.1875,0.44,0.953426242,41399,Buy,7900,7900,0.079012013,543.87,539.27,539.29,546.3,543.7932015
KDP,8/7/24,Broker D,14291824,0.25,0.479637235,47907,Buy,662100,662100,0.154551716,36.04,35.49,35.68,36.02,36.01330812
EW,8/7/24,Broker E,4871998.5,0.29,0.932674706,40680,Buy,166900,166900,0.048494389,71.92,71.2,71.3,72.1,71.81203885
MET,8/7/24,Broker A,4264862,0.57,0.970704496,47958,Buy,16800,16800,0.145255059,72.39,71.79,71.72,72.69,72.29609094
PEG,8/7/24,Broker C,3184916.75,0.3,0.649215996,40010,Buy,35500,35500,0.165552612,83.81,83,83.19,84.18,83.78921558
VRSK,8/7/24,Broker B,1055410.375,0.32,0.653001904,39793,Sell,3300,3300,0.151392869,290.13,291.64,291.74,291.11,290.1214876
LHX,8/7/24,Broker B,1484300.75,0.31,0.786988199,40194,Buy,18900,18900,0.025158929,219.12,217.15,217.27,220.29,219.0297845
CTVA,8/7/24,Broker D,3840735.75,0.42,0.811250389,40380,Buy,85300,85300,0.152864634,60.1,59.38,59.4,60.44,60.05288901
PSX,8/7/24,Broker B,3662350.5,0.67,0.967380404,39525,Sell,45200,45200,0.020595723,96.13,97.45,97.55,97.05,96.20183807
MNST,8/7/24,Broker E,6403771.5,0.29,0.588039458,56453,Buy,66900,66900,0.060012652,58.73,58.36,58.43,58.88,58.68089683
AXON,8/7/24,Broker E,729520.5,0.59,1.405653238,42188,Sell,30900,30900,0.089512095,540.13,550,549.87,542.92,540.1954245
MPC,8/7/24,Broker E,3156129.25,0.66,0.903885305,39477,Sell,137000,137000,0.164826751,122.7,125.28,125.16,124.47,122.8033563
XEL,8/7/24,Broker A,3795987.5,0.26,0.411776662,39727,Buy,23200,21800,0.11570646,70.44,69.88,70,70.47,70.36303406
DFS,8/7/24,Broker B,2594477.75,0.77,1.18055141,41593,Buy,38000,38000,0.196783711,173.42,170.52,170.5,174.73,173.3806846
YUM,8/7/24,Broker C,2512590.25,0.33,0.630044401,39132,Buy,113900,96800,0.042218782,144.89,143.14,143.12,145.45,144.8442975
FIS,8/7/24,Broker E,4254328,0.48,0.729293287,40453,Buy,62100,60600,0.18338226,76.75,75.94,76.02,77.14,76.67258699
PWR,8/7/24,Broker C,1551233.25,0.53,1.243507385,37625,Buy,7400,7200,0.188996474,264.93,262.68,262.72,266.7,264.8908544
VST,8/7/24,Broker A,8435292,0.94,1.630477905,36234,Sell,230900,230900,0.02773914,109.73,112.52,112.54,112.09,109.8523848
OTIS,8/7/24,Broker E,2712143.75,0.37,0.794259965,38396,Sell,147600,134000,0.133012366,96.65,97.95,97.89,97.36,96.76425149
ED,8/7/24,Broker C,3002038.25,0.26,0.309197754,39968,Sell,19700,19300,0.13799199,111.25,111.89,111.87,111.76,111.2758598
CMI,8/7/24,Broker E,1025966.188,0.55,1.032185197,37770,Sell,20100,20100,0.169512792,274.28,277.56,277.69,277.04,274.3651256
URI,8/7/24,Broker B,761241.625,0.55,1.479452729,37278,Buy,5500,5500,0.071982134,590.09,583.63,583.91,592.09,590.0813498
TEL,8/7/24,Broker E,2187387,0.51,1.162813902,38413,Buy,24700,23200,0.088955715,129.19,127.91,128.05,129.19,129.1080038
BKR,8/7/24,Broker C,8978361,0.68,0.912857592,37435,Buy,317500,317500,0.066700898,39.24,38.32,38.45,40.03,39.25578471
TRGP,8/7/24,Broker B,2373329,0.71,1.006133914,35801,Buy,38000,38000,0.048707254,174.68,171.74,171.82,176.49,174.5707423
PCG,8/7/24,Broker C,18206530,0.3,0.577123642,37009,Buy,739300,675100,0.097903603,17.51,17.13,17.31,17.51,17.49638247
F,8/7/24,Broker E,154269360,0.51,0.947989166,37658,Buy,6779000,6779000,0.177177999,9.87,9.58,9.72,9.86,9.811075023
AME,8/7/24,Broker C,1552392.625,0.38,0.908328295,35823,Sell,87500,75100,0.056598972,153.58,156,155.9,155.51,153.5908103
HES,8/7/24,Broker C,2205686.5,0.57,0.845936716,39072,Sell,11800,11700,0.035002805,127.47,128.74,128.67,128.52,127.4538517
ETR,8/7/24,Broker C,5055218.5,0.32,0.588191152,35935,Buy,81400,73400,0.089304249,83.54,82.72,82.83,83.79,83.51553053
PRU,8/7/24,Broker D,2169791,0.52,0.964037359,34333,Sell,94000,94000,0.127615162,96.89,98.55,98.62,97.14,96.90586316
SYY,8/7/24,Broker D,3494709.5,0.33,0.499918789,34951,Buy,33300,32000,0.142950037,72.47,71.73,71.97,72.76,72.41093094
TTWO,8/7/24,Broker A,1877009.375,0.37,0.942398071,36210,Buy,52900,52900,0.032845659,213.61,210.84,210.86,216,213.4935273
VLO,8/7/24,Broker D,4028594.5,0.69,1.000251889,34226,Sell,39500,38400,0.022870596,106.87,108.17,108.24,107.95,106.8850715
CBRE,8/7/24,Broker A,2165243.75,0.44,1.102758408,34651,Buy,58600,58600,0.109783861,118.28,116.63,116.59,118.28,118.1771692
ACGL,8/7/24,Broker D,1782318.875,0.41,0.650769889,33736,Buy,39000,39000,0.107589347,93.43,92.29,92.38,93.79,93.36302315
EA,8/7/24,Broker B,3472875.25,0.31,0.707976997,36989,Sell,119100,119100,0.114284134,143.37,145.02,145.08,144.25,143.42385
WEC,8/7/24,Broker B,2579657.75,0.21,0.450434834,34130,Buy,4500,4500,0.174822979,108.67,108.3,108.29,108.75,108.6129177
DHI,8/7/24,Broker B,3912135,0.41,0.862580538,38054,Buy,73400,73400,0.145606266,121.87,120.36,120.45,122.67,121.7919745
CTSH,8/7/24,Broker C,4620921.5,0.45,0.897250831,33549,Sell,131200,114600,0.111907306,68.4,69.32,69.33,69.22,68.39866274
VICI,8/7/24,Broker E,8872924,0.29,0.661714256,33973,Buy,412500,412500,0.053379873,32.81,32.43,32.49,32.91,32.7104137
HIG,8/7/24,Broker B,1744182.625,0.36,0.681961477,32598,Sell,47200,47200,0.173532667,115.56,117.02,116.98,115.74,115.5983918
IDXX,8/7/24,Broker C,920356.4375,0.47,1.024811983,32955,Buy,26400,26400,0.050444712,415.24,409.47,409.3,417.17,415.2206473
CSGP,8/7/24,Broker C,3336447.5,0.46,1.052419782,32817,Sell,109800,109800,0.035514774,77.48,78.61,78.66,78.48,77.498083
CHTR,8/7/24,Broker B,1460611,0.5,0.81772697,51101,Buy,26800,26800,0.185433823,339.86,335.28,335.33,341.58,339.7862206
CAH,8/7/24,Broker A,2750151.25,0.3,0.615272462,31686,Buy,83000,83000,0.177951086,137.19,135.52,135.62,138.03,137.1386595
WTW,8/7/24,Broker C,719839.0625,0.32,0.564704597,31380,Buy,30800,30800,0.083934869,324.56,320.52,320.55,327.49,324.5393552
GLW,8/7/24,Broker A,7247951.5,0.55,1.127289295,34871,Buy,179500,179500,0.112970725,41.39,40.72,40.72,41.38,41.26876544
VMC,8/7/24,Broker D,1552427.25,0.32,0.91711092,30934,Buy,4000,4000,0.081337372,241.14,240.19,240.13,241.95,241.0688103
HUM,8/7/24,Broker C,1663929.125,0.52,0.504744947,29680,Buy,11900,11900,0.064125366,265.1,262.51,262.57,266.94,265.081047
EBAY,8/7/24,Broker D,5998861,0.38,0.746352613,30584,Buy,316400,276000,0.101911527,67.31,66.27,66.37,67.98,67.22957447
GIS,8/7/24,Broker D,7428856.5,0.32,0.222607225,31580,Buy,325800,282600,0.121652023,57.98,57.38,57.32,58.1,57.9980134
RMD,8/7/24,Broker B,1162067.625,0.38,1.053770781,30970,Buy,18700,18700,0.112877924,213.86,211.62,211.61,215.61,213.8014198
IT,8/7/24,Broker C,862088.0625,0.45,1.129665256,30243,Buy,16100,15200,0.179281834,404.54,399.82,399.8,405.8,404.532362
EQT,8/7/24,Broker E,8427179,0.55,1.113951445,28486,Buy,144600,144600,0.072767293,50.96,50.25,50.37,51.08,50.84815257
MLM,8/7/24,Broker B,607821.625,0.33,0.953669608,29395,Buy,31600,26800,0.128369917,497.75,491.14,491.15,500.24,497.6987976
CNC,8/7/24,Broker A,4603081,0.31,0.406555951,28776,Sell,84200,84200,0.071382435,59.99,60.71,60.6,60.2,60.06892706
EXR,8/7/24,Broker A,1285439.375,0.39,0.8493523,29330,Buy,38200,36300,0.174185637,142.01,139.76,140.11,143.49,141.9519546
NDAQ,8/7/24,Broker C,3591433.75,0.46,0.828990459,40567,Sell,73700,73700,0.085554708,70.55,71.51,71.46,71,70.56947458
VTR,8/7/24,Broker C,3759618.25,0.28,0.697105527,29243,Buy,159000,159000,0.088505532,68.26,67.44,67.5,68.56,68.25982807
GRMN,8/7/24,Broker A,1260726.25,0.65,0.991939723,35947,Sell,59700,59700,0.068684958,182.68,187.12,186.99,183.14,182.7902597
A,8/7/24,Broker C,2477031.75,0.47,0.998218417,28584,Sell,108400,108400,0.196519211,99.98,101.85,101.69,100.35,99.98865843
WAB,8/7/24,Broker A,1099454.375,0.48,1.110182405,28560,Sell,20800,17500,0.074506478,166.63,168.74,168.82,166.82,166.6974804
IR,8/7/24,Broker E,3131694,0.52,1.183133483,28103,Buy,135700,135700,0.166651626,72.04,70.89,70.9,72.45,71.96248086
STZ,8/7/24,Broker D,2573782.25,0.32,0.651316345,33844,Buy,300,300,0.14475923,186.64,186.45,186.43,186.77,186.6182775
AWK,8/7/24,Broker B,1828562.625,0.3,0.470711619,28692,Sell,7800,7800,0.15539986,147.11,148,147.97,147.29,147.1379864
AVB,8/7/24,Broker C,957343.8125,0.39,0.853089452,28729,Buy,14300,14300,0.069494207,203.63,201.42,201.61,204.59,203.6454681
ODFL,8/7/24,Broker E,1910647.125,0.58,1.112155557,31794,Sell,64500,64500,0.049326237,148.96,151.47,151.38,150.89,149.0103314
GEHC,8/7/24,Broker E,5121890.5,0.71,1.147836328,27690,Buy,268900,254400,0.188797065,63.03,61.73,61.68,63.85,62.89288751
LULU,8/7/24,Broker D,3117086,0.75,0.817370057,30631,Buy,84400,84400,0.095940779,254.21,249.34,249.3,254.93,254.1780551
BRO,8/7/24,Broker E,1961675.125,0.32,0.701902211,32509,Buy,56000,56000,0.105744291,118,116.84,116.96,117.91,117.8976652
DTE,8/7/24,Broker D,1640223.5,0.26,0.47982955,27347,Buy,40100,40100,0.169076714,134.06,132.83,132.95,134.57,134.0500219
BR,8/7/24,Broker E,621545.6875,0.36,0.782384157,26690,Sell,4600,4300,0.105718082,233.35,234.67,234.58,234.15,233.4803536
EFX,8/7/24,Broker B,1234932.125,0.52,1.309583545,26868,Buy,41400,41400,0.091195369,221.55,217.89,217.84,223.89,221.5537227
OXY,8/7/24,Broker D,15108736,0.7,0.679570973,36670,Sell,349700,349700,0.13936205,38.35,39.1,39.04,38.5,38.36485666
XYL,8/7/24,Broker C,1987830.125,0.41,1.123633265,26408,Buy,66900,66900,0.079383567,110.71,109.21,109.2,112.12,110.6931338
TSCO,8/7/24,Broker E,5318770.5,0.45,0.765961647,26363,Buy,93500,93500,0.134937107,50.69,50.19,50.2,50.74,50.57905082
DXCM,8/7/24,Broker A,4825727,0.55,1.070894837,25922,Buy,140500,140500,0.07555685,69.33,68.07,68.14,70.12,69.21253847
AEE,8/7/24,Broker C,2107070.25,0.25,0.507441759,26065,Sell,27800,27800,0.198704739,97.29,98.08,97.97,97.67,97.31982513
MTB,8/7/24,Broker C,1625571.25,0.47,0.980700493,25756,Buy,76100,76100,0.180689632,161.36,158.69,158.63,162.82,161.3170335
ANSS,8/7/24,Broker A,632879.5625,0.41,1.127478838,26115,Sell,16800,16800,0.128369678,296.52,300.88,300.66,299.58,296.6524761
DELL,8/7/24,Broker D,8990889,0.93,1.688794136,57495,Buy,422000,406700,0.120686301,85.82,83.38,83.49,87.3,85.79080998
PPL,8/7/24,Broker D,5713525,0.25,0.522806942,26096,Buy,84100,84100,0.180220343,35.67,35.57,35.43,35.78,35.66090191
ROK,8/7/24,Broker C,1085357.25,0.53,1.038438201,25660,Sell,12200,12200,0.126879909,226.08,228.88,228.7,226.91,226.064927
DAL,8/7/24,Broker D,15970300,0.95,1.207352281,25772,Sell,249500,249500,0.123122127,39.45,40.16,40.23,40.17,39.46757125
NUE,8/7/24,Broker A,2965347.25,0.63,1.079811215,24614,Buy,18900,18900,0.064374071,110.73,109.33,109.45,111.35,110.6551911
CHD,8/7/24,Broker E,1830031.375,0.27,0.411989838,25384,Buy,35200,35200,0.031191126,105.52,105,104.86,105.59,105.4126375
FANG,8/7/24,Broker C,3052251.25,0.82,0.885042548,38922,Buy,80900,77600,0.156877222,136.96,134.18,134.13,137.13,136.936912
KHC,8/7/24,Broker C,12042805,0.33,0.360269487,35730,Buy,386400,386400,0.100137842,29.94,29.56,29.6,29.99,29.96159541
DD,8/7/24,Broker B,3624361,0.71,0.984351695,25156,Sell,47300,47300,0.190669828,58.44,59.48,59.36,58.51,58.4692394
MPWR,8/7/24,Broker D,1145968.625,1.11,1.914679885,24331,Sell,31300,31300,0.077208384,499.15,512.72,512.82,501.85,499.2423692
ATO,8/7/24,Broker D,1068291.25,0.23,0.55874145,24847,Buy,38000,32100,0.071714945,158.27,156.78,156.99,159.22,158.24195
IRM,8/7/24,Broker A,2148413.75,0.49,1.041708589,24072,Buy,90500,90500,0.09299901,85.15,83.59,83.63,86.3,85.04410971
SBAC,8/7/24,Broker A,1136725.875,0.32,0.55840081,24366,Buy,8700,8700,0.194941198,231.11,229.46,229.31,232.3,231.0290104
HSY,8/7/24,Broker E,1714671.625,0.32,0.440539747,33721,Buy,62700,62700,0.167911609,167.97,166.37,166.33,168.37,167.8572296
RJF,8/7/24,Broker E,1904403.75,0.49,1.124410748,26810,Buy,37900,37900,0.116733926,133.96,132.36,132.48,134.32,133.8160895
TPL,8/7/24,Broker D,145288.7344,0.87,1.070005655,28707,Buy,4100,4100,0.072881981,1302.87,1274.22,1274.34,1329.41,1302.828276
LEN,8/7/24,Broker B,3604617.5,0.41,0.952108204,27192,Buy,58800,58800,0.160627263,104.93,103.78,103.76,105.16,104.900032
IP,8/7/24,Broker C,6315342,0.57,0.763397038,23786,Sell,244900,244900,0.12127526,44.77,45.83,45.62,45.58,44.74018707
TYL,8/7/24,Broker A,289309.8438,0.37,0.932694316,23947,Sell,9400,9400,0.09839051,557.42,565.31,565.15,562.01,557.4464891
GDDY,8/7/24,Broker E,1731630.75,0.4,1.121523619,23532,Sell,22700,22700,0.091897002,169.45,170.84,170.78,169.83,169.5374602
CNP,8/7/24,Broker A,6544230,0.2,0.511033058,23818,Buy,1000,1000,0.190890652,36.99,36.98,36.91,36.88,36.88905453
IQV,8/7/24,Broker A,2062076.375,0.54,0.965077341,24899,Buy,12500,10500,0.086755577,143.71,142.24,142.32,144.47,143.6617314
DRI,8/7/24,Broker D,1471352.875,0.41,0.675583124,23062,Buy,7400,6300,0.062269804,201.02,199.52,199.77,201.88,200.9891942
STT,8/7/24,Broker B,2406070.25,0.51,0.965664208,23269,Buy,60400,51300,0.060115078,81.54,80.1,80.38,82.36,81.4628097
KEYS,8/7/24,Broker C,1073229.625,0.59,1.460006237,22790,Sell,41700,41700,0.054886482,130.53,133.2,133.08,131.95,130.5557829
EQR,8/7/24,Broker D,2058523.25,0.41,0.833705187,25639,Buy,95200,95200,0.120723737,68.59,67.64,67.58,69.12,68.54742839
PPG,8/7/24,Broker A,2583960.25,0.52,0.913599849,22561,Buy,115800,115800,0.043392473,101.56,99.57,99.64,103,101.4712469
FITB,8/7/24,Broker B,6024540,0.51,1.154086709,22261,Buy,248000,248000,0.117929127,34.46,33.84,33.85,34.58,34.41087279
ADM,8/7/24,Broker E,5736518,0.43,0.613135517,23091,Buy,284900,284900,0.185352265,48.58,47.83,47.89,48.6,48.46157719
CBOE,8/7/24,Broker E,1028178.75,0.3,0.335441858,22449,Buy,20400,20400,0.161367369,219.55,217.97,218,220.63,219.4672946
EXE,8/7/24,Broker C,6257997,0.43,0.875163198,23791,Buy,240200,240200,0.104569641,108,106.4,106.4,108.63,107.9936313
HPQ,8/7/24,Broker B,10433243,0.69,1.06854558,22389,Buy,600,600,0.093661963,23.54,23.45,23.48,23.49,23.48884037
FTV,8/7/24,Broker B,2953923,0.5,1.015593648,21779,Buy,48600,48600,0.025190229,65.47,64.63,64.63,65.53,65.42976693
EIX,8/7/24,Broker A,3870291.5,0.38,0.615453899,21488,Buy,78000,78000,0.095817367,57.59,56.88,56.91,57.97,57.48674737
K,8/7/24,Broker C,2832324.25,0.04,0.390702844,28449,Buy,94500,83400,0.163915391,82.52,82.35,82.33,82.75,82.55587235
VLTO,8/7/24,Broker A,1591432.75,0.37,1.5,21630,Sell,36300,36300,0.025348333,87.31,88.46,88.39,87.61,87.37400739
DOV,8/7/24,Broker A,1323083.75,0.51,1.118279934,21659,Buy,48900,48900,0.042051225,163.02,159.94,160.16,164.71,162.8803839
STE,8/7/24,Broker A,602092.9375,0.32,0.631336212,21495,Sell,8000,8000,0.018599671,219.23,221.22,221.29,221.29,219.3134381
UAL,8/7/24,Broker E,12011164,1.08,1.18553853,21399,Sell,224500,224500,0.086764495,63.82,65.09,65.21,64.57,63.89887361
CMS,8/7/24,Broker A,2745851.25,0.23,0.402545393,21566,Buy,47400,47400,0.071005782,73.2,72.74,72.61,73.51,73.11615556
FE,8/7/24,Broker A,5861474.5,0.28,0.476894647,24124,Sell,59100,59100,0.153588406,41.49,41.85,41.82,41.72,41.60163522
NVR,8/7/24,Broker A,26889.36719,0.39,0.721931219,21180,Buy,200,200,0.047378463,7198.41,7135.1,7135.13,7240.89,7198.36492
CPAY,8/7/24,Broker D,511122.2813,0.7,1.102929354,20953,Sell,9900,9900,0.028526096,300.98,306.16,306.04,303.7,301.044121
TDY,8/7/24,Broker B,304619.3125,0.41,0.851020634,21234,Buy,2300,2300,0.046209038,463.83,459.81,459.82,464.86,463.8012374
ES,8/7/24,Broker A,2653985.75,0.35,0.498877913,20696,Buy,32000,32000,0.166399279,57.78,57.21,57.23,58.13,57.71010635
MTD,8/7/24,Broker D,196380.4375,0.55,1.060753942,20219,Sell,6200,5700,0.193001944,980.85,996.88,996.7,989.39,980.9347339
MCHP,8/7/24,Broker A,13373664,1.16,1.530130506,21206,Buy,91600,85200,0.055098264,38.24,37.6,37.57,38.39,38.08693774
CINF,8/7/24,Broker C,926051.375,0.41,0.634547472,19996,Buy,18300,18300,0.139473473,133.34,131.92,131.82,133.51,133.3492708
WRB,8/7/24,Broker B,2284885,0.37,0.595682919,25539,Sell,4300,4300,0.184325956,68.49,68.9,68.85,68.7,68.55568457
DG,8/7/24,Broker A,5504300.5,0.46,0.147626966,21029,Buy,9000,9000,0.195512798,94.36,93.55,93.77,94.53,94.30360718
SW,8/7/24,Broker B,4414833.5,0.57,1.5,21286,Buy,207700,203300,0.15774621,42.15,41.1,41.31,42.74,42.06253197
CDW,8/7/24,Broker A,1711498.375,0.53,1.044915199,19557,Buy,57000,57000,0.169382184,152.56,149.7,149.9,153.45,152.4655902
VRSN,8/7/24,Broker B,912534.6875,0.29,0.593307614,22717,Buy,2600,2600,0.170581742,247.26,245.86,246.02,247.57,247.1882025
LYV,8/7/24,Broker D,2976203.75,0.53,1.095992446,28820,Sell,144200,144200,0.052833365,124.76,127,127.12,125.92,124.8511811
DVN,8/7/24,Broker D,10589528,0.85,0.784066737,19133,Buy,187700,176600,0.061684563,30.23,29.61,29.69,30.31,30.15223288
HPE,8/7/24,Broker B,29635630,0.83,1.436243892,19467,Buy,1321800,1321800,0.186182965,15.59,14.95,15.19,15.76,15.54752493
HBAN,8/7/24,Broker E,25923222,0.59,1.129999638,19676,Buy,841200,841200,0.065607154,13.96,13.58,13.74,13.91,13.85880768
NRG,8/7/24,Broker D,3331282.75,0.74,1.218113065,18959,Sell,112000,112000,0.158857115,93.92,96.1,95.94,95.83,93.98905661
DOW,8/7/24,Broker C,9681285,0.76,0.934338987,19846,Buy,131100,131100,0.072025936,28.79,28.17,28.34,28.99,28.76956318
HAL,8/7/24,Broker C,14295516,0.79,0.9959566,18895,Buy,636100,588900,0.146399146,22.82,22.05,22.28,23.12,22.83654573
TROW,8/7/24,Broker E,2628548.75,0.55,1.24284482,18568,Buy,45100,38000,0.078741104,86.23,85.27,85.3,86.52,86.13623256
ZBH,8/7/24,Broker A,2224673.75,0.3,0.66424644,19026,Buy,18700,18700,0.104114685,98.17,97.5,97.41,98.46,98.01665681
PHM,8/7/24,Broker B,2378124.5,0.43,0.928031027,18770,Buy,56400,53100,0.096252246,95.24,94.03,94.02,96.21,95.18047485
INVH,8/7/24,Broker B,3488844.75,0.31,0.804176807,20470,Buy,30900,27700,0.031198109,33.72,33.43,33.48,33.76,33.63347819
WAT,8/7/24,Broker D,577985.25,0.53,0.874369264,18814,Sell,2400,2400,0.169843936,315.03,317.6,317.44,315.77,315.1004147
CTRA,8/7/24,Broker C,7670125,0.45,0.794653773,18957,Buy,166200,166200,0.030630142,25.98,25.48,25.65,26.16,26.00521718
MKC,8/7/24,Broker E,2814116.5,0.32,0.453034908,20013,Buy,61500,61500,0.085717544,75.57,75,74.98,75.49,75.44016936
CCL,8/7/24,Broker D,30730354,0.84,1.585720658,22498,Buy,283100,236600,0.163597821,17.7,17.59,17.46,17.77,17.62989691
WY,8/7/24,Broker C,3923671.75,0.41,0.926903367,17921,Buy,139800,139800,0.164221598,25.82,25.43,25.46,26.17,25.84061864
EXPE,8/7/24,Broker D,2731665,0.76,1.383257627,18899,Buy,80200,80200,0.087301169,152.3,149.07,149.24,152.33,152.2599813
SYF,8/7/24,Broker A,5665065,0.79,1.195883751,18361,Sell,45700,45700,0.188031642,47.11,47.85,47.82,47.56,47.23021073
IFF,8/7/24,Broker D,2113117.5,0.43,0.765907586,18594,Buy,68500,68500,0.096355941,73.99,72.88,72.99,74.55,73.92271328
NI,8/7/24,Broker C,5584637.5,0.29,0.636198223,17935,Buy,113400,113400,0.118275162,39.49,39.12,39.14,39.8,39.48812954
MAA,8/7/24,Broker E,1073008.875,0.33,0.744632661,18099,Sell,34000,34000,0.086547387,154.46,155.91,155.95,154.66,154.5967366
LDOS,8/7/24,Broker B,1774806.75,0.33,0.886574626,17724,Buy,44400,38900,0.154062297,141.53,140,140.04,142.46,141.4860404
HUBB,8/7/24,Broker C,752433.75,0.47,1.161202312,17637,Buy,2900,2900,0.067597499,336.7,334.28,334.3,337.45,336.7066336
DGX,8/7/24,Broker A,1434326.75,0.25,0.461955011,17963,Buy,13000,13000,0.015362741,164.75,163.63,163.6,164.94,164.6004764
WBD,8/7/24,Broker C,44823424,1.01,1.16329062,19642,Buy,1689500,1689500,0.160881823,8.24,8.06,8.01,8.36,8.199623105
LH,8/7/24,Broker C,818770,0.33,0.56757921,17756,Sell,17800,17800,0.066220099,214,216.3,216.18,215.48,214.052729
MOH,8/7/24,Broker D,752848.375,0.42,0.305419803,16524,Sell,17800,17800,0.100655062,316.65,320.54,320.49,317.28,316.6547925
LII,8/7/24,Broker D,457593.5,0.48,1.069374204,19202,Buy,15400,15400,0.193407719,557.32,548.84,549.03,563.66,557.2961931
ESS,8/7/24,Broker B,526468.6875,0.42,0.903372884,17425,Buy,17000,17000,0.088530305,276.16,272.3,272.24,277.04,276.0941107
RF,8/7/24,Broker B,11484495,0.53,1.14174211,17285,Sell,443200,443200,0.192921225,18.81,19.15,19.16,19,18.87194689
TSN,8/7/24,Broker A,2524327,0.29,0.444923162,21653,Sell,115900,115900,0.11138907,60.21,61.05,61,60.48,60.28711567
BIIB,8/7/24,Broker C,1859786.375,0.44,0.701340735,17051,Sell,37800,37800,0.120896023,116.53,117.97,117.97,116.79,116.5027814
PODD,8/7/24,Broker A,913339.9375,0.47,1.104999661,16754,Buy,30300,30300,0.097729651,247.7,243.67,243.73,249.9,247.6070588
NTRS,8/7/24,Broker C,1545806.5,0.52,1.090333939,16920,Buy,66900,66900,0.192668142,89.3,87.57,87.71,90.62,89.33801229
PTC,8/7/24,Broker B,1066607.125,0.44,1.078693867,16800,Buy,38700,38700,0.134300004,144.49,142.19,142.28,145.38,144.4103453
CLX,8/7/24,Broker C,1512404.375,0.23,0.525460303,17079,Sell,21800,21800,0.110760028,138.6,139.57,139.53,139.4,138.5867048
GPN,8/7/24,Broker B,3507925.75,0.84,0.966453552,16589,Sell,85200,85200,0.179726041,66.79,68.55,68.27,67.85,66.85226866
WSM,8/7/24,Broker C,3767200.25,0.79,1.285576701,17028,Buy,110100,110100,0.132955595,140.16,137.07,137.2,141.24,140.1968981
NTAP,8/7/24,Broker E,2661723.75,0.59,1.255655408,16615,Sell,104400,91100,0.045101037,79.98,81.5,81.31,80.12,80.08678568
STLD,8/7/24,Broker D,2060822.125,0.57,1.085546494,17021,Buy,41300,41300,0.053656411,119.6,117.77,117.92,119.64,119.5421749
PKG,8/7/24,Broker D,1002152,0.39,0.758322477,16373,Buy,27500,26500,0.050955205,187.84,185.64,185.66,189.26,187.7910355
ULTA,8/7/24,Broker C,1273502.75,0.66,0.72329247,16568,Sell,51000,51000,0.101377749,349.42,357.06,356.93,351.37,349.4561603
FDS,8/7/24,Broker E,352102.2813,0.36,0.788227975,15673,Sell,7400,7400,0.03529844,420.03,423.72,423.7,422.05,420.2159937
DPZ,8/7/24,Broker C,719962.3125,0.39,0.976678789,16060,Buy,27600,27600,0.061885356,473.2,466.77,466.68,473.87,473.1725598
DECK,8/7/24,Broker E,3603507.5,0.77,0.957816899,15716,Buy,157100,157100,0.139874666,106.06,103.86,103.74,107.64,105.9618775
STX,8/7/24,Broker B,4192351,0.75,1.502993703,15652,Sell,38800,35700,0.129782844,73.5,74.45,74.54,74.05,73.56508394
SNA,8/7/24,Broker E,519470.875,0.45,0.87209785,15288,Buy,500,500,0.166202546,305.73,305.16,305.03,305.88,305.6098314
DLTR,8/7/24,Broker B,6869030,0.79,0.797286034,17131,Buy,37300,33600,0.030680922,80.44,79.68,79.48,80.45,80.35909993
GPC,8/7/24,Broker D,1654921.25,0.42,0.686277211,15519,Sell,41500,41500,0.12733449,111.98,113.3,113.37,112.56,111.9903407
SMCI,8/7/24,Broker D,53867424,1.05,2.397611856,17514,Buy,257200,257200,0.067071613,31.25,30.75,30.83,31.5,31.17007189
COO,8/7/24,Broker B,2442022.25,0.45,0.941235423,15739,Buy,47700,47700,0.196335166,80.23,79.19,79.22,80.52,80.17679062
EVRG,8/7/24,Broker D,2780009.25,0.23,0.49877277,15381,Buy,65200,65200,0.056844847,68.86,68.3,68.35,68.89,68.84354105
ROL,8/7/24,Broker D,2293436.25,0.33,0.708591282,26548,Buy,35100,31700,0.185197261,56.05,55.63,55.6,56.28,55.97918319
LNT,8/7/24,Broker B,2183584.75,0.26,0.496919721,15230,Buy,81200,81200,0.123665029,61.49,60.8,60.84,61.8,61.42313653
CFG,8/7/24,Broker D,6193755.5,0.62,1.265007377,15077,Buy,265700,265700,0.180822934,35.87,35.13,35.16,36.04,35.80853523
PFG,8/7/24,Broker B,1607446.125,0.57,0.982086778,15807,Sell,11900,11800,0.163069176,70.76,71.32,71.54,71.37,70.80983959
L,8/7/24,Broker C,910343.9375,0.39,0.612332523,17530,Sell,23700,23700,0.194929979,83.96,85.1,85,84.52,83.98586644
EG,8/7/24,Broker E,415288.5313,0.35,0.552587211,16384,Buy,13600,13600,0.197091221,352.4,348.85,348.84,353.71,352.3100429
EXPD,8/7/24,Broker C,1753609.625,0.44,0.754186869,14436,Buy,25200,25200,0.049005963,106.88,105.67,105.73,107.97,106.8937219
FFIV,8/7/24,Broker C,576744.125,0.48,0.925122261,14459,Buy,11400,11400,0.117704493,259.2,255.78,255.89,259.95,259.2070574
JBL,8/7/24,Broker A,1724661.25,0.67,1.366136074,13928,Buy,56200,56200,0.184095329,136.29,133.43,133.51,136.52,136.2235072
BAX,8/7/24,Broker D,5027440,0.56,0.750824749,14639,Buy,117500,117500,0.156960151,29.31,28.75,28.88,29.18,29.17715401
LYB,8/7/24,Broker B,4547265,0.69,0.844999075,18176,Buy,72300,67100,0.138479208,57.84,56.85,56.94,58.12,57.81083033
LUV,8/7/24,Broker E,16223484,0.81,0.978310943,13797,Buy,776200,776200,0.074845618,25.2,24.42,24.61,25.55,25.16062161
WST,8/7/24,Broker B,972558.875,0.44,0.812731206,14884,Sell,40100,40100,0.129528023,201.72,205,205.04,204.56,201.7396545
ON,8/7/24,Broker C,10593790,0.95,1.216935754,14662,Buy,192300,192300,0.192907746,34.41,33.7,33.7,34.42,34.41513904
OMC,8/7/24,Broker B,4378209.5,0.49,0.86769712,14065,Buy,82700,82700,0.122300244,73.69,72.72,72.71,73.64,73.63537141
J,8/7/24,Broker C,987790.3125,0.37,0.765809715,14176,Buy,14600,14600,0.181084412,118.03,117,116.9,118.44,117.9958359
TRMB,8/7/24,Broker C,1833999.625,0.59,1.16162169,13818,Buy,25100,25100,0.197671559,58.41,57.53,57.64,58.97,58.40339589
KEY,8/7/24,Broker C,18568466,0.59,1.350797296,15110,Buy,515100,490300,0.074248499,14.47,14.05,14.23,14.65,14.45419599
BALL,8/7/24,Broker B,2751362.5,0.35,0.72291398,13357,Sell,18600,15700,0.081453714,46.51,46.99,46.84,46.63,46.60514196
KIM,8/7/24,Broker E,6303217,0.41,0.923541188,13651,Sell,24500,23400,0.086681706,19.94,20.31,20.03,20.02,20.00299228
AVY,8/7/24,Broker E,860455.75,0.33,0.759776711,13348,Buy,7400,7400,0.014006115,170.65,169.68,169.75,170.68,170.5517359
FSLR,8/7/24,Broker C,3386447.75,0.58,0.734085619,13132,Buy,29000,29000,0.17074832,127.9,126.46,126.49,128.81,127.9005773
AMCR,8/7/24,Broker D,34436428,0.35,0.618396103,13456,Sell,823900,720700,0.020748874,9.21,9.35,9.3,9.28,9.248653543
BLDR,8/7/24,Broker E,1751718.125,0.58,1.242862463,12976,Sell,54200,54200,0.033523909,112.85,114.63,114.62,112.97,112.9378698
PNR,8/7/24,Broker A,1924131,0.49,1.106546164,13026,Buy,91800,91800,0.048625703,80.92,79.46,79.42,81.11,80.8057267
GEN,8/7/24,Broker B,4726144.5,0.47,1.009418488,14520,Buy,62900,62900,0.058234719,24.66,24.29,24.38,24.6,24.56341495
TPR,8/7/24,Broker A,7014728.5,0.63,1.042785764,13079,Buy,17500,15100,0.086669761,63.49,63.09,62.97,63.69,63.40089036
DOC,8/7/24,Broker A,5513162,0.29,0.821606755,12889,Buy,59500,59500,0.168520023,18.74,18.52,18.59,18.66,18.63542711
MAS,8/7/24,Broker E,2461541.5,0.48,1.01499474,12710,Sell,62300,62300,0.051635185,59.97,60.67,60.7,60.53,60.12184506
CF,8/7/24,Broker C,2908823.75,0.38,0.506944835,12507,Sell,101700,101700,0.145181726,73.49,74.48,74.48,73.69,73.49456864
HOLX,8/7/24,Broker C,3410084.75,0.3,0.439089477,12853,Buy,22200,22200,0.013750283,57.8,57.46,57.45,57.97,57.74107956
EL,8/7/24,Broker A,4540624.5,0.78,1.135743618,19565,Buy,141700,141700,0.116363702,55.39,54.01,54.15,56.17,55.29385658
WDC,8/7/24,Broker B,9308912,0.9,1.804587364,12508,Sell,18200,18200,0.09277511,35.6,36.09,35.95,35.8,35.65852926
JKHY,8/7/24,Broker B,710372.875,0.38,0.583922863,12299,Sell,31200,31200,0.061658691,169.07,171.83,171.62,170.58,169.1365853
IEX,8/7/24,Broker C,721935.25,0.4,0.921658635,12137,Buy,2400,2400,0.071794669,163.14,162.13,162.16,163.93,163.1961775
UDR,8/7/24,Broker D,2407958,0.43,0.85049963,13490,Buy,85700,85700,0.113965765,41.6,40.84,41.02,41.69,41.49441541
SJM,8/7/24,Broker D,1412505.25,0.28,0.436529636,12334,Sell,66400,66400,0.077833089,115.15,116.48,116.45,115.22,115.220514
CAG,8/7/24,Broker A,6965156.5,0.29,0.338077486,12120,Buy,335800,335800,0.141049236,25.35,25.2,25.02,25.34,25.21810506
TXT,8/7/24,Broker B,1671518.375,0.52,1.009713173,11729,Buy,34300,34300,0.121238974,66.54,65.46,65.59,67.38,66.49365578
BBY,8/7/24,Broker B,4805700,0.84,0.958788991,13128,Buy,218800,218800,0.187362431,62.93,61.29,61.28,63.05,62.88177049
ALGN,8/7/24,Broker E,1371862,0.57,1.381431937,12608,Buy,43800,39300,0.118623555,171.36,168.96,168.87,171.77,171.2185685
ARE,8/7/24,Broker A,1681613.75,0.47,1.095249534,13100,Sell,4800,4800,0.077876523,75.64,76.47,76.21,76.03,75.72116647
CPT,8/7/24,Broker A,1145793,0.35,0.813532531,12056,Buy,36000,36000,0.171866894,112.48,111.1,111.03,112.62,112.3637783
APTV,8/7/24,Broker A,4253347.5,0.62,0.834469736,11699,Buy,76100,76100,0.199303463,52.24,51.49,51.41,52.39,52.16964489
REG,8/7/24,Broker A,1255055.125,0.33,0.702210128,13247,Sell,500,500,0.183350838,70.68,70.92,70.93,70.88,70.77180429
ZBRA,8/7/24,Broker B,718495.125,0.81,1.371357441,11356,Buy,27700,27700,0.180347139,227.04,221.56,221.57,227.9,226.9874595
POOL,8/7/24,Broker B,454624.6875,0.43,0.911036551,11186,Sell,14800,14800,0.119056351,299.07,303.45,303.53,303.23,299.1076324
TER,8/7/24,Broker E,4338915.5,0.96,1.628202081,11277,Buy,143800,142000,0.165141581,71.22,69.41,69.55,71.86,71.11953599
JNPR,8/7/24,Broker E,3132681.5,0.19,0.634801924,11379,Buy,94900,94900,0.164758819,34.45,34.18,34.26,34.38,34.3438471
LVS,8/7/24,Broker E,6501377.5,0.57,0.823726475,23008,Sell,72000,72000,0.012926885,32.41,32.67,32.74,32.6,32.49603624
RVTY,8/7/24,Broker C,1219324.5,0.55,0.797572315,10786,Buy,36500,36500,0.037471529,92.43,90.88,90.92,93.46,92.37257307
AKAM,8/7/24,Broker A,2377838.5,0.52,0.784386694,10509,Buy,48500,48500,0.06605345,73.74,72.77,72.66,73.86,73.61857491
ALLE,8/7/24,Broker C,1194745.875,0.34,0.85759753,10607,Buy,2600,2200,0.191074548,125.3,124.65,124.75,125.83,125.3498981
LKQ,8/7/24,Broker B,2848942.25,0.37,0.666749001,10655,Buy,129300,129300,0.178209179,42.3,41.81,41.69,42.47,42.18349653
CHRW,8/7/24,Broker D,1592970,0.4,0.668679476,10554,Buy,27900,27900,0.122014462,90.99,90.09,90.06,91.3,91.00057658
PNW,8/7/24,Broker B,1304774.75,0.23,0.468580067,11116,Sell,40500,40500,0.034949346,93.18,94.19,94.05,93.7,93.18700079
BG,8/7/24,Broker C,1928443.25,0.39,0.430640489,10557,Buy,86700,86700,0.196509859,80.17,78.96,79,80.69,80.12657578
FOXA,8/7/24,Broker E,4894352,0.5,0.622418344,20638,Buy,58500,58500,0.123059038,48.41,47.78,47.97,48.6,48.29998275
JBHT,8/7/24,Broker C,1416926.375,0.6,0.961994886,12713,Buy,19600,19600,0.136780272,129.07,127.3,127.35,130.31,129.0318581
UHS,8/7/24,Broker A,936496.0625,0.52,0.833979607,10240,Buy,37100,37100,0.134766964,178.32,175.07,175.08,178.86,178.2049453
ERIE,8/7/24,Broker D,135175.3594,0.4,0.544575632,20663,Sell,2700,2700,0.188547235,403.56,408,407.98,404.24,403.6397265
PAYC,8/7/24,Broker B,727074.8125,0.56,0.874895334,11929,Buy,21300,21300,0.155434718,217.67,214.2,213.99,219.68,217.5952798
GL,8/7/24,Broker D,742776.5625,0.45,0.797355115,9754,Sell,15000,15000,0.122538379,119.03,120.44,120.47,119.63,119.0699711
TAP,8/7/24,Broker E,2594431.25,0.27,0.463173449,11908,Sell,68900,68900,0.054547736,58.39,58.7,58.82,58.67,58.47131949
KMX,8/7/24,Broker C,3893916.5,0.76,0.924367547,9517,Buy,97500,97500,0.034265566,65.21,63.76,63.94,65.42,65.18418066
TKO,8/7/24,Broker B,2176504.5,0.48,0.791934609,28227,Buy,30000,30000,0.168100396,151.23,149.39,149.45,151.7,151.1459086
NDSN,8/7/24,Broker D,408402.3438,0.53,1.068100691,10080,Buy,16900,16900,0.110336323,181.8,178.62,178.66,181.89,181.7565876
NWSA,8/7/24,Broker E,4041857,0.41,0.929095805,15160,Buy,53600,53600,0.165884389,26.05,25.64,25.84,25.91,25.90901156
AIZ,8/7/24,Broker E,495442.1563,0.43,0.737580895,9353,Sell,20800,20800,0.155252461,185.85,188.46,188.4,187.99,185.9456284
HST,8/7/24,Broker B,11824158,0.56,1.002946138,9439,Sell,431400,431400,0.151588981,13.19,13.5,13.44,13.43,13.25729069
INCY,8/7/24,Broker A,2254369,0.47,0.670278668,10992,Buy,100800,100800,0.170753443,58.61,57.48,57.58,58.6,58.55505653
BXP,8/7/24,Broker B,1637994.625,0.49,1.16145134,9899,Buy,61700,61700,0.113754178,63.93,62.87,62.86,64.92,63.89266628
SOLV,8/7/24,Broker D,1395912.125,0.51,1.5,11062,Sell,13500,11500,0.027317511,64.95,65.68,65.57,64.97,64.95365121
VTRS,8/7/24,Broker B,15793166,0.48,0.810708165,9036,Buy,440300,419400,0.102166642,7.56,7.5,7.45,7.49,7.490794004
SWKS,8/7/24,Broker C,4347467,0.93,1.274859548,8720,Buy,59800,59800,0.140548613,55.83,54.67,54.8,56.42,55.85292433
IPG,8/7/24,Broker B,8651978,0.5,0.892075121,8757,Sell,364100,364100,0.154095532,22.97,23.5,23.39,23.12,23.00361897
HRL,8/7/24,Broker C,3378499.75,0.26,0.42143631,16717,Sell,138800,138800,0.076517438,29.91,30.45,30.23,30.06,29.9671224
EMN,8/7/24,Broker B,1493853.5,0.57,1.016051292,8883,Buy,51100,51100,0.180703265,77.73,76.16,76.33,78.51,77.64924369
SWK,8/7/24,Broker A,2905021.75,0.8,1.096431136,8711,Sell,139200,139200,0.069761527,54.72,56.13,56.23,55.41,54.84028701
MOS,8/7/24,Broker D,5865110.5,0.52,0.943756461,8629,Sell,258500,258500,0.098927406,26.72,27.16,27.2,27.19,26.81035729
DAY,8/7/24,Broker A,2080966.125,0.61,1.275922179,8282,Sell,14700,14700,0.171286033,52.36,53.03,52.99,52.57,52.47202086
HII,8/7/24,Broker A,780269.9375,0.46,1.021251202,8548,Sell,13800,12200,0.177307419,215.35,218.32,218.09,215.73,215.421901
MKTX,8/7/24,Broker C,684962.75,0.29,0.569458306,8374,Sell,33800,33800,0.132489289,222.04,224.9,224.79,222.35,222.0513934
MRNA,8/7/24,Broker B,9824392,0.7,1.143159986,9716,Sell,407200,407200,0.075121789,23.39,24.03,23.93,23.66,23.44466199
EPAM,8/7/24,Broker A,775269.125,0.59,1.141998291,8339,Sell,1700,1700,0.11911003,144.76,146,145.93,145.79,144.8284752
RL,8/7/24,Broker B,1348353,0.81,1.060222864,12602,Buy,43100,43100,0.100987058,209.58,204.72,204.84,213.26,209.516779
HSIC,8/7/24,Broker D,1568497.375,0.35,0.590051532,7728,Buy,7300,6400,0.121941652,64.48,64.22,64.13,64.69,64.49983163
WBA,8/7/24,Broker B,19665150,0.15,0.587754667,9400,Sell,215300,215300,0.160918779,10.86,10.86,10.91,10.89,10.89070401
LW,8/7/24,Broker C,2839034,0.55,0.564399183,7269,Sell,75300,75300,0.026345272,51.93,52.81,52.77,52.28,51.93794748
TECH,8/7/24,Broker D,2193590.5,0.64,0.978624701,7511,Sell,41800,41800,0.029706925,46.33,47.23,47.05,46.46,46.35814453
AOS,8/7/24,Broker D,1550288.375,0.3,0.872556567,8857,Sell,35100,35100,0.175898331,61.96,62.62,62.53,62.34,62.01310502
CPB,8/7/24,Broker D,3745423,0.32,0.404911965,11203,Buy,133200,133200,0.145453839,37.88,37.5,37.46,38.11,37.81439953
MTCH,8/7/24,Broker A,5115680.5,0.44,0.591599047,7173,Sell,14800,14800,0.185374922,28.67,28.86,28.88,28.86,28.73477975
AES,8/7/24,Broker E,14259086,0.58,0.945910573,6977,Sell,619100,619100,0.155149966,9.75,10.06,9.93,9.93,9.852016907
FRT,8/7/24,Broker C,981473.5,0.43,0.80000782,7917,Sell,35000,35000,0.190804122,91.23,92.69,92.59,91.88,91.23259955
NCLH,8/7/24,Broker D,16253093,0.88,1.468388319,7114,Buy,718200,718200,0.117720898,16.89,16.3,16.45,16.87,16.83074188
ENPH,8/7/24,Broker D,3664565.5,0.72,1.072749496,6772,Sell,27800,27800,0.056464697,51.2,51.94,51.82,51.57,51.26485871
HAS,8/7/24,Broker D,2073502.25,0.59,0.878377974,7210,Buy,69800,69800,0.15688239,52.59,51.91,51.68,53.31,52.54947798
WYNN,8/7/24,Broker A,2804277.75,0.64,0.920791984,7958,Buy,12400,12400,0.067369286,75.74,74.77,74.95,76.27,75.6637496
GNRC,8/7/24,Broker B,931832.75,0.64,1.488258839,6354,Sell,17400,17400,0.183568336,107.49,109.46,109.27,108.05,107.5656819
PARA,8/7/24,Broker D,9434556,0.34,0.801711023,7689,Sell,351200,351200,0.089781999,10.81,10.85,10.94,10.92,10.91369633
MGM,8/7/24,Broker B,6752680,0.67,1.398429513,8183,Buy,244200,213900,0.153085196,29.26,28.66,28.68,29.42,29.19842578
ALB,8/7/24,Broker C,3355922.75,0.93,1.281180859,6238,Buy,37200,37200,0.08419205,53.43,52.5,52.52,53.63,53.39948496
DVA,8/7/24,Broker C,909545.5,0.38,0.739418805,10680,Buy,32200,32200,0.182761566,141.96,140.18,140.09,142.41,141.9627602
APA,8/7/24,Broker A,9381971,1.05,0.943391263,5606,Buy,135500,135500,0.09323679,15.97,15.63,15.63,15.93,15.85449654
FOX,8/7/24,Broker B,1367305.625,0.52,0.653857589,20638,Sell,65100,65100,0.084849508,43.15,44.17,43.99,43.55,43.20796303
IVZ,8/7/24,Broker C,6818165,0.68,1.153514981,5575,Buy,217400,217400,0.184314024,12.68,12.58,12.43,12.79,12.6559947
BEN,8/7/24,Broker D,5018205,0.5,0.993404508,9116,Buy,68200,57800,0.166782777,17.68,17.41,17.5,17.75,17.62715618
CRL,8/7/24,Broker C,1923912.25,1.15,0.819497168,5043,Buy,70800,70800,0.199536482,107.2,103.9,103.98,108.87,107.1851594
CZR,8/7/24,Broker B,6304107,0.76,1.529064894,5300,Buy,71700,71700,0.070245371,25.68,25.16,25.29,25.85,25.61327192
MHK,8/7/24,Broker E,818728.5,0.53,1.147715569,6250,Buy,5000,5000,0.166355387,101.86,101.08,101.13,102.15,101.7000303
NWS,8/7/24,Broker A,946888.9375,0.42,0.94787389,15160,Buy,24100,23200,0.130928841,30.23,29.74,29.82,30.2,30.1556111
AAPL,8/8/24,Broker C,72106864,0.68,1.041596293,2901664,Buy,3640700,3640700,0.050178146,194.4,189.81,189.97,198.24,194.4053753
MSFT,8/8/24,Broker B,26193634,0.4,0.991805494,2669692,Sell,1795600,1795600,0.103924076,349.12,355.67,355.5,353.26,349.1609219
NVDA,8/8/24,Broker B,323825056,0.81,1.904370189,2364604,Buy,30601400,30601400,0.112445567,98.24,95.04,95.05,100.94,98.18442359
AMZN,8/8/24,Broker A,56974192,0.58,1.184175968,1775661,Sell,3565300,3565300,0.127322181,161.72,165.29,165.07,164.4,161.7961607
META,8/8/24,Broker C,20542520,0.67,1.181922793,1223500,Buy,1281200,1281200,0.155767382,491.81,479.8,479.89,502.1,491.7697305
GOOGL,8/8/24,Broker D,38393644,0.46,0.987897754,1813077,Sell,3461000,3461000,0.141164775,142.91,146.1,145.95,143.99,142.984874
AVGO,8/8/24,Broker E,37874508,0.79,1.959495664,781511,Buy,2972300,2972300,0.162510567,166.89,161.61,161.72,169.69,166.7975711
GOOG,8/8/24,Broker D,24951546,0.46,0.98287636,1813077,Buy,1543200,1543200,0.174505201,151.26,148.4,148.56,153.03,151.2027288
TSLA,8/8/24,Broker E,140806080,1.03,1.58415544,731758,Buy,9022200,9022200,0.138730832,230.96,222.79,222.91,236.85,230.8157922
LLY,8/8/24,Broker D,3938780.25,0.57,0.776895583,775474,Buy,238800,238800,0.122081496,824.33,807,807.15,833.62,824.3368085
JPM,8/8/24,Broker A,14446872,0.49,1.117400289,637278,Buy,1409100,1409100,0.168413507,231.02,226.34,226.27,234.35,230.9414129
V,8/8/24,Broker A,7732261.5,0.41,0.824475527,643335,Buy,460900,460900,0.1832448,321.28,316.65,316.55,321.68,321.1476348
XOM,8/8/24,Broker E,19817686,0.42,0.607271492,455670,Buy,1580700,1580700,0.11532135,106.37,104.12,104.23,108.15,106.274233
COST,8/8/24,Broker D,2917253,0.35,0.817268252,424947,Buy,225100,225100,0.144094995,958.16,942.97,943.12,969.77,958.0981432
MA,8/8/24,Broker D,3392971.25,0.4,0.856543481,463128,Buy,277100,247900,0.163272561,512.37,503.54,503.64,514.47,512.3502726
UNH,8/8/24,Broker D,6109557,0.85,0.466492683,387145,Buy,386100,386100,0.10181458,437.36,424.81,424.9,446.94,437.3301273
NFLX,8/8/24,Broker C,5633900.5,0.49,1.128229022,420426,Sell,369700,350000,0.115661322,953.93,973.05,973.02,971.27,953.9756746
WMT,8/8/24,Broker A,27689224,0.42,0.781679511,740837,Sell,1408900,1408900,0.087926884,90.04,91.34,91.35,90.42,90.16135333
PG,8/8/24,Broker E,9135826,0.29,0.483530194,388659,Buy,701900,674900,0.151476866,166.61,164.28,164.05,168.43,166.5133734
JNJ,8/8/24,Broker A,10849724,0.33,0.518104196,378153,Buy,657700,657700,0.076016491,157.47,155.49,155.53,158.18,157.3769876
HD,8/8/24,Broker C,4276120,0.36,0.904466271,344794,Buy,225400,214500,0.121232955,346.88,341.8,341.94,349.06,346.9042258
ABBV,8/8/24,Broker E,8754635,0.36,0.487410396,301009,Buy,722500,722500,0.126387551,171.78,168.54,168.63,173.16,171.6479653
KO,8/8/24,Broker A,20127234,0.24,0.439482689,313171,Buy,1640800,1640800,0.076997095,72.78,71.82,72.01,72.79,72.69926833
PM,8/8/24,Broker D,7038256,0.31,0.448695272,252431,Sell,539600,539600,0.085702963,156.88,159.17,159.19,158.4,156.9494183
BAC,8/8/24,Broker B,58030748,0.54,1.156621456,280695,Sell,3590200,3590200,0.083834652,35.66,36.5,36.45,35.98,35.70908409
CRM,8/8/24,Broker D,7202936.5,0.47,1.214108348,227046,Sell,643100,643100,0.149902546,227.7,232.77,232.61,232.19,227.7858955
CVX,8/8/24,Broker A,11178586,0.49,0.715148687,233589,Buy,729600,635900,0.193342332,134.77,132.33,132.51,135.99,134.6573883
ABT,8/8/24,Broker D,8016111.5,0.3,0.586934447,225271,Buy,577200,577200,0.151077452,130.16,128.51,128.39,130.82,130.1311876
MCD,8/8/24,Broker C,4345218,0.28,0.59120661,220757,Buy,350000,350000,0.142794653,309.55,305.12,305.24,311.12,309.5094092
CSCO,8/8/24,Broker C,26598580,0.43,0.881947041,216300,Buy,2372200,2372200,0.085367877,55.16,53.83,54.07,55.93,55.1813982
IBM,8/8/24,Broker C,5153453.5,0.39,0.758216262,219038,Sell,389000,389000,0.11512301,228.73,232.93,232.85,229.33,228.7295552
LIN,8/8/24,Broker C,2600478.25,0.37,0.727685034,209902,Buy,182300,182300,0.141995363,447.69,440.27,440.39,449.72,447.6898417
WFC,8/8/24,Broker B,20418954,0.5,0.994544625,209003,Buy,1406200,1406200,0.162274125,64.83,63.4,63.49,64.9,64.80612039
ORCL,8/8/24,Broker E,12495883,0.58,1.279027343,344416,Buy,741400,663000,0.153696386,124.08,121.24,121.34,125.1,123.9912854
MRK,8/8/24,Broker C,18299742,0.35,0.553353965,195901,Buy,1261400,1261400,0.091367336,78.22,76.99,77,79.14,78.24650595
PEP,8/8/24,Broker A,7963296,0.27,0.47175014,194356,Buy,771900,771900,0.164509856,142.47,140.57,140.69,142.44,142.362494
GE,8/8/24,Broker D,6722253,0.57,1.188797116,190224,Buy,484800,484800,0.083236115,180.01,176.02,176.02,181.77,179.9803862
T,8/8/24,Broker D,45441512,0.33,0.480280787,189002,Buy,3472700,3090300,0.187867886,26.67,26.16,26.29,26.88,26.62734361
PLTR,8/8/24,Broker B,110576536,0.91,2.046456575,212958,Sell,11449400,10483800,0.111725575,85.95,89.31,89.22,86.79,85.99377884
VZ,8/8/24,Broker C,29510090,0.34,0.553383589,184170,Buy,2592500,2592500,0.15408842,43.38,42.68,42.66,43.78,43.39408949
ACN,8/8/24,Broker D,4422696,0.44,0.80521059,175001,Sell,283200,239700,0.116587091,271.44,275.98,276.07,272.17,271.4899098
ISRG,8/8/24,Broker D,2817014.75,0.61,1.206331491,167787,Sell,157300,157300,0.120809283,452.97,463.05,463.05,459.79,453.0349394
RTX,8/8/24,Broker C,5422184.5,0.41,0.707878292,168382,Buy,300800,300800,0.180499861,127.03,124.73,124.97,128.47,127.0076426
INTU,8/8/24,Broker C,1932800.125,0.43,1.002376318,159026,Buy,102900,102900,0.088824805,568.51,559.1,559.09,572.52,568.5007153
TMO,8/8/24,Broker E,2260051.5,0.45,0.859779418,159245,Buy,119600,116500,0.105740331,424.44,416.62,416.63,427.18,424.3310184
NOW,8/8/24,Broker C,2160465,0.62,1.252818584,156492,Buy,119900,119900,0.14408071,759.14,742.41,742.44,764.97,759.0439538
GS,8/8/24,Broker D,3531042.75,0.6,1.261187077,161610,Buy,274100,274100,0.106598867,506.77,494.68,494.8,515.45,506.7199093
UBER,8/8/24,Broker D,19155544,0.55,1.195605874,152495,Buy,1221700,1221700,0.194978693,73.01,71.27,71.5,73.87,72.92589315
PGR,8/8/24,Broker D,3972077.25,0.43,0.573527932,150903,Buy,212900,212900,0.073434798,258.35,254.21,254.18,261.73,258.3491851
DIS,8/8/24,Broker D,11873562,0.58,0.890657663,151854,Buy,1052100,1052100,0.093275098,84.97,82.98,82.92,86.82,84.91362392
ADBE,8/8/24,Broker B,4928740.5,0.59,1.125434399,146280,Buy,350300,350300,0.071613922,347.08,338.64,338.9,350.07,347.0016096
BKNG,8/8/24,Broker A,318188.8125,0.47,1.077503562,145622,Buy,27300,27300,0.17910971,4455.43,4371.12,4371.09,4513.28,4455.298523
QCOM,8/8/24,Broker D,9248309,0.67,1.497467756,150571,Buy,723800,723800,0.170172552,137.08,133.36,133.55,138.05,137.0359357
AMGN,8/8/24,Broker D,3351891,0.33,0.565429389,147144,Buy,350000,321900,0.167794574,274.82,270.36,270.36,277.21,274.7483577
SPGI,8/8/24,Broker D,1517246.25,0.42,1.000825882,140911,Buy,128000,118800,0.155178661,452.32,444.06,444.12,453.36,452.2783899
TJX,8/8/24,Broker B,6671403,0.3,0.678406835,138498,Buy,439700,439700,0.186028273,124.08,122.25,122.32,124.67,123.979922
AMD,8/8/24,Broker E,41816476,0.95,1.692152262,139004,Sell,2593800,2593800,0.120444655,80.86,83.75,83.68,83.5,80.947174
CAT,8/8/24,Broker D,3281743.25,0.5,1.076455116,136086,Sell,173500,173500,0.081363163,277.25,282.46,282.42,278.79,277.2825747
BSX,8/8/24,Broker D,9649542,0.42,0.887817025,138411,Buy,710600,710600,0.08912562,94.34,92.7,92.67,95.09,94.2940813
AXP,8/8/24,Broker B,4197011.5,0.62,1.152603507,169900,Sell,235200,235200,0.108013705,233.58,239.27,239.1,233.72,233.6487686
NEE,8/8/24,Broker A,13180131,0.37,0.569819272,133149,Sell,1244600,1244600,0.145386541,62.55,63.64,63.59,63.45,62.58413829
TXN,8/8/24,Broker C,8989339,0.71,1.09406817,132493,Buy,842900,842900,0.127982555,146.95,142.64,142.68,148.27,146.9615716
MS,8/8/24,Broker B,9562043,0.6,1.288030863,170984,Sell,478900,478900,0.141301895,102.41,104.78,104.68,103.64,102.4666836
UNP,8/8/24,Broker C,3233668.5,0.38,0.845109522,129483,Buy,171400,171400,0.102985474,216.68,213.36,213.41,218.11,216.6789614
GILD,8/8/24,Broker A,10361147,0.28,0.585657597,129908,Buy,964000,964000,0.120884798,104.34,103.09,103.02,105.47,104.296014
SCHW,8/8/24,Broker E,12408055,0.45,1.128342867,139918,Sell,1092300,1018400,0.157012398,72.04,73.76,73.64,72.39,72.1759604
CMCSA,8/8/24,Broker C,28652040,0.38,0.723178506,127042,Buy,2571500,2360600,0.180989258,33.92,33.25,33.32,33.98,33.91552206
HON,8/8/24,Broker A,4912729.5,0.44,0.834966779,124940,Buy,280700,280700,0.095474131,195.12,192.12,192.13,195.04,195.0065145
BLK,8/8/24,Broker C,1083176.875,0.51,1.162742853,132389,Sell,71500,71500,0.065109844,828.33,845.82,845.79,845.62,828.3156242
TMUS,8/8/24,Broker E,4545863,0.35,0.688813746,288121,Sell,328500,328500,0.172938794,246.28,250.87,250.69,248.54,246.3830419
VRTX,8/8/24,Broker E,1611804.375,0.24,0.849466443,122761,Sell,93000,84800,0.063617994,467.15,472.9,472.99,467.7,467.2219768
PFE,8/8/24,Broker E,61340208,0.31,0.494620919,124999,Buy,4291500,4291500,0.166722413,22.44,21.87,22.09,22.44,22.34012364
LOW,8/8/24,Broker A,2954811.25,0.36,0.888534725,119089,Buy,188700,160700,0.091724631,213.11,210.41,210.4,215.12,213.0058164
BA,8/8/24,Broker C,10290827,0.72,1.262373209,119889,Buy,619900,619900,0.091089303,160.59,156.47,156.54,163.58,160.6084562
DHR,8/8/24,Broker B,4341055.5,0.51,0.908220112,132330,Buy,221800,221800,0.108636308,185.32,181.94,181.8,187.49,185.3403636
ADP,8/8/24,Broker B,2150195,0.35,0.787215412,115897,Buy,119200,119200,0.167978621,284.69,280.34,280.44,287.02,284.6042828
SYK,8/8/24,Broker A,1907405.125,0.37,0.750790775,129618,Buy,174200,174200,0.172296675,340.77,335.12,335.34,345.47,340.6946907
C,8/8/24,Broker C,20884940,0.6,1.245760441,117993,Sell,1905400,1905400,0.084022575,60.26,61.95,61.88,61.28,60.25141009
FI,8/8/24,Broker C,3409129.25,0.43,0.87523675,116342,Buy,199800,199800,0.113808489,208.05,204.34,204.49,209.34,208.0183792
DE,8/8/24,Broker D,1539067.125,0.43,0.961758375,119846,Buy,161600,142600,0.172430397,444.7,435.95,436,452.53,444.6431946
COP,8/8/24,Broker A,10939566,0.67,0.772891283,110678,Sell,1061800,1061800,0.197700763,84.01,86.33,86.34,85.73,84.09743899
AMAT,8/8/24,Broker B,8732342,0.7,1.516796589,110130,Sell,533800,533800,0.107356183,129.52,132.8,132.98,132.71,129.5335314
PANW,8/8/24,Broker C,5760672,0.58,1.216528773,105969,Sell,611400,572900,0.138155667,153.38,157.6,157.51,153.84,153.3691757
MMC,8/8/24,Broker D,2447921.75,0.33,0.590217888,104508,Buy,180800,179600,0.091602447,213.08,209.92,209.94,214.17,212.9890584
CB,8/8/24,Broker A,2063046.375,0.31,0.533117235,112104,Sell,117800,117800,0.081152261,274.16,277.32,277.35,275.18,274.2620516
ETN,8/8/24,Broker E,3941023.75,0.6,1.268835664,101652,Buy,387100,387100,0.147823324,262.37,255.1,255.15,268.57,262.2506271
MDT,8/8/24,Broker D,8498045,0.29,0.682784915,104912,Sell,796700,796700,0.196115379,79.81,81.16,81.01,80.71,79.90144047
AMT,8/8/24,Broker C,3553526.5,0.31,0.532872975,102045,Sell,271500,271500,0.112386897,211.85,215.13,215.07,212.67,211.8196272
SO,8/8/24,Broker A,5008373,0.23,0.426127642,99270,Sell,362900,353300,0.123710851,88.7,89.58,89.56,89.49,88.80997047
BMY,8/8/24,Broker B,13893362,0.33,0.433606565,99581,Buy,1152500,1152500,0.130461227,49.09,48.16,48.29,49.16,49.04164835
MO,8/8/24,Broker B,12420729,0.23,0.458243698,97184,Sell,900600,823900,0.126208331,56.26,57.02,56.94,56.79,56.33045582
ELV,8/8/24,Broker E,1897402.5,0.34,0.451055408,92069,Sell,159900,159900,0.079352185,394.72,402.21,401.99,397.51,394.8652636
LMT,8/8/24,Broker A,1811621.75,0.34,0.528686762,107512,Sell,166900,166900,0.187253929,445.94,452.79,452.79,450.41,446.057001
BX,8/8/24,Broker E,6410232,0.74,1.327261329,147576,Buy,530400,518100,0.117702587,122.31,118.65,118.66,123.99,122.183061
PLD,8/8/24,Broker B,6284098,0.54,1.035050511,93652,Buy,426600,360700,0.182380144,99.1,97.1,97.06,100.71,99.0518642
CME,8/8/24,Broker C,3201366.75,0.23,0.449448019,93818,Buy,227100,205700,0.193841565,260.92,257.89,258.01,263.5,260.9011791
DUK,8/8/24,Broker B,4900300,0.24,0.36730212,93375,Buy,471400,455800,0.135343489,120.69,118.99,119.05,121.47,120.6303331
SBUX,8/8/24,Broker D,11626514,0.59,1.146592379,91644,Sell,1037900,1037900,0.182445119,76.05,78.13,78.01,77.88,76.06251007
CRWD,8/8/24,Broker A,4596504.5,0.73,1.664388299,89901,Sell,332800,332800,0.068332363,346.39,355.66,355.6,348.75,346.4768843
ICE,8/8/24,Broker D,4024815.75,0.28,0.815884113,89064,Buy,360900,360900,0.159035113,155.21,153.13,153.04,156.69,155.1103639
CI,8/8/24,Broker E,1856092.125,0.26,0.510866761,88048,Buy,165500,165500,0.180322429,327.13,322.11,322.18,328.79,327.0244986
WELL,8/8/24,Broker E,3609059,0.31,0.67238766,93593,Buy,189600,189600,0.19010095,143.77,141.55,141.7,145.17,143.64402
GEV,8/8/24,Broker A,4296794.5,0.8,1.5,85579,Sell,335100,335100,0.151516562,297.4,306.21,306.18,300.74,297.443368
ADI,8/8/24,Broker C,4588623,0.77,1.321415544,86791,Buy,418200,418200,0.185297032,176.27,171,170.89,178.02,176.2935578
MCK,8/8/24,Broker D,1129723.5,0.27,0.501902699,85534,Buy,71400,71400,0.130550889,683.64,675.38,675.45,687.14,683.5970057
MDLZ,8/8/24,Broker A,10405951,0.27,0.409132928,87785,Sell,580700,580700,0.14090493,66.19,66.91,66.87,66.63,66.31750781
CVS,8/8/24,Broker B,10635882,0.33,0.764965117,82270,Buy,631800,631800,0.082575173,65.39,64.45,64.43,65.94,65.33715412
WM,8/8/24,Broker B,1838091.625,0.25,0.538219333,91559,Buy,130000,130000,0.160391501,227.31,224.29,224.41,229.26,227.2634915
KLAC,8/8/24,Broker C,1346563.125,0.74,1.578629613,82496,Buy,114200,114200,0.191915388,625.85,607.7,607.74,633.35,625.8194339
AJG,8/8/24,Broker B,1667881.125,0.34,0.612837076,81682,Buy,113100,105800,0.144748912,320.72,315.71,315.81,322.27,320.6476516
INTC,8/8/24,Broker C,111931832,0.93,1.574641943,82154,Sell,8409400,8185900,0.071700062,17.7,18.25,18.31,17.78,17.71215527
LRCX,8/8/24,Broker D,13776550,0.81,1.61843729,80088,Sell,1053500,1053500,0.094459456,59.26,61.14,61.11,59.55,59.3131898
ORLY,8/8/24,Broker A,458705.9688,0.3,0.512424648,78334,Buy,36100,36100,0.140557025,1364.99,1347.52,1347.79,1370.18,1364.903629
AON,8/8/24,Broker B,1403522.25,0.28,0.581544459,76886,Buy,78300,78300,0.153540178,355.86,351.18,351.32,358.53,355.7922575
APH,8/8/24,Broker B,9046439,0.54,1.336825252,77057,Buy,638100,638100,0.158759619,64.04,62.55,62.63,64.93,64.00380424
CL,8/8/24,Broker C,5917938,0.3,0.457846314,76810,Buy,443900,443900,0.152769338,95.82,94.16,94.45,96.04,95.82070565
SHW,8/8/24,Broker D,2088853.375,0.36,0.941084564,81062,Buy,165700,165700,0.161572766,324.91,319.41,319.65,326.51,324.866393
EQIX,8/8/24,Broker A,787754.5625,0.39,0.928478122,75633,Sell,77300,77300,0.171890526,745.64,759.04,758.85,749.95,745.7312996
MU,8/8/24,Broker A,28983996,1.04,1.875524879,74587,Buy,2594900,2594900,0.096771138,68.07,65.65,65.63,69.13,67.93785315
TDG,8/8/24,Broker E,314887.9063,0.42,0.995311379,73277,Sell,20600,20100,0.194886169,1265.84,1290.54,1290.56,1275.36,1265.9374
TT,8/8/24,Broker A,1656028.125,0.45,1.197039723,72305,Buy,125900,125900,0.079980065,323.66,318.08,318.02,325.04,323.5669287
ANET,8/8/24,Broker B,11877461,0.7,1.682001829,84968,Sell,923000,923000,0.126695189,64.61,66.59,66.49,66.22,64.64329374
NOC,8/8/24,Broker E,1115825.375,0.32,0.599564493,76585,Buy,109300,109300,0.141271147,536.16,526.45,526.57,537.39,536.0212936
PH,8/8/24,Broker C,1032480.313,0.68,1.207091451,70472,Buy,85100,85100,0.135596442,553.12,538.08,538.22,567.46,553.1281243
WMB,8/8/24,Broker E,8275608.5,0.39,0.808866858,68896,Sell,823600,823600,0.186454255,54.28,55.56,55.44,54.79,54.36753718
CDNS,8/8/24,Broker E,2427913.5,0.57,1.3736552,69006,Sell,143200,143200,0.169083061,241.94,247.7,247.66,244.11,242.0522413
MMM,8/8/24,Broker A,4530638,0.51,1.006646872,68003,Buy,441100,441100,0.186373739,127.36,124.65,124.66,127.53,127.2440773
CTAS,8/8/24,Broker B,2318209.75,0.41,0.948155165,80923,Buy,228200,228200,0.121529397,201.41,197.31,197.33,203.52,201.371511
UPS,8/8/24,Broker D,6512738.5,0.48,0.871397614,81575,Sell,355300,355300,0.184671672,92.84,94.62,94.54,94.23,92.90207321
MSI,8/8/24,Broker B,948396.125,0.34,0.9049986,68847,Buy,67500,67500,0.188768661,414.96,408.27,408.36,419.46,414.9017608
GD,8/8/24,Broker C,1655810.125,0.36,0.714203775,73317,Buy,162000,162000,0.092778033,275.63,270.6,270.69,279.32,275.6083886
KKR,8/8/24,Broker C,7550706.5,0.9,1.628254652,87004,Buy,405600,405600,0.085401372,99.62,96.68,96.77,102.31,99.59728038
ZTS,8/8/24,Broker B,2779203.75,0.37,0.767200053,65522,Buy,170100,170100,0.184305018,147.85,145.3,145.48,147.9,147.8149152
NKE,8/8/24,Broker E,25678442,0.71,0.788271487,82833,Buy,1462100,1462100,0.189885252,55.01,53.5,53.58,55.97,54.94444383
MCO,8/8/24,Broker B,1041817.375,0.52,1.158737779,74348,Buy,102200,102200,0.179511693,416.98,406.75,406.98,422.38,416.9314393
CMG,8/8/24,Broker A,14388523,0.46,0.869820356,63064,Sell,1285600,1285600,0.181352525,44.32,45.21,45.19,44.61,44.38640184
CEG,8/8/24,Broker A,4398039.5,0.83,1.476271391,60695,Sell,331400,331400,0.081441299,182.41,188.01,187.89,186.38,182.4679848
SNPS,8/8/24,Broker E,1463162.375,0.54,1.399227858,62213,Buy,129200,129200,0.134734134,406.07,396.03,396.03,408.17,405.952155
NEM,8/8/24,Broker C,13934138,0.49,1.032853365,62236,Buy,883900,883900,0.195890507,55.7,54.42,54.62,56.29,55.69376
EOG,8/8/24,Broker C,4546741,0.56,0.80652982,60179,Buy,328600,328600,0.199836921,109.6,107.41,107.15,110.08,109.6036143
COF,8/8/24,Broker A,5593778,0.71,1.180324078,63005,Buy,490100,428400,0.071434543,165.7,161.51,161.52,166.15,165.6248433
ITW,8/8/24,Broker B,1335379.125,0.41,0.863521516,66773,Sell,92600,92600,0.153827126,220.81,224.9,224.94,224.43,220.8667385
DASH,8/8/24,Broker C,8294022.5,0.68,1.455383658,72765,Sell,929700,792700,0.135737843,163.97,168.95,168.9,167.47,163.956184
FTNT,8/8/24,Broker E,5420590,0.6,1.176363707,71299,Sell,448600,448600,0.090443303,88.91,91.33,91.35,89.67,89.0433465
AZO,8/8/24,Broker A,164381.0938,0.3,0.586766005,59709,Buy,11200,11200,0.184202284,3548.95,3506.62,3506.73,3559.21,3548.830748
PYPL,8/8/24,Broker D,11983751,0.56,1.264015198,59636,Buy,843400,843400,0.197040559,60.78,59.46,59.46,61.51,60.73481181
PNC,8/8/24,Broker C,3215447.75,0.46,1.039765954,59414,Sell,229100,229100,0.130203807,145.35,148.28,148.26,147.96,145.3779017
ECL,8/8/24,Broker D,1645770.375,0.3,0.852666318,65664,Buy,153800,153800,0.161769372,232.95,229.39,229.47,234.45,232.9311509
HCA,8/8/24,Broker A,1648882.375,0.33,0.669401526,78197,Sell,94100,94100,0.082912327,310.41,314.43,314.23,312.78,310.5472121
ROP,8/8/24,Broker D,670314.9375,0.35,0.779269636,57910,Buy,55900,55900,0.118145274,543.72,534.91,534.95,549.75,543.6682999
USB,8/8/24,Broker A,15376011,0.5,1.192224503,58908,Buy,1209100,1209100,0.104360826,37.97,37.25,37.24,38.31,37.88664297
REGN,8/8/24,Broker D,1086888.625,0.39,0.743007243,61073,Buy,76800,76800,0.128808636,562.6,552.97,553.31,565.67,562.5560545
APD,8/8/24,Broker C,1285565.375,0.42,0.879582047,57305,Buy,103800,103800,0.11357783,259.15,254.04,254.28,262.16,259.2007102
TRV,8/8/24,Broker D,1616036.75,0.36,0.650661469,56549,Sell,145200,145200,0.197491971,243.5,247.81,247.77,244.09,243.5396563
AEP,8/8/24,Broker B,5192580,0.26,0.428053766,56352,Buy,502800,502800,0.128651071,106.33,104.72,104.78,107.35,106.3073497
BDX,8/8/24,Broker E,2398220.25,0.32,0.611429393,56454,Sell,224200,224200,0.137923369,190.29,193.82,193.77,190.55,190.3670223
APO,8/8/24,Broker B,5210564.5,0.84,1.517835021,68247,Buy,484300,432300,0.192105946,122.2,118.28,118.29,125.71,122.1880501
EMR,8/8/24,Broker D,3611822,0.55,1.123367548,54371,Buy,327100,326000,0.180696544,97.78,95.31,95.5,98.74,97.72454222
ADSK,8/8/24,Broker C,1828719.625,0.43,1.176352382,54160,Sell,201000,173300,0.172655635,245.24,250.46,250.4,249.05,245.2236914
BK,8/8/24,Broker C,4807429.5,0.46,1.002221107,53159,Sell,447200,447200,0.176645778,71.95,73.55,73.53,72.93,71.97238468
OKE,8/8/24,Broker D,4399638.5,0.61,0.982543945,51107,Buy,371300,371300,0.195173562,83.01,80.94,80.97,84.67,82.96656706
CSX,8/8/24,Broker E,17247650,0.38,0.81662339,51585,Buy,1170200,1170200,0.162239988,27.5,27,27.01,27.59,27.38427744
AFL,8/8/24,Broker D,2209897.75,0.37,0.651851058,57294,Buy,177500,177500,0.11112731,105.25,103.48,103.5,105.99,105.2136854
KMI,8/8/24,Broker C,14069475,0.41,0.77816236,57307,Sell,721300,721300,0.148370937,24.87,25.43,25.28,25.04,24.90153763
CPRT,8/8/24,Broker A,5663842.5,0.31,1.003289819,56739,Sell,353100,353100,0.092927261,57.37,58.06,58.06,57.96,57.48552665
ALL,8/8/24,Broker E,2196536,0.42,0.638867438,49568,Buy,180200,180200,0.103206356,188.62,184.62,184.78,189.02,188.5101041
O,8/8/24,Broker B,6787345.5,0.28,0.546792388,51687,Buy,428300,428300,0.109736243,58.04,57.16,57.27,58.48,58.00044492
JCI,8/8/24,Broker D,4893669.5,0.52,1.112372398,49147,Buy,427100,427100,0.117706392,75.16,73.55,73.5,76.48,75.14547089
HLT,8/8/24,Broker C,3031887.5,0.45,0.915118396,49023,Sell,197900,165400,0.068875702,197.44,201.15,200.97,200.58,197.4610023
MAR,8/8/24,Broker D,2279838,0.52,1.014037013,59395,Buy,152700,152700,0.145801196,216.99,212.53,212.62,219.31,216.8865425
HWM,8/8/24,Broker C,3149206.5,0.62,1.214276791,48321,Buy,284700,284700,0.105277148,121.39,118.09,118.24,123.45,121.3736855
NSC,8/8/24,Broker E,1405256,0.42,0.922046959,49532,Buy,99100,99100,0.071275167,219.13,214.78,214.88,221.98,219.001361
COR,8/8/24,Broker A,2001972.375,0.23,0.437819302,54464,Buy,138900,118800,0.112834842,280.55,277.94,278.06,280.62,280.4452063
RSG,8/8/24,Broker C,1455583.875,0.28,0.62843889,74483,Buy,80600,80600,0.114078952,238.68,235.77,235.76,240.48,238.6420107
SLB,8/8/24,Broker E,21908206,0.69,0.939860463,47078,Buy,2006200,1907600,0.168115398,35.2,34,34.17,36.08,35.14890147
ABNB,8/8/24,Broker A,6031917,0.64,1.223857641,71612,Sell,414300,414300,0.182439227,107.28,109.79,109.79,108.09,107.3626408
CARR,8/8/24,Broker E,5284097.5,0.48,1.201488495,50267,Buy,456000,456000,0.126517009,58.9,57.42,57.57,58.8,58.80326931
AIG,8/8/24,Broker C,6132646.5,0.39,0.718751848,46340,Buy,340500,340500,0.111966176,79.97,78.61,78.72,80.91,79.93716503
DLR,8/8/24,Broker E,2638210.25,0.42,0.910633385,50244,Buy,161100,161100,0.162763315,146.62,143.83,143.9,148.13,146.590622
RCL,8/8/24,Broker B,3211878.75,0.77,1.301109672,51454,Sell,183600,183600,0.194724384,180.26,185.5,185.31,183.61,180.2687114
EXC,8/8/24,Broker D,9899152,0.27,0.404019773,46671,Buy,717100,717100,0.170128307,46.24,45.71,45.66,46.42,46.20128851
KR,8/8/24,Broker B,8351748.5,0.33,0.378295392,47789,Sell,642500,642500,0.13477043,70.29,71.26,71.45,71.16,70.31606452
KMB,8/8/24,Broker B,2202193.5,0.27,0.478593826,46454,Buy,184700,184700,0.188885357,140.71,138.68,138.71,141.27,140.6498833
WDAY,8/8/24,Broker C,2488970.25,0.44,1.046601534,56951,Buy,236500,220600,0.18655613,215.04,210.75,210.72,218.18,214.990127
FCX,8/8/24,Broker A,21833502,0.87,1.440998435,47352,Buy,1697200,1697200,0.08442156,33.16,32.12,32.17,33.12,33.09191693
TFC,8/8/24,Broker C,12838491,0.54,1.143862844,46093,Buy,671100,671100,0.077498342,35.77,35,35.07,35.98,35.74807834
FAST,8/8/24,Broker C,4317566.5,0.41,0.823430419,46056,Buy,270000,270000,0.06219932,81.18,79.67,79.81,81.49,81.1878527
PSA,8/8/24,Broker C,899280.375,0.35,0.74413836,50443,Buy,85500,85500,0.154342557,289.17,284.09,284.14,289.59,289.1112098
FICO,8/8/24,Broker B,192598.1719,0.51,1.182162404,44345,Sell,13000,13000,0.171511911,1753.01,1791.23,1791.19,1763.59,1753.077149
PAYX,8/8/24,Broker B,2656627.25,0.41,0.755127072,50567,Buy,237900,237900,0.089707752,141.07,138.17,138.3,143.3,141.0631419
PCAR,8/8/24,Broker B,3600774.75,0.46,0.874807894,45822,Buy,213200,183500,0.096315841,86.56,85.05,85.03,87.68,86.52620262
SPG,8/8/24,Broker B,2080938.375,0.52,1.014560699,48024,Sell,172200,172200,0.097602746,142.17,145.84,145.54,144.49,142.2452193
ROST,8/8/24,Broker D,3821738.5,0.38,0.791156411,44554,Buy,246900,209200,0.16348741,135.78,133.7,133.77,136.92,135.778679
FDX,8/8/24,Broker E,2370554,0.6,0.871101379,49147,Buy,133100,130100,0.05662112,205.86,201.1,201.16,209.88,205.7779633
SRE,8/8/24,Broker D,5377201,0.39,0.737867653,45934,Buy,478200,478200,0.174584858,70.28,69.08,69.02,70.45,70.23657563
CCI,8/8/24,Broker D,4355920.5,0.42,0.537642241,44471,Buy,244100,244100,0.09517572,102.49,100.79,100.84,102.56,102.4503471
KVUE,8/8/24,Broker D,17303216,0.31,0.598850489,42729,Sell,869200,869200,0.105894171,21.76,22.02,22.03,21.91,21.82427464
AMP,8/8/24,Broker A,587742.8125,0.54,1.200113416,43226,Sell,43600,43600,0.144939923,436.71,445.95,445.83,442.83,436.8661411
D,8/8/24,Broker A,5696607,0.35,0.531895697,44366,Buy,589000,494400,0.166047335,52.36,51.42,51.58,52.44,52.25158184
GWW,8/8/24,Broker D,300362.875,0.31,0.898724616,47149,Buy,15500,15500,0.085586448,980.39,968.11,968.24,981.35,980.3719584
GM,8/8/24,Broker B,17818398,0.47,1.023413062,42893,Sell,977400,977400,0.052530672,42.95,43.77,43.77,43.53,42.97175854
NXPI,8/8/24,Broker E,3608436.75,0.87,1.313321352,43496,Buy,311000,311000,0.137716215,172.65,166.6,166.76,172.78,172.6088115
TGT,8/8/24,Broker D,9577029,0.59,0.745406866,42724,Sell,834700,834700,0.115494176,88.51,90.85,90.77,88.58,88.54703958
MSCI,8/8/24,Broker A,605950.1875,0.44,0.953426242,41399,Buy,62300,55800,0.179775212,535.65,525.77,525.78,537.68,535.5662816
KDP,8/8/24,Broker E,14291824,0.25,0.479637235,47907,Buy,1351800,1351800,0.157766727,35.41,34.98,34.88,35.54,35.31830339
EW,8/8/24,Broker B,4871998.5,0.29,0.932674706,40680,Buy,441000,436600,0.168707808,69.78,68.63,68.71,70.49,69.77545382
MET,8/8/24,Broker A,4264862,0.57,0.970704496,47958,Buy,320000,320000,0.110705335,71.36,69.62,69.86,71.74,71.26123241
PEG,8/8/24,Broker B,3184916.75,0.3,0.649215996,40010,Sell,227600,227600,0.122346909,78.11,79.27,79.28,79.04,78.13731071
VRSK,8/8/24,Broker D,1055410.375,0.32,0.653001904,39793,Buy,94400,94400,0.120647817,286.36,281.87,281.93,289.78,286.3002692
LHX,8/8/24,Broker B,1484300.75,0.31,0.786988199,40194,Sell,144000,144000,0.115852757,207.66,211.38,211.2,208.4,207.7372517
CTVA,8/8/24,Broker D,3840735.75,0.42,0.811250389,40380,Buy,364900,364900,0.194192419,59.86,58.58,58.7,60.02,59.79730727
PSX,8/8/24,Broker B,3662350.5,0.67,0.967380404,39525,Sell,273900,273900,0.179048402,92.88,95.7,95.45,94.75,92.94078665
MNST,8/8/24,Broker D,6403771.5,0.29,0.588039458,56453,Sell,451000,451000,0.180011738,56.21,57.01,56.97,56.81,56.27583008
AXON,8/8/24,Broker B,729520.5,0.59,1.405653238,42188,Sell,64400,64400,0.097256242,517.37,531.22,531.18,525.53,517.4006793
MPC,8/8/24,Broker C,3156129.25,0.66,0.903885305,39477,Sell,227700,227700,0.113937532,120.73,124,123.93,121.75,120.7277654
XEL,8/8/24,Broker A,3795987.5,0.26,0.411776662,39727,Buy,370100,370100,0.167492908,69.07,68.19,68.23,69.37,68.94960422
DFS,8/8/24,Broker C,2594477.75,0.77,1.18055141,41593,Sell,230400,230400,0.127501535,156.37,161.63,161.4,158.71,156.3739669
YUM,8/8/24,Broker C,2512590.25,0.33,0.630044401,39132,Buy,197200,197200,0.130340569,141.54,139.03,139.33,142.49,141.5232502
FIS,8/8/24,Broker E,4254328,0.48,0.729293287,40453,Buy,287000,287000,0.11014453,77.23,75.56,75.61,78.25,77.2100027
PWR,8/8/24,Broker B,1551233.25,0.53,1.243507385,37625,Sell,127400,127400,0.098529221,245.03,251.04,250.91,250.31,245.0881474
VST,8/8/24,Broker A,8435292,0.94,1.630477905,36234,Buy,692000,692000,0.083961085,106.77,103.34,103.34,108.21,106.6568514
OTIS,8/8/24,Broker E,2712143.75,0.37,0.794259965,38396,Buy,161700,161700,0.171984797,97.81,96.12,96.16,98.55,97.71454742
ED,8/8/24,Broker A,3002038.25,0.26,0.309197754,39968,Buy,227700,227700,0.177664357,111.29,109.98,110.07,111.58,111.1856363
CMI,8/8/24,Broker E,1025966.188,0.55,1.032185197,37770,Buy,66700,66700,0.193195455,275.7,269.24,269.44,276.55,275.5723197
URI,8/8/24,Broker D,761241.625,0.55,1.479452729,37278,Buy,70600,70600,0.167753904,575.49,562,561.94,581.24,575.4645455
TEL,8/8/24,Broker C,2187387,0.51,1.162813902,38413,Buy,150700,139200,0.173127107,129.12,126.53,126.54,129.94,129.1083999
BKR,8/8/24,Broker B,8978361,0.68,0.912857592,37435,Buy,676800,676800,0.145689379,38.33,37.39,37.31,38.81,38.30346033
TRGP,8/8/24,Broker E,2373329,0.71,1.006133914,35801,Buy,226900,226900,0.170575924,167.37,162.14,162.24,171.7,167.3042368
PCG,8/8/24,Broker E,18206530,0.3,0.577123642,37009,Sell,1704700,1627300,0.133118662,16.49,16.7,16.77,16.62,16.62118817
F,8/8/24,Broker C,154269360,0.51,0.947989166,37658,Sell,7952400,7952400,0.110952382,9.09,9.35,9.27,9.14,9.12658647
AME,8/8/24,Broker D,1552392.625,0.38,0.908328295,35823,Buy,152100,152100,0.106751683,156.75,153.73,153.9,159.44,156.7349595
HES,8/8/24,Broker B,2205686.5,0.57,0.845936716,39072,Sell,168100,168100,0.106158936,121.81,124.92,124.82,123.3,121.8245748
ETR,8/8/24,Broker B,5055218.5,0.32,0.588191152,35935,Sell,427800,427800,0.119965182,78.14,79.48,79.44,78.67,78.17281104
PRU,8/8/24,Broker B,2169791,0.52,0.964037359,34333,Sell,217400,196500,0.174650139,93.32,95.76,95.61,94.57,93.36670244
SYY,8/8/24,Broker A,3494709.5,0.33,0.499918789,34951,Buy,283800,283800,0.145702611,71.86,70.79,70.87,71.93,71.73758156
TTWO,8/8/24,Broker C,1877009.375,0.37,0.942398071,36210,Buy,109700,96000,0.089425701,205.6,202.41,202.59,208.22,205.6044299
VLO,8/8/24,Broker D,4028594.5,0.69,1.000251889,34226,Buy,227300,218400,0.168715342,109.39,106.83,106.86,109.86,109.3689522
CBRE,8/8/24,Broker C,2165243.75,0.44,1.102758408,34651,Sell,182200,182200,0.134998317,111.34,113.74,113.63,113.32,111.340993
ACGL,8/8/24,Broker B,1782318.875,0.41,0.650769889,33736,Buy,125800,122300,0.185084031,90.56,88.95,88.93,91.2,90.52999461
EA,8/8/24,Broker B,3472875.25,0.31,0.707976997,36989,Buy,329800,320800,0.149396882,143.31,141.04,140.98,144.1,143.2819955
WEC,8/8/24,Broker E,2579657.75,0.21,0.450434834,34130,Buy,186000,186000,0.109899859,107.24,106,105.92,108.02,107.1923998
DHI,8/8/24,Broker A,3912135,0.41,0.862580538,38054,Buy,264600,253700,0.105874087,119.73,117.75,117.91,119.79,119.6137374
CTSH,8/8/24,Broker B,4620921.5,0.45,0.897250831,33549,Sell,267400,267400,0.18103987,66.01,67.18,67.25,67.07,66.08567779
VICI,8/8/24,Broker D,8872924,0.29,0.661714256,33973,Buy,739300,739300,0.178960707,32.36,31.77,31.91,32.53,32.30773539
HIG,8/8/24,Broker E,1744182.625,0.36,0.681961477,32598,Buy,151500,129100,0.129615457,115.39,113.27,113.34,116.82,115.2980843
IDXX,8/8/24,Broker D,920356.4375,0.47,1.024811983,32955,Buy,57500,57500,0.100921858,410.22,402.85,402.75,414.36,410.131749
CSGP,8/8/24,Broker C,3336447.5,0.46,1.052419782,32817,Sell,213000,213000,0.066181504,75.47,76.92,76.92,76.55,75.48996876
CHTR,8/8/24,Broker B,1460611,0.5,0.81772697,51101,Buy,114500,114500,0.134186947,326.86,319.65,319.79,330.09,326.7233607
CAH,8/8/24,Broker A,2750151.25,0.3,0.615272462,31686,Buy,261600,261600,0.177812673,131.43,129.52,129.64,132.42,131.3524563
WTW,8/8/24,Broker C,719839.0625,0.32,0.564704597,31380,Buy,41300,41300,0.090666097,316.12,311.86,311.8,320.42,316.112037
GLW,8/8/24,Broker D,7247951.5,0.55,1.127289295,34871,Buy,558000,558000,0.121010254,40.94,40.16,40.04,40.98,40.85292649
VMC,8/8/24,Broker E,1552427.25,0.32,0.91711092,30934,Buy,120700,108100,0.093046982,235.48,231.76,231.7,237.48,235.3616255
HUM,8/8/24,Broker C,1663929.125,0.52,0.504744947,29680,Buy,145000,145000,0.179436727,249.34,243.65,243.71,251.33,249.3681922
EBAY,8/8/24,Broker C,5998861,0.38,0.746352613,30584,Sell,332400,332400,0.076458978,63.68,64.68,64.69,64.16,63.65427359
GIS,8/8/24,Broker A,7428856.5,0.32,0.222607225,31580,Buy,650700,650700,0.153858532,57.98,57.17,57.17,58.25,57.87239325
RMD,8/8/24,Broker C,1162067.625,0.38,1.053770781,30970,Buy,69000,69000,0.161839475,212.69,209.31,209.35,214.9,212.6658944
IT,8/8/24,Broker D,862088.0625,0.45,1.129665256,30243,Buy,55100,55100,0.089481409,393.66,386.66,386.67,399.68,393.617369
EQT,8/8/24,Broker A,8427179,0.55,1.113951445,28486,Sell,501500,501500,0.095835378,46.12,47.29,47.02,46.63,46.21710918
MLM,8/8/24,Broker D,607821.625,0.33,0.953669608,29395,Buy,56300,49600,0.18173119,486.29,478.86,478.84,490.52,486.2232472
CNC,8/8/24,Broker B,4603081,0.31,0.406555951,28776,Sell,369000,369000,0.099111191,56.9,57.85,57.81,57.78,57.02650437
EXR,8/8/24,Broker B,1285439.375,0.39,0.8493523,29330,Buy,83900,83900,0.192193266,138.69,136.34,136.33,140.94,138.6779785
NDAQ,8/8/24,Broker B,3591433.75,0.46,0.828990459,40567,Sell,396900,331700,0.187676009,68.38,69.88,69.92,69.09,68.45015913
VTR,8/8/24,Broker A,3759618.25,0.28,0.697105527,29243,Buy,363200,363200,0.167173539,66.69,65.86,65.83,66.71,66.55644054
GRMN,8/8/24,Broker B,1260726.25,0.65,0.991939723,35947,Buy,83000,79700,0.175281148,188.29,183.75,183.72,189.44,188.2222836
A,8/8/24,Broker C,2477031.75,0.47,0.998218417,28584,Buy,193400,193400,0.126007713,101.24,99.12,99.2,101.58,101.2371147
WAB,8/8/24,Broker D,1099454.375,0.48,1.110182405,28560,Sell,79800,79800,0.127401598,161.96,165.17,165.25,162.33,162.0082841
IR,8/8/24,Broker E,3131694,0.52,1.183133483,28103,Buy,275600,275600,0.192963161,70.74,68.97,69.04,71.66,70.57272801
STZ,8/8/24,Broker C,2573782.25,0.32,0.651316345,33844,Sell,156100,156100,0.195646621,180.54,183.1,183.13,181.89,180.6039147
AWK,8/8/24,Broker E,1828562.625,0.3,0.470711619,28692,Sell,136200,136200,0.1245992,143.54,145.83,145.87,143.75,143.648932
AVB,8/8/24,Broker C,957343.8125,0.39,0.853089452,28729,Buy,53200,53200,0.148658787,202.11,198.94,198.95,204.53,202.0999155
ODFL,8/8/24,Broker E,1910647.125,0.58,1.112155557,31794,Buy,174900,174900,0.130805742,150.95,147.05,146.98,151.81,150.8640635
GEHC,8/8/24,Broker B,5121890.5,0.71,1.147836328,27690,Buy,292100,292100,0.144780424,61.55,59.95,60.01,62.97,61.49522897
LULU,8/8/24,Broker D,3117086,0.75,0.817370057,30631,Sell,264600,263100,0.151345799,238.21,245.6,245.46,238.69,238.2774514
BRO,8/8/24,Broker A,1961675.125,0.32,0.701902211,32509,Buy,130300,130300,0.131489869,113.62,111.95,112.21,114.3,113.5045583
DTE,8/8/24,Broker B,1640223.5,0.26,0.47982955,27347,Sell,95000,95000,0.198059566,128.46,130.19,130.08,129.05,128.4874719
BR,8/8/24,Broker E,621545.6875,0.36,0.782384157,26690,Buy,44400,44400,0.068196069,229.04,225.12,225.02,230.11,228.974243
EFX,8/8/24,Broker C,1234932.125,0.52,1.309583545,26868,Buy,129000,121800,0.126004644,218.64,213.55,213.49,222.22,218.6535782
OXY,8/8/24,Broker A,15108736,0.7,0.679570973,36670,Sell,1177800,1177800,0.185665081,37.22,38.36,38.2,38.07,37.29249059
XYL,8/8/24,Broker B,1987830.125,0.41,1.123633265,26408,Sell,209200,198300,0.159387837,104.56,107.04,106.78,105.18,104.594033
TSCO,8/8/24,Broker E,5318770.5,0.45,0.765961647,26363,Buy,503500,503500,0.167891512,50.05,48.9,48.93,50.32,49.94723391
DXCM,8/8/24,Broker B,4825727,0.55,1.070894837,25922,Sell,421000,421000,0.082057315,63.33,65.11,64.93,64.68,63.38532627
AEE,8/8/24,Broker B,2107070.25,0.25,0.507441759,26065,Sell,105700,105700,0.185171542,94.07,95.27,95.17,94.37,94.15823295
MTB,8/8/24,Broker C,1625571.25,0.47,0.980700493,25756,Buy,99200,99100,0.133375179,158.13,154.98,155.2,159.85,158.0972591
ANSS,8/8/24,Broker B,632879.5625,0.41,1.127478838,26115,Sell,52900,52900,0.123247226,287.6,293.46,293.33,292.53,287.6127794
DELL,8/8/24,Broker A,8990889,0.93,1.688794136,57495,Buy,542500,542500,0.197196104,83.28,80.74,80.9,85.09,83.14966742
PPL,8/8/24,Broker C,5713525,0.25,0.522806942,26096,Buy,356900,356900,0.064161384,35.26,34.78,34.85,35.42,35.18743728
ROK,8/8/24,Broker E,1085357.25,0.53,1.038438201,25660,Sell,106700,106700,0.183334191,216.31,222.06,222.07,220.05,216.3902551
DAL,8/8/24,Broker E,15970300,0.95,1.207352281,25772,Buy,1001300,1001300,0.076747017,40.02,38.8,38.71,41.12,39.98367636
NUE,8/8/24,Broker E,2965347.25,0.63,1.079811215,24614,Buy,266300,231900,0.114405004,108.88,105.92,106,109.23,108.7992411
CHD,8/8/24,Broker A,1830031.375,0.27,0.411989838,25384,Buy,108900,108900,0.144566718,103.55,102.38,102.49,103.48,103.4509265
FANG,8/8/24,Broker C,3052251.25,0.82,0.885042548,38922,Sell,259900,259900,0.106676275,126.02,130.33,130.22,129.74,126.0458524
KHC,8/8/24,Broker D,12042805,0.33,0.360269487,35730,Buy,906200,906200,0.152189646,29.93,29.39,29.48,29.97,29.91892285
DD,8/8/24,Broker C,3624361,0.71,0.984351695,25156,Buy,233400,233400,0.126301921,60.2,58.5,58.66,60.94,60.1853177
MPWR,8/8/24,Broker B,1145968.625,1.11,1.914679885,24331,Sell,70000,70000,0.079282384,478.19,496.4,496.3,493.25,478.2711404
ATO,8/8/24,Broker B,1068291.25,0.23,0.55874145,24847,Sell,94200,94200,0.121863903,152.46,154.43,154.48,154.38,152.522665
IRM,8/8/24,Broker E,2148413.75,0.49,1.041708589,24072,Buy,178000,178000,0.107659655,82.37,80.47,80.5,82.34,82.20268931
SBAC,8/8/24,Broker D,1136725.875,0.32,0.55840081,24366,Buy,107700,107700,0.191548081,225.93,222.32,222.36,228.86,225.9472669
HSY,8/8/24,Broker E,1714671.625,0.32,0.440539747,33721,Buy,139600,139600,0.077228457,167.66,164.72,164.83,167.81,167.6003067
RJF,8/8/24,Broker C,1904403.75,0.49,1.124410748,26810,Sell,120400,115400,0.07992411,126.69,129.47,129.2,128.11,126.681847
TPL,8/8/24,Broker B,145288.7344,0.87,1.070005655,28707,Buy,7400,7400,0.057403485,1255.45,1220.38,1220.5,1259.29,1255.445636
LEN,8/8/24,Broker D,3604617.5,0.41,0.952108204,27192,Buy,340000,340000,0.149983484,104.62,102.62,102.63,106.4,104.5381951
IP,8/8/24,Broker C,6315342,0.57,0.763397038,23786,Buy,507600,498000,0.111562051,45.61,44.63,44.55,46.31,45.60834001
TYL,8/8/24,Broker C,289309.8438,0.37,0.932694316,23947,Sell,18200,18200,0.174205031,538.87,547.76,547.62,545.31,538.8391971
GDDY,8/8/24,Broker B,1731630.75,0.4,1.121523619,23532,Sell,167700,167700,0.187920606,160.78,164.07,164.09,163.61,160.8664597
CNP,8/8/24,Broker D,6544230,0.2,0.511033058,23818,Buy,668100,634400,0.104985644,36.53,36.15,36.12,36.71,36.47386318
IQV,8/8/24,Broker B,2062076.375,0.54,0.965077341,24899,Sell,113300,113300,0.143502647,134.62,137.49,137.47,134.74,134.690388
DRI,8/8/24,Broker B,1471352.875,0.41,0.675583124,23062,Buy,141300,141300,0.17170429,198.95,194.89,194.95,201.62,198.8913738
STT,8/8/24,Broker C,2406070.25,0.51,0.965664208,23269,Buy,162100,162100,0.156158067,81.24,79.56,79.58,81.83,81.21844567
KEYS,8/8/24,Broker C,1073229.625,0.59,1.460006237,22790,Buy,82500,82500,0.181904561,132.99,129.88,129.84,133.89,132.9843092
EQR,8/8/24,Broker C,2058523.25,0.41,0.833705187,25639,Buy,103400,103400,0.100007043,67.79,66.52,66.73,68.57,67.78055491
PPG,8/8/24,Broker E,2583960.25,0.52,0.913599849,22561,Sell,184100,184100,0.086514609,95.93,98.34,98.19,97.78,96.06015842
FITB,8/8/24,Broker B,6024540,0.51,1.154086709,22261,Sell,521600,484500,0.094756823,31.85,32.79,32.59,31.96,31.88222243
ADM,8/8/24,Broker A,5736518,0.43,0.613135517,23091,Sell,437200,419400,0.14479957,46.57,47.21,47.37,47.28,46.67042905
CBOE,8/8/24,Broker C,1028178.75,0.3,0.335441858,22449,Sell,79500,77000,0.161862559,210.92,214.01,214.03,213.86,210.9113449
EXE,8/8/24,Broker B,6257997,0.43,0.875163198,23791,Buy,409300,409300,0.083415742,103.37,101.22,101.48,104.82,103.3783556
HPQ,8/8/24,Broker E,10433243,0.69,1.06854558,22389,Sell,614600,612500,0.100165701,22.42,23.11,23.03,22.86,22.54051994
FTV,8/8/24,Broker A,2953923,0.5,1.015593648,21779,Sell,244000,244000,0.134701343,61.72,63.12,62.98,61.9,61.8010608
EIX,8/8/24,Broker A,3870291.5,0.38,0.615453899,21488,Buy,359200,359200,0.125762776,56.33,55.27,55.41,56.74,56.2863197
K,8/8/24,Broker D,2832324.25,0.04,0.390702844,28449,Buy,163800,163800,0.183751375,82.25,82.15,82.05,82.2,82.17204376
VLTO,8/8/24,Broker B,1591432.75,0.37,1.5,21630,Buy,84500,84500,0.172527686,87.97,86.33,86.62,88.72,87.91558304
DOV,8/8/24,Broker C,1323083.75,0.51,1.118279934,21659,Buy,97600,97600,0.122948718,158.99,155.45,155.65,159.66,158.9104644
STE,8/8/24,Broker C,602092.9375,0.32,0.631336212,21495,Buy,32200,32200,0.18125181,218.92,215.91,216,220.86,218.8807624
UAL,8/8/24,Broker D,12011164,1.08,1.18553853,21399,Buy,671100,671100,0.074352319,65.55,63.23,63.41,65.59,65.47779468
CMS,8/8/24,Broker E,2745851.25,0.23,0.402545393,21566,Sell,255300,255300,0.143661256,70.42,71.47,71.44,70.77,70.54963151
FE,8/8/24,Broker B,5861474.5,0.28,0.476894647,24124,Sell,528100,528100,0.185629761,40.38,41.22,41,40.88,40.42301853
NVR,8/8/24,Broker E,26889.36719,0.39,0.721931219,21180,Sell,1400,1400,0.110511892,6888.61,7008.27,7008.06,6940.19,6888.705241
CPAY,8/8/24,Broker C,511122.2813,0.7,1.102929354,20953,Buy,30100,30100,0.123380846,301.5,294.05,294.1,307.33,301.4292782
TDY,8/8/24,Broker A,304619.3125,0.41,0.851020634,21234,Sell,21200,21200,0.092632306,440.27,447.45,447.36,441.35,440.3984199
ES,8/8/24,Broker D,2653985.75,0.35,0.498877913,20696,Buy,165100,165100,0.17437669,56.5,55.56,55.68,56.81,56.46272474
MTD,8/8/24,Broker E,196380.4375,0.55,1.060753942,20219,Buy,12700,11500,0.156858991,984.27,962.54,962.65,998.53,984.173814
MCHP,8/8/24,Broker C,13373664,1.16,1.530130506,21206,Sell,794300,750300,0.184972876,36.11,37.41,37.46,37.13,36.09638573
CINF,8/8/24,Broker C,926051.375,0.41,0.634547472,19996,Buy,104600,88500,0.145261476,128.96,126.45,126.44,130.98,128.9666451
WRB,8/8/24,Broker B,2284885,0.37,0.595682919,25539,Buy,150700,150700,0.128541904,67.76,66.59,66.64,68.32,67.77281466
DG,8/8/24,Broker D,5504300.5,0.46,0.147626966,21029,Buy,543500,508300,0.132825172,95.2,93.16,93.24,96.09,95.11592359
SW,8/8/24,Broker A,4414833.5,0.57,1.5,21286,Buy,425400,420300,0.15988352,41.47,40.35,40.52,41.82,41.30842318
CDW,8/8/24,Broker B,1711498.375,0.53,1.044915199,19557,Buy,130600,130600,0.117199896,150.49,146.98,147.13,153.3,150.4140835
VRSN,8/8/24,Broker C,912534.6875,0.29,0.593307614,22717,Buy,77000,77000,0.181357494,242.92,239.4,239.39,245.37,242.851077
LYV,8/8/24,Broker E,2976203.75,0.53,1.095992446,28820,Sell,208900,208900,0.192444749,119.27,122.08,122.11,119.64,119.3684332
DVN,8/8/24,Broker B,10589528,0.85,0.784066737,19133,Buy,782200,782200,0.188695373,30.12,29.06,29.19,30.9,30.11368214
HPE,8/8/24,Broker C,29635630,0.83,1.436243892,19467,Buy,1717200,1708900,0.114355184,15.03,14.55,14.62,15.07,14.97767713
HBAN,8/8/24,Broker D,25923222,0.59,1.129999638,19676,Buy,2186100,2186100,0.101357737,13.77,13.36,13.44,14,13.7427074
NRG,8/8/24,Broker D,3331282.75,0.74,1.218113065,18959,Buy,298600,278700,0.148833382,93.55,90.84,90.9,95.25,93.42256667
DOW,8/8/24,Broker B,9681285,0.76,0.934338987,19846,Buy,872800,872800,0.098412737,28.57,27.71,27.7,29.02,28.51131366
HAL,8/8/24,Broker E,14295516,0.79,0.9959566,18895,Buy,1016400,1016400,0.075628909,22.37,21.64,21.7,22.76,22.25797381
TROW,8/8/24,Broker C,2628548.75,0.55,1.24284482,18568,Sell,196200,177800,0.166939153,80.86,82.86,82.68,81.05,80.77335776
ZBH,8/8/24,Broker D,2224673.75,0.3,0.66424644,19026,Sell,124900,116600,0.133685159,91.78,93.1,92.92,92.34,91.80020847
PHM,8/8/24,Broker C,2378124.5,0.43,0.928031027,18770,Buy,225000,225000,0.143622467,93.91,91.76,92.01,94.93,93.86702559
INVH,8/8/24,Broker D,3488844.75,0.31,0.804176807,20470,Buy,248000,225300,0.062459398,33.46,32.9,33.01,33.62,33.40735946
WAT,8/8/24,Broker A,577985.25,0.53,0.874369264,18814,Sell,40600,40600,0.191551518,306.73,313.02,312.9,312.08,306.8796486
CTRA,8/8/24,Broker A,7670125,0.45,0.794653773,18957,Buy,745000,745000,0.139404945,25.26,24.61,24.78,25.31,25.1613862
MKC,8/8/24,Broker E,2814116.5,0.32,0.453034908,20013,Sell,181600,181600,0.155612115,72.55,73.99,73.73,72.78,72.6325721
CCL,8/8/24,Broker B,30730354,0.84,1.585720658,22498,Buy,1569100,1569100,0.134502941,17.55,17.05,17.07,17.58,17.5062788
WY,8/8/24,Broker E,3923671.75,0.41,0.926903367,17921,Buy,297100,297100,0.194870179,25.03,24.45,24.54,25.07,24.97560523
EXPE,8/8/24,Broker A,2731665,0.76,1.383257627,18899,Sell,259300,247400,0.131970642,139.89,144.2,144.08,142.66,140.0243388
SYF,8/8/24,Broker C,5665065,0.79,1.195883751,18361,Buy,397100,397100,0.176451992,47.69,46.38,46.33,48.37,47.69426085
IFF,8/8/24,Broker C,2113117.5,0.43,0.765907586,18594,Buy,181200,181200,0.193105724,73.34,71.81,71.91,74.65,73.34741087
NI,8/8/24,Broker B,5584637.5,0.29,0.636198223,17935,Buy,494900,494900,0.156513419,38.4,37.76,37.81,38.37,38.36686032
MAA,8/8/24,Broker E,1073008.875,0.33,0.744632661,18099,Buy,63500,63500,0.184510804,155.8,153.29,153.37,155.72,155.6717909
LDOS,8/8/24,Broker C,1774806.75,0.33,0.886574626,17724,Sell,155000,155000,0.170176653,134.66,136.91,136.91,135.45,134.6507331
HUBB,8/8/24,Broker A,752433.75,0.47,1.161202312,17637,Buy,64500,64500,0.191452906,331.5,325.08,325.23,333.29,331.4279439
DGX,8/8/24,Broker C,1434326.75,0.25,0.461955011,17963,Buy,95900,95900,0.173627867,161.96,160.02,160.01,163.2,161.9032576
WBD,8/8/24,Broker A,44823424,1.01,1.16329062,19642,Buy,3875700,3608900,0.151802547,8.27,7.75,7.99,8.18,8.161852757
LH,8/8/24,Broker E,818770,0.33,0.56757921,17756,Buy,73900,63200,0.154090288,212.91,209.38,209.3,215.34,212.7968201
MOH,8/8/24,Broker B,752848.375,0.42,0.305419803,16524,Buy,54100,54100,0.122990404,305.35,299.65,299.69,310.72,305.3262959
LII,8/8/24,Broker A,457593.5,0.48,1.069374204,19202,Buy,36400,32100,0.158928052,544.06,534.36,534.36,544.67,543.9784402
ESS,8/8/24,Broker A,526468.6875,0.42,0.903372884,17425,Sell,34800,31500,0.076570696,263,267.22,267.07,265.69,263.1106212
RF,8/8/24,Broker D,11484495,0.53,1.14174211,17285,Buy,637900,618100,0.066499697,19.21,18.83,18.85,19.19,19.16482373
TSN,8/8/24,Broker C,2524327,0.29,0.444923162,21653,Sell,179200,179200,0.18682299,59.22,60.18,60.05,59.97,59.23180554
BIIB,8/8/24,Broker A,1859786.375,0.44,0.701340735,17051,Sell,121000,121000,0.171120212,113.58,115.45,115.47,113.95,113.6323288
PODD,8/8/24,Broker C,913339.9375,0.47,1.104999661,16754,Sell,60700,60700,0.158325866,232.73,237.5,237.35,235.41,232.7832515
NTRS,8/8/24,Broker B,1545806.5,0.52,1.090333939,16920,Sell,118800,118800,0.165619721,83.77,85.72,85.71,84,83.81911436
PTC,8/8/24,Broker A,1066607.125,0.44,1.078693867,16800,Sell,55900,55900,0.136875251,136.3,138.32,138.38,138.28,136.3545541
CLX,8/8/24,Broker A,1512404.375,0.23,0.525460303,17079,Sell,145000,145000,0.121601602,135.2,136.71,136.7,135.47,135.3222421
GPN,8/8/24,Broker E,3507925.75,0.84,0.966453552,16589,Buy,213800,213800,0.095577067,68.01,65.93,65.99,68.26,67.88969755
WSM,8/8/24,Broker D,3767200.25,0.79,1.285576701,17028,Buy,295500,295500,0.120312689,138.56,134.44,134.53,139.13,138.5033182
NTAP,8/8/24,Broker B,2661723.75,0.59,1.255655408,16615,Sell,232400,232400,0.173281386,78.41,80.64,80.5,79.48,78.49749627
STLD,8/8/24,Broker B,2060822.125,0.57,1.085546494,17021,Buy,144900,127200,0.144025859,115.35,112.72,112.82,116.96,115.3146693
PKG,8/8/24,Broker D,1002152,0.39,0.758322477,16373,Buy,98900,98900,0.162890515,183.12,179.72,179.72,184.13,183.0905131
ULTA,8/8/24,Broker C,1273502.75,0.66,0.72329247,16568,Buy,94100,94100,0.078076596,359.33,350.1,350.21,367.83,359.2952697
FDS,8/8/24,Broker E,352102.2813,0.36,0.788227975,15673,Buy,33200,33200,0.176939377,417.34,409.2,409.35,420.22,417.2550578
DPZ,8/8/24,Broker D,719962.3125,0.39,0.976678789,16060,Buy,62600,62600,0.144137108,471.31,462.93,462.93,472.05,471.2723927
DECK,8/8/24,Broker A,3603507.5,0.77,0.957816899,15716,Sell,354500,354500,0.127584618,97.17,100.26,100.21,99.3,97.29126879
STX,8/8/24,Broker C,4192351,0.75,1.502993703,15652,Buy,323000,283400,0.127563827,74.9,72.62,72.87,75.74,74.93984932
SNA,8/8/24,Broker C,519470.875,0.45,0.87209785,15288,Buy,45300,45300,0.168902747,295.91,289.81,289.9,298.22,295.9424024
DLTR,8/8/24,Broker E,6869030,0.79,0.797286034,17131,Buy,389100,389100,0.165591482,80.23,77.98,77.99,80.54,80.15812153
GPC,8/8/24,Broker A,1654921.25,0.42,0.686277211,15519,Sell,106000,106000,0.133949905,108.88,110.65,110.61,109.56,108.9348594
SMCI,8/8/24,Broker B,53867424,1.05,2.397611856,17514,Sell,3058000,2725500,0.07199772,27.86,28.9,28.81,28.02,27.94555294
COO,8/8/24,Broker D,2442022.25,0.45,0.941235423,15739,Sell,208000,208000,0.091931292,75.92,77.59,77.47,77.24,75.94089658
EVRG,8/8/24,Broker D,2780009.25,0.23,0.49877277,15381,Sell,276300,276300,0.144691203,65.39,66.52,66.23,66.12,65.44473359
ROL,8/8/24,Broker B,2293436.25,0.33,0.708591282,26548,Sell,177100,177100,0.134961599,53.19,54.13,54.07,54.05,53.24551357
LNT,8/8/24,Broker C,2183584.75,0.26,0.496919721,15230,Buy,150800,150800,0.166035297,59.48,58.67,58.74,59.89,59.45808125
CFG,8/8/24,Broker D,6193755.5,0.62,1.265007377,15077,Buy,607400,607400,0.100171529,34.92,33.95,34,35.53,34.91561037
PFG,8/8/24,Broker D,1607446.125,0.57,0.982086778,15807,Sell,88200,88200,0.102602335,68.37,69.8,69.8,69.04,68.42545889
L,8/8/24,Broker D,910343.9375,0.39,0.612332523,17530,Sell,46300,46300,0.07428931,81.04,82.49,82.27,81.33,81.06772071
EG,8/8/24,Broker B,415288.5313,0.35,0.552587211,16384,Buy,35900,35900,0.18285206,346.48,340.36,340.48,350.73,346.3792498
EXPD,8/8/24,Broker D,1753609.625,0.44,0.754186869,14436,Sell,88800,88800,0.060605619,102.03,103.76,103.73,102.34,102.0205709
FFIV,8/8/24,Broker A,576744.125,0.48,0.925122261,14459,Buy,50700,50700,0.198893528,252.73,247.84,247.82,255.45,252.6247594
JBL,8/8/24,Broker C,1724661.25,0.67,1.366136074,13928,Buy,90300,90300,0.194469124,130.76,127.72,127.77,133.05,130.7630004
BAX,8/8/24,Broker E,5027440,0.56,0.750824749,14639,Buy,371600,371600,0.099313611,28.9,28.27,28.21,29.24,28.8060605
LYB,8/8/24,Broker C,4547265,0.69,0.844999075,18176,Sell,368000,368000,0.173336659,53.91,55.59,55.45,54.28,53.9384103
LUV,8/8/24,Broker A,16223484,0.81,0.978310943,13797,Sell,952800,952800,0.1952657,23.23,23.82,23.85,23.68,23.31626127
WST,8/8/24,Broker E,972558.875,0.44,0.812731206,14884,Buy,78600,78600,0.115512379,204.72,200.35,200.44,207.72,204.6622977
ON,8/8/24,Broker A,10593790,0.95,1.216935754,14662,Buy,835700,835700,0.18858391,34.25,33.2,33.15,34.89,34.11802894
OMC,8/8/24,Broker A,4378209.5,0.49,0.86769712,14065,Buy,219700,219700,0.148126671,72.56,71.36,71.4,72.81,72.43530641
J,8/8/24,Broker D,987790.3125,0.37,0.765809715,14176,Buy,63100,63100,0.104807338,115.85,114.27,114.08,115.98,115.7923112
TRMB,8/8/24,Broker A,1833999.625,0.59,1.16162169,13818,Buy,182700,182700,0.185581858,57.01,55.55,55.64,58.07,56.90697263
KEY,8/8/24,Broker A,18568466,0.59,1.350797296,15110,Buy,1479200,1479200,0.08835313,13.92,13.68,13.61,13.81,13.76987256
BALL,8/8/24,Broker C,2751362.5,0.35,0.72291398,13357,Buy,245500,245500,0.12813128,47.76,46.71,46.95,47.84,47.76253511
KIM,8/8/24,Broker C,6303217,0.41,0.923541188,13651,Buy,471100,471100,0.091052638,20.35,19.92,19.98,20.48,20.35157498
AVY,8/8/24,Broker D,860455.75,0.33,0.759776711,13348,Buy,58100,58100,0.10113847,169.74,167.19,167.31,171.82,169.6985523
FSLR,8/8/24,Broker B,3386447.75,0.58,0.734085619,13132,Buy,212100,212100,0.062922577,123.39,120.43,120.64,124.32,123.32671
AMCR,8/8/24,Broker E,34436428,0.35,0.618396103,13456,Buy,2419300,2419300,0.180949549,9.55,9.22,9.39,9.48,9.467044797
BLDR,8/8/24,Broker E,1751718.125,0.58,1.242862463,12976,Buy,159400,159400,0.153274352,115.79,112.8,112.75,118.36,115.6794673
PNR,8/8/24,Broker C,1924131,0.49,1.106546164,13026,Sell,188000,188000,0.164508106,75.74,77.71,77.52,76.02,75.76201306
GEN,8/8/24,Broker B,4726144.5,0.47,1.009418488,14520,Buy,349100,349100,0.182946419,23.96,23.32,23.47,24.23,23.9168885
TPR,8/8/24,Broker B,7014728.5,0.63,1.042785764,13079,Buy,623500,623500,0.177524218,63.26,61.6,61.58,64.68,63.1820741
DOC,8/8/24,Broker D,5513162,0.29,0.821606755,12889,Sell,466700,466700,0.197914375,17.86,18.21,18.12,17.93,17.88604718
MAS,8/8/24,Broker E,2461541.5,0.48,1.01499474,12710,Buy,244100,244100,0.181082106,60.99,59.51,59.55,61.29,60.90789879
CF,8/8/24,Broker E,2908823.75,0.38,0.506944835,12507,Sell,210100,194400,0.102982255,72.59,74.07,73.93,73.08,72.69592318
HOLX,8/8/24,Broker A,3410084.75,0.3,0.439089477,12853,Buy,190900,190900,0.171102389,57,56.39,56.37,57.33,56.89187144
EL,8/8/24,Broker A,4540624.5,0.78,1.135743618,19565,Buy,251500,251500,0.098136653,53.9,52.51,52.6,54.14,53.80934238
WDC,8/8/24,Broker D,9308912,0.9,1.804587364,12508,Sell,868300,868300,0.104752241,34.32,35.51,35.57,34.61,34.40342923
JKHY,8/8/24,Broker C,710372.875,0.38,0.583922863,12299,Buy,47200,39800,0.122991166,169.91,167.22,167.29,172.14,169.899418
IEX,8/8/24,Broker E,721935.25,0.4,0.921658635,12137,Buy,42800,36800,0.191251105,161.06,158.28,158.33,161.65,160.9479591
UDR,8/8/24,Broker B,2407958,0.43,0.85049963,13490,Sell,193100,193100,0.148903289,39.54,40.22,40.34,40.19,39.59401291
SJM,8/8/24,Broker B,1412505.25,0.28,0.436529636,12334,Buy,77000,77000,0.067269448,116.32,114.95,114.85,116.36,116.267008
CAG,8/8/24,Broker D,6965156.5,0.29,0.338077486,12120,Sell,348700,348700,0.052310072,24.85,25.15,25.15,25.1,24.85733387
TXT,8/8/24,Broker A,1671518.375,0.52,1.009713173,11729,Sell,115600,115600,0.153147757,62.51,63.79,63.74,63.4,62.55778262
BBY,8/8/24,Broker C,4805700,0.84,0.958788991,13128,Buy,241800,241800,0.183807754,62.03,60.3,60.38,62.18,62.03003666
ALGN,8/8/24,Broker D,1371862,0.57,1.381431937,12608,Sell,113400,113400,0.115375575,163.32,167.43,167.3,167.03,163.4106623
ARE,8/8/24,Broker E,1681613.75,0.47,1.095249534,13100,Sell,172600,154400,0.123801507,72.69,74.46,74.42,74.2,72.76315813
CPT,8/8/24,Broker D,1145793,0.35,0.813532531,12056,Buy,58500,58500,0.195323766,111.21,109.52,109.7,111.47,111.1208122
APTV,8/8/24,Broker A,4253347.5,0.62,0.834469736,11699,Sell,271400,271400,0.137538021,48.94,50.06,50.02,49.54,49.06203365
REG,8/8/24,Broker C,1255055.125,0.33,0.702210128,13247,Buy,99700,99700,0.134613539,71.01,69.85,69.9,71.19,70.97195344
ZBRA,8/8/24,Broker B,718495.125,0.81,1.371357441,11356,Buy,44200,39800,0.105421944,223.51,217.33,217.43,223.75,223.5409646
POOL,8/8/24,Broker E,454624.6875,0.43,0.911036551,11186,Sell,34600,31500,0.187419145,287.16,293.11,293.02,292.36,287.2929671
TER,8/8/24,Broker D,4338915.5,0.96,1.628202081,11277,Sell,327100,327100,0.091575886,65.74,68.24,68.07,67.96,65.82316745
JNPR,8/8/24,Broker A,3132681.5,0.19,0.634801924,11379,Sell,294300,294300,0.10963622,33.18,33.7,33.49,33.41,33.28783314
LVS,8/8/24,Broker A,6501377.5,0.57,0.823726475,23008,Buy,608100,608100,0.154285884,32.95,32.2,32.2,33.4,32.80534553
RVTY,8/8/24,Broker C,1219324.5,0.55,0.797572315,10786,Sell,76700,76700,0.127685144,86.75,88.53,88.65,87.8,86.80129076
AKAM,8/8/24,Broker D,2377838.5,0.52,0.784386694,10509,Buy,189300,160300,0.170939352,72.77,71.28,71.3,73.47,72.64919768
ALLE,8/8/24,Broker E,1194745.875,0.34,0.85759753,10607,Sell,84800,84800,0.076908992,120.18,122.14,122.27,121.22,120.2789082
LKQ,8/8/24,Broker E,2848942.25,0.37,0.666749001,10655,Buy,237100,237100,0.160739414,41.49,40.85,40.71,41.83,41.4027468
CHRW,8/8/24,Broker B,1592970,0.4,0.668679476,10554,Sell,121800,121800,0.173609677,86.66,88.27,88.3,87.8,86.66393953
PNW,8/8/24,Broker B,1304774.75,0.23,0.468580067,11116,Buy,83800,83800,0.106729146,93.26,92.26,92.18,93.51,93.15937006
BG,8/8/24,Broker A,1928443.25,0.39,0.430640489,10557,Sell,161000,161000,0.180381781,76.34,77.65,77.61,76.71,76.47970181
FOXA,8/8/24,Broker E,4894352,0.5,0.622418344,20638,Buy,341700,341700,0.173581002,47.77,46.42,46.73,47.92,47.65676146
JBHT,8/8/24,Broker E,1416926.375,0.6,0.961994886,12713,Buy,122900,122900,0.172894805,126.74,123.16,123.39,127.22,126.6431195
UHS,8/8/24,Broker C,936496.0625,0.52,0.833979607,10240,Buy,89500,89500,0.130009691,157.62,153.99,153.95,159.53,157.597001
ERIE,8/8/24,Broker A,135175.3594,0.4,0.544575632,20663,Sell,13400,13400,0.181766436,385.97,393.05,392.98,391.96,386.0906484
PAYC,8/8/24,Broker D,727074.8125,0.56,0.874895334,11929,Sell,52700,52700,0.105109451,197.05,201.71,201.56,200.53,197.1004911
GL,8/8/24,Broker E,742776.5625,0.45,0.797355115,9754,Sell,41900,41900,0.159809181,113.56,115.87,115.79,114.68,113.6690228
TAP,8/8/24,Broker E,2594431.25,0.27,0.463173449,11908,Sell,197600,197600,0.078333308,55.99,56.72,56.84,56.76,56.08158993
KMX,8/8/24,Broker A,3893916.5,0.76,0.924367547,9517,Buy,387300,387300,0.12962555,63.57,61.67,61.71,64.73,63.45279498
TKO,8/8/24,Broker A,2176504.5,0.48,0.791934609,28227,Buy,183600,183600,0.14112525,144.19,141.44,141.43,146.16,144.049543
NDSN,8/8/24,Broker B,408402.3438,0.53,1.068100691,10080,Buy,39900,39900,0.122864877,179.02,174.59,174.67,181.33,178.9873252
NWSA,8/8/24,Broker B,4041857,0.41,0.929095805,15160,Sell,341800,290200,0.117299188,24.55,25.08,25.01,24.89,24.59927368
AIZ,8/8/24,Broker A,495442.1563,0.43,0.737580895,9353,Buy,35100,32400,0.146662459,184.66,181.75,181.73,187.14,184.5953873
HST,8/8/24,Broker A,11824158,0.56,1.002946138,9439,Buy,609100,609100,0.173962655,13.55,13.32,13.31,13.55,13.44015273
INCY,8/8/24,Broker B,2254369,0.47,0.670278668,10992,Sell,193900,193900,0.131456299,55.01,56.13,56.24,55.56,55.07272031
BXP,8/8/24,Broker D,1637994.625,0.49,1.16145134,9899,Buy,92500,92500,0.139940094,62.82,61.58,61.68,63.2,62.77547763
SOLV,8/8/24,Broker B,1395912.125,0.51,1.5,11062,Buy,95900,95900,0.109843948,64.53,63.11,63.18,65.11,64.47612593
VTRS,8/8/24,Broker E,15793166,0.48,0.810708165,9036,Buy,1298200,1298200,0.077353161,7.96,7.47,7.78,7.91,7.848459951
SWKS,8/8/24,Broker D,4347467,0.93,1.274859548,8720,Buy,334300,334300,0.087055546,56.25,54.56,54.42,56.46,56.22309287
IPG,8/8/24,Broker B,8651978,0.5,0.892075121,8757,Buy,716500,716500,0.092389436,23.92,23.28,23.39,24.02,23.90412616
HRL,8/8/24,Broker A,3378499.75,0.26,0.42143631,16717,Sell,274700,274700,0.153145475,29.77,30.1,30.11,29.92,29.85015034
EMN,8/8/24,Broker C,1493853.5,0.57,1.016051292,8883,Buy,76800,76800,0.192887233,76.96,75.46,75.41,77.98,76.95073755
SWK,8/8/24,Broker E,2905021.75,0.8,1.096431136,8711,Buy,263300,263300,0.191433086,57.39,55.38,55.51,57.92,57.25080347
MOS,8/8/24,Broker D,5865110.5,0.52,0.943756461,8629,Sell,549200,549200,0.120025725,26.18,26.92,26.8,26.35,26.21625324
DAY,8/8/24,Broker B,2080966.125,0.61,1.275922179,8282,Sell,160200,160200,0.149198865,50.59,51.98,51.91,51.24,50.6341963
HII,8/8/24,Broker B,780269.9375,0.46,1.021251202,8548,Sell,74800,70800,0.16974795,210.58,215.36,215.29,213.67,210.6621939
MKTX,8/8/24,Broker B,684962.75,0.29,0.569458306,8374,Buy,35100,35100,0.147921406,222.6,219.59,219.77,224.17,222.5451063
MRNA,8/8/24,Broker C,9824392,0.7,1.143159986,9716,Buy,972500,972500,0.17028439,24.02,23.3,23.32,24.37,23.99589346
EPAM,8/8/24,Broker E,775269.125,0.59,1.141998291,8339,Sell,43500,43500,0.142509176,139.61,143.09,142.94,140.48,139.6889103
RL,8/8/24,Broker B,1348353,0.81,1.060222864,12602,Sell,76000,76000,0.150537691,193.09,198.62,198.68,194.9,193.1331835
HSIC,8/8/24,Broker C,1568497.375,0.35,0.590051532,7728,Sell,82900,82900,0.111869342,61.44,62.4,62.34,61.81,61.46825562
WBA,8/8/24,Broker C,19665150,0.15,0.587754667,9400,Sell,1003500,1003500,0.175793707,10.49,10.8,10.57,10.55,10.49868563
LW,8/8/24,Broker B,2839034,0.55,0.564399183,7269,Buy,189500,189500,0.178548674,51.59,50.16,50.46,51.64,51.54148256
TECH,8/8/24,Broker D,2193590.5,0.64,0.978624701,7511,Buy,151700,151700,0.177725225,47.05,46.01,45.93,47.25,47.00459116
AOS,8/8/24,Broker E,1550288.375,0.3,0.872556567,8857,Buy,137400,137400,0.10473815,62.52,61.35,61.48,62.61,62.42609929
CPB,8/8/24,Broker C,3745423,0.32,0.404911965,11203,Buy,240700,240700,0.079804688,37.95,37.25,37.41,38.32,37.8810376
MTCH,8/8/24,Broker A,5115680.5,0.44,0.591599047,7173,Buy,348500,348500,0.083686535,29.24,28.63,28.76,29.34,29.12523709
AES,8/8/24,Broker D,14259086,0.58,0.945910573,6977,Sell,1104700,1104700,0.102166913,9.42,9.57,9.65,9.58,9.416174081
FRT,8/8/24,Broker D,981473.5,0.43,0.80000782,7917,Sell,66600,66600,0.06914539,89.37,91.18,90.99,89.6,89.41781504
NCLH,8/8/24,Broker C,16253093,0.88,1.468388319,7114,Sell,1161100,1161100,0.179892831,15.28,15.84,15.78,15.75,15.27764627
ENPH,8/8/24,Broker C,3664565.5,0.72,1.072749496,6772,Buy,271500,271500,0.129646221,52.13,50.44,50.72,52.19,52.08741273
HAS,8/8/24,Broker A,2073502.25,0.59,0.878377974,7210,Buy,186200,186200,0.126201678,51.7,50.55,50.51,52.53,51.57343917
WYNN,8/8/24,Broker E,2804277.75,0.64,0.920791984,7958,Sell,259900,259900,0.127113731,71.6,73.8,73.74,71.95,71.64351658
GNRC,8/8/24,Broker D,931832.75,0.64,1.488258839,6354,Sell,52400,52400,0.164226168,102.39,104.9,104.76,103.44,102.4458208
PARA,8/8/24,Broker A,9434556,0.34,0.801711023,7689,Sell,864400,864400,0.087141649,10.47,10.73,10.63,10.62,10.61450205
MGM,8/8/24,Broker B,6752680,0.67,1.398429513,8183,Sell,574600,574600,0.19800737,27.59,28.51,28.39,27.7,27.64672725
ALB,8/8/24,Broker C,3355922.75,0.93,1.281180859,6238,Sell,328500,328500,0.116676193,48.75,50.85,50.63,48.93,48.75656514
DVA,8/8/24,Broker B,909545.5,0.38,0.739418805,10680,Buy,56400,51100,0.105136634,135.21,133.02,133.06,136.2,135.1560494
APA,8/8/24,Broker D,9381971,1.05,0.943391263,5606,Buy,763200,763200,0.156574151,15.75,15.15,15.18,16.08,15.75230856
FOX,8/8/24,Broker B,1367305.625,0.52,0.653857589,20638,Sell,86200,86200,0.130805687,42.32,43.33,43.23,42.41,42.39046555
IVZ,8/8/24,Broker A,6818165,0.68,1.153514981,5575,Buy,518100,518100,0.18036901,12.64,12.27,12.33,12.6,12.52439047
BEN,8/8/24,Broker E,5018205,0.5,0.993404508,9116,Buy,385300,352100,0.160694619,17.5,17.17,17.12,17.6,17.44176552
CRL,8/8/24,Broker B,1923912.25,1.15,0.819497168,5043,Buy,100900,100900,0.160684632,103.33,99.8,99.78,105.71,103.2736188
CZR,8/8/24,Broker A,6304107,0.76,1.529064894,5300,Buy,461400,461400,0.181192419,25.32,24.69,24.66,25.38,25.23088671
MHK,8/8/24,Broker D,818728.5,0.53,1.147715569,6250,Buy,43300,43300,0.098921079,100.37,98.42,98.48,101.98,100.3660331
NWS,8/8/24,Broker A,946888.9375,0.42,0.94787389,15160,Sell,72300,72300,0.099042754,28.62,29.11,29.11,28.77,28.72365447
AAPL,8/8/24,Broker A,72106864,0.68,1.041596293,2901664,Buy,5927900,5927900,0.14377117,194.79,189.81,189.92,196.86,194.6665353
MSFT,8/8/24,Broker A,26193634,0.4,0.991805494,2669692,Buy,1934800,1924700,0.081379779,361.55,355.67,355.9,366.59,361.4576847
NVDA,8/8/24,Broker B,323825056,0.81,1.904370189,2364604,Sell,20280600,20280600,0.114869495,92.35,95.04,95.12,94.96,92.42627276
AMZN,8/8/24,Broker E,56974192,0.58,1.184175968,1775661,Buy,3686600,3686600,0.175119441,169.4,165.29,165.42,169.7,169.3054083
META,8/8/24,Broker E,20542520,0.67,1.181922793,1223500,Buy,1729800,1700500,0.10774511,493.78,479.8,479.9,499.62,493.6722199
GOOGL,8/8/24,Broker C,38393644,0.46,0.987897754,1813077,Buy,2369700,2267300,0.136869819,148.84,146.1,146.15,151.19,148.7795009
AVGO,8/8/24,Broker C,37874508,0.79,1.959495664,781511,Buy,3767400,3767400,0.193608754,167.08,161.61,161.73,169.95,167.0067364
GOOG,8/8/24,Broker D,24951546,0.46,0.98287636,1813077,Buy,1940000,1940000,0.112274686,151.6,148.4,148.67,153.31,151.5578811
TSLA,8/8/24,Broker B,140806080,1.03,1.58415544,731758,Sell,13332200,13332200,0.19492206,213.7,222.79,222.65,220.43,213.7955975
LLY,8/8/24,Broker C,3938780.25,0.57,0.776895583,775474,Sell,341500,304800,0.14794798,787.82,807,806.97,806.94,787.8268636
JPM,8/8/24,Broker D,14446872,0.49,1.117400289,637278,Sell,895400,895400,0.146663067,222.03,226.34,226.35,223.05,222.1316474
V,8/8/24,Broker D,7732261.5,0.41,0.824475527,643335,Buy,732600,732600,0.091883128,322.93,316.65,316.79,324.27,322.8589802
XOM,8/8/24,Broker D,19817686,0.42,0.607271492,455670,Buy,1273300,1154800,0.174277939,105.94,104.12,104.21,107.41,105.8722146
COST,8/8/24,Broker B,2917253,0.35,0.817268252,424947,Buy,225100,225100,0.142117236,959.13,942.97,943.14,973.84,959.0705248
MA,8/8/24,Broker D,3392971.25,0.4,0.856543481,463128,Buy,174100,174100,0.149078425,511.13,503.54,503.44,518.55,511.1163654
UNH,8/8/24,Broker E,6109557,0.85,0.466492683,387145,Buy,327200,327200,0.165150853,437.66,424.81,425.06,446.57,437.5522726
NFLX,8/8/24,Broker C,5633900.5,0.49,1.128229022,420426,Sell,404500,404500,0.086209064,953.01,973.05,973.09,954.54,953.0312928
WMT,8/8/24,Broker B,27689224,0.42,0.781679511,740837,Buy,2736700,2736700,0.101275635,93.51,91.34,91.58,93.96,93.46444972
PG,8/8/24,Broker A,9135826,0.29,0.483530194,388659,Buy,878400,878400,0.136973965,166.54,164.28,164.33,167.99,166.3956082
JNJ,8/8/24,Broker B,10849724,0.33,0.518104196,378153,Buy,723800,720800,0.157175488,157.9,155.49,155.5,157.81,157.8121996
HD,8/8/24,Broker D,4276120,0.36,0.904466271,344794,Buy,222900,222900,0.110404953,346.7,341.8,341.86,350.35,346.6257103
ABBV,8/8/24,Broker A,8754635,0.36,0.487410396,301009,Buy,540400,540400,0.175294478,170.81,168.54,168.53,172.36,170.8349093
KO,8/8/24,Broker B,20127234,0.24,0.439482689,313171,Sell,1676200,1676200,0.088553735,70.87,71.82,71.82,71.54,70.94565266
PM,8/8/24,Broker C,7038256,0.31,0.448695272,252431,Buy,493200,493200,0.068101643,161.5,159.17,159.19,162.28,161.5172959
BAC,8/8/24,Broker E,58030748,0.54,1.156621456,280695,Buy,3409700,3409700,0.116022984,37.29,36.5,36.48,37.93,37.22575612
CRM,8/8/24,Broker E,7202936.5,0.47,1.214108348,227046,Buy,670800,670800,0.090076643,238.21,232.77,232.76,240,238.1139537
CVX,8/8/24,Broker A,11178586,0.49,0.715148687,233589,Sell,826500,826500,0.156474948,129.74,132.33,132.23,131.48,129.8051211
ABT,8/8/24,Broker D,8016111.5,0.3,0.586934447,225271,Buy,484900,484900,0.128831327,130.29,128.51,128.62,131.77,130.2703738
MCD,8/8/24,Broker C,4345218,0.28,0.59120661,220757,Buy,486100,414400,0.198497641,309.78,305.12,305.2,313.01,309.7937027
CSCO,8/8/24,Broker E,26598580,0.43,0.881947041,216300,Buy,1910400,1910400,0.102756719,54.91,53.83,53.82,55.7,54.83738908
IBM,8/8/24,Broker B,5153453.5,0.39,0.758216262,219038,Sell,391700,391700,0.118820288,228.51,232.93,232.76,231.42,228.5706323
LIN,8/8/24,Broker A,2600478.25,0.37,0.727685034,209902,Buy,207400,207400,0.140708236,446.91,440.27,440.15,451.86,446.8458382
WFC,8/8/24,Broker B,20418954,0.5,0.994544625,209003,Sell,1394600,1394600,0.131580488,62.09,63.4,63.43,63.03,62.12070437
ORCL,8/8/24,Broker D,12495883,0.58,1.279027343,344416,Sell,1052700,1052700,0.149182918,118.34,121.24,121.28,119.78,118.3697699
MRK,8/8/24,Broker A,18299742,0.35,0.553353965,195901,Buy,1686800,1686800,0.133833658,78.13,76.99,76.94,78.98,78.0179061
PEP,8/8/24,Broker C,7963296,0.27,0.47175014,194356,Buy,451500,411900,0.111530197,142.23,140.57,140.57,143.01,142.250498
GE,8/8/24,Broker C,6722253,0.57,1.188797116,190224,Buy,402600,402600,0.139228195,179.98,176.02,176.16,181.45,179.9630745
T,8/8/24,Broker A,45441512,0.33,0.480280787,189002,Sell,3972400,3972400,0.18745521,25.61,26.16,25.99,25.77,25.71815245
PLTR,8/8/24,Broker B,110576536,0.91,2.046456575,212958,Buy,8301000,8301000,0.179912111,92.34,89.31,89.32,92.65,92.30783187
VZ,8/8/24,Broker A,29510090,0.34,0.553383589,184170,Buy,1932200,1932200,0.062495253,43.32,42.68,42.76,43.37,43.18948632
ACN,8/8/24,Broker E,4422696,0.44,0.80521059,175001,Buy,432900,432900,0.176383571,282.38,275.98,276.11,285.4,282.248757
ISRG,8/8/24,Broker A,2817014.75,0.61,1.206331491,167787,Sell,185500,185500,0.100023523,453,463.05,463,455.65,453.0581585
RTX,8/8/24,Broker A,5422184.5,0.41,0.707878292,168382,Buy,440200,440200,0.109123973,126.79,124.73,124.69,127.71,126.628464
INTU,8/8/24,Broker D,1932800.125,0.43,1.002376318,159026,Buy,140400,140400,0.089479589,569.4,559.1,559.17,579.23,569.3512889
TMO,8/8/24,Broker E,2260051.5,0.45,0.859779418,159245,Sell,149200,149200,0.093278722,408.1,416.62,416.56,414.15,408.2177027
NOW,8/8/24,Broker C,2160465,0.62,1.252818584,156492,Buy,209000,209000,0.19863641,762.82,742.41,742.53,772.25,762.8055807
GS,8/8/24,Broker D,3531042.75,0.6,1.261187077,161610,Sell,323400,323400,0.174663893,481.81,494.68,494.5,486.32,481.8648329
UBER,8/8/24,Broker A,19155544,0.55,1.195605874,152495,Sell,1009000,1009000,0.098384846,69.93,71.27,71.23,70.14,70.037212
PGR,8/8/24,Broker B,3972077.25,0.43,0.573527932,150903,Sell,389000,389000,0.149248063,248.61,254.21,254.04,252.87,248.6833542
DIS,8/8/24,Broker C,11873562,0.58,0.890657663,151854,Buy,916500,776300,0.148850392,84.94,82.98,83.06,85.64,84.94827828
ADBE,8/8/24,Broker A,4928740.5,0.59,1.125434399,146280,Sell,468700,468700,0.091788389,330.46,338.64,338.64,335.74,330.5977373
BKNG,8/8/24,Broker D,318188.8125,0.47,1.077503562,145622,Buy,21900,18700,0.056304069,4450.43,4371.12,4371.12,4465.28,4450.425026
QCOM,8/8/24,Broker B,9248309,0.67,1.497467756,150571,Buy,916500,783800,0.199592588,137.31,133.36,133.55,139.91,137.2426189
AMGN,8/8/24,Broker B,3351891,0.33,0.565429389,147144,Buy,303100,303100,0.188388462,275.04,270.36,270.4,277.51,274.9746515
SPGI,8/8/24,Broker C,1517246.25,0.42,1.000825882,140911,Sell,96300,96300,0.091190281,436.31,444.06,444.13,441.06,436.2785731
TJX,8/8/24,Broker C,6671403,0.3,0.678406835,138498,Sell,637500,624600,0.14782158,120.29,122.25,122.21,121.86,120.277059
AMD,8/8/24,Broker A,41816476,0.95,1.692152262,139004,Buy,2949600,2949600,0.176493548,86.65,83.75,83.99,88.19,86.46135212
CAT,8/8/24,Broker B,3281743.25,0.5,1.076455116,136086,Buy,239300,239300,0.192214513,288.7,282.46,282.6,288.76,288.6513865
BSX,8/8/24,Broker C,9649542,0.42,0.887817025,138411,Buy,665600,665600,0.069612305,94.46,92.7,92.78,94.87,94.46683191
AXP,8/8/24,Broker D,4197011.5,0.62,1.152603507,169900,Buy,237000,237000,0.092932795,244.68,239.27,239.38,249.43,244.6403721
NEE,8/8/24,Broker C,13180131,0.37,0.569819272,133149,Sell,1062000,1062000,0.136857847,62.56,63.64,63.67,62.93,62.57182332
TXN,8/8/24,Broker D,8989339,0.71,1.09406817,132493,Buy,773800,773800,0.159853877,146.67,142.64,142.6,150.54,146.6317513
MS,8/8/24,Broker A,9562043,0.6,1.288030863,170984,Buy,806100,806100,0.131079237,107.22,104.78,104.77,108.58,107.0872732
UNP,8/8/24,Broker C,3233668.5,0.38,0.845109522,129483,Buy,249700,249700,0.090115128,217.16,213.36,213.43,220.51,217.1642864
GILD,8/8/24,Broker E,10361147,0.28,0.585657597,129908,Buy,949800,949800,0.124229298,104.83,103.09,103.15,104.99,104.6773535
SCHW,8/8/24,Broker E,12408055,0.45,1.128342867,139918,Sell,1004200,1004200,0.190240707,72.44,73.76,74.05,73.37,72.57367479
CMCSA,8/8/24,Broker E,28652040,0.38,0.723178506,127042,Buy,2583000,2583000,0.196865541,33.97,33.25,33.3,33.97,33.84402029
HON,8/8/24,Broker B,4912729.5,0.44,0.834966779,124940,Sell,381300,381300,0.111264652,188.28,192.12,192.13,190.3,188.2955877
BLK,8/8/24,Broker D,1083176.875,0.51,1.162742853,132389,Buy,61600,61600,0.128743588,862.02,845.82,845.86,864.23,861.9422616
TMUS,8/8/24,Broker C,4545863,0.35,0.688813746,288121,Buy,248000,248000,0.179773734,254.57,250.87,250.91,255.03,254.4910763
VRTX,8/8/24,Broker C,1611804.375,0.24,0.849466443,122761,Buy,94500,94500,0.07059119,478.2,472.9,472.88,482.5,478.2086944
PFE,8/8/24,Broker A,61340208,0.31,0.494620919,124999,Buy,6598000,6122100,0.133636075,22.26,21.87,21.94,22.28,22.15521955
LOW,8/8/24,Broker E,2954811.25,0.36,0.888534725,119089,Buy,219400,219400,0.132680367,214.14,210.41,210.34,217.69,214.0317963
BA,8/8/24,Broker C,10290827,0.72,1.262373209,119889,Sell,770900,739700,0.176553336,152.01,156.47,156.32,153.29,152.0323533
DHR,8/8/24,Broker A,4341055.5,0.51,0.908220112,132330,Buy,414000,414000,0.199118097,185.87,181.94,181.96,186.98,185.7743511
ADP,8/8/24,Broker A,2150195,0.35,0.787215412,115897,Buy,121900,121900,0.097770552,283.88,280.34,280.3,285.48,283.8015406
SYK,8/8/24,Broker E,1907405.125,0.37,0.750790775,129618,Sell,134300,134300,0.159940374,328.8,335.12,334.87,333.49,328.8798175
C,8/8/24,Broker D,20884940,0.6,1.245760441,117993,Buy,2066900,2066900,0.128695826,63.74,61.95,62.1,65.22,63.66061765
FI,8/8/24,Broker E,3409129.25,0.43,0.87523675,116342,Buy,297500,297500,0.156880353,208.79,204.34,204.39,211.92,208.664572
DE,8/8/24,Broker B,1539067.125,0.43,0.961758375,119846,Sell,138900,126200,0.196710638,427.09,435.95,435.86,435.1,427.1042414
COP,8/8/24,Broker A,10939566,0.67,0.772891283,110678,Buy,568100,568100,0.080698098,88.22,86.33,86.38,89.68,88.10091518
AMAT,8/8/24,Broker E,8732342,0.7,1.516796589,110130,Sell,506900,443700,0.109831644,129.4,132.8,132.77,130.69,129.5194754
PANW,8/8/24,Broker A,5760672,0.58,1.216528773,105969,Buy,499200,499200,0.096438525,161.26,157.6,157.63,164.51,161.1747108
MMC,8/8/24,Broker A,2447921.75,0.33,0.590217888,104508,Buy,257100,223500,0.10809347,212.96,209.92,209.88,213.54,212.8554563
CB,8/8/24,Broker B,2063046.375,0.31,0.533117235,112104,Buy,146400,146400,0.117920285,281.71,277.32,277.52,284.21,281.6678119
ETN,8/8/24,Broker E,3941023.75,0.6,1.268835664,101652,Buy,214500,214500,0.087365265,261,255.1,255.06,263.26,260.9038881
MDT,8/8/24,Broker C,8498045,0.29,0.682784915,104912,Buy,648500,610500,0.183167027,82.41,81.16,81.28,82.94,82.41310108
AMT,8/8/24,Broker B,3553526.5,0.31,0.532872975,102045,Buy,233500,233500,0.090104702,218.3,215.13,215.14,219.95,218.2620642
SO,8/8/24,Broker D,5008373,0.23,0.426127642,99270,Sell,429300,391700,0.116571869,88.51,89.58,89.55,88.86,88.57382058
BMY,8/8/24,Broker D,13893362,0.33,0.433606565,99581,Sell,1304700,1304700,0.109341097,47.14,48.16,47.92,47.73,47.16132251
MO,8/8/24,Broker E,12420729,0.23,0.458243698,97184,Buy,1146100,1146100,0.100816986,57.76,57.02,56.95,57.7,57.66674287
ELV,8/8/24,Broker B,1897402.5,0.34,0.451055408,92069,Sell,151700,151700,0.198429225,395.32,402.21,402.08,399.86,395.2969766
LMT,8/8/24,Broker D,1811621.75,0.34,0.528686762,107512,Buy,123500,123500,0.072227173,459.48,452.79,452.73,463.75,459.4288565
BX,8/8/24,Broker D,6410232,0.74,1.327261329,147576,Buy,325000,325000,0.121857158,121.59,118.65,118.7,123.68,121.5524358
PLD,8/8/24,Broker C,6284098,0.54,1.035050511,93652,Sell,480800,447200,0.084980321,94.85,97.1,97,96.44,94.85585752
CME,8/8/24,Broker C,3201366.75,0.23,0.449448019,93818,Buy,323400,319500,0.169760493,261.39,257.89,258,263.89,261.3991728
DUK,8/8/24,Broker C,4900300,0.24,0.36730212,93375,Buy,311300,311300,0.155567721,120.68,118.99,119.3,121.99,120.6789961
SBUX,8/8/24,Broker A,11626514,0.59,1.146592379,91644,Buy,795000,795000,0.169900363,79.9,78.13,78.23,81.4,79.83388861
CRWD,8/8/24,Broker C,4596504.5,0.73,1.664388299,89901,Buy,339100,339100,0.082565854,365.73,355.66,355.74,373.95,365.7289817
ICE,8/8/24,Broker E,4024815.75,0.28,0.815884113,89064,Buy,216800,216800,0.064143043,155.4,153.13,153.29,156.22,155.2647776
CI,8/8/24,Broker A,1856092.125,0.26,0.510866761,88048,Buy,128200,117200,0.122954423,325.51,322.11,322.2,325.42,325.3855956
WELL,8/8/24,Broker C,3609059,0.31,0.67238766,93593,Buy,228100,203400,0.092947744,143.6,141.55,141.69,145.35,143.5748003
GEV,8/8/24,Broker B,4296794.5,0.8,1.5,85579,Buy,419700,419700,0.148261419,316.64,306.21,306.32,324.8,316.5700772
ADI,8/8/24,Broker E,4588623,0.77,1.321415544,86791,Buy,283700,283700,0.081865331,176.16,171,171.2,180.49,176.0774609
MCK,8/8/24,Broker A,1129723.5,0.27,0.501902699,85534,Buy,95600,95600,0.16562936,683.34,675.38,675.24,687.42,683.2414033
MDLZ,8/8/24,Broker C,10405951,0.27,0.409132928,87785,Sell,610200,610200,0.109683919,66.04,66.91,66.86,66.65,66.07761761
CVS,8/8/24,Broker B,10635882,0.33,0.764965117,82270,Buy,761100,761100,0.125603198,65.81,64.45,64.78,66.21,65.77515754
WM,8/8/24,Broker D,1838091.625,0.25,0.538219333,91559,Buy,171500,171500,0.196847522,227.16,224.29,224.21,228.77,227.0577913
KLAC,8/8/24,Broker B,1346563.125,0.74,1.578629613,82496,Buy,71200,71200,0.196259501,623.4,607.7,607.74,626.88,623.3323311
AJG,8/8/24,Broker A,1667881.125,0.34,0.612837076,81682,Sell,142100,142100,0.14026521,310.96,315.71,315.59,312.22,311.0693096
INTC,8/8/24,Broker A,111931832,0.93,1.574641943,82154,Sell,8566800,7856500,0.1610736,17.6,18.25,18.17,17.76,17.72196249
LRCX,8/8/24,Broker D,13776550,0.81,1.61843729,80088,Buy,1367100,1367100,0.104733144,63.32,61.14,61.29,64.36,63.22949208
ORLY,8/8/24,Broker C,458705.9688,0.3,0.512424648,78334,Buy,52400,44800,0.181924213,1368.92,1347.52,1347.47,1371.25,1368.936696
AON,8/8/24,Broker A,1403522.25,0.28,0.581544459,76886,Buy,118000,118000,0.108575729,355.45,351.18,351.12,357.23,355.3711008
APH,8/8/24,Broker E,9046439,0.54,1.336825252,77057,Buy,478300,478300,0.141701378,63.92,62.55,62.58,64.92,63.85159666
CL,8/8/24,Broker C,5917938,0.3,0.457846314,76810,Sell,456000,456000,0.083993664,92.8,94.16,94.18,93.8,92.82406551
SHW,8/8/24,Broker D,2088853.375,0.36,0.941084564,81062,Buy,210500,181900,0.156892222,324.94,319.41,319.5,330.05,324.8351209
EQIX,8/8/24,Broker A,787754.5625,0.39,0.928478122,75633,Buy,64500,64500,0.158803515,771.47,759.04,759.16,777.22,771.3538479
MU,8/8/24,Broker C,28983996,1.04,1.875524879,74587,Sell,2834900,2505100,0.169831232,63.1,65.65,65.64,64.02,63.12909591
TDG,8/8/24,Broker C,314887.9063,0.42,0.995311379,73277,Buy,27000,27000,0.098141111,1315.72,1290.54,1290.48,1318.1,1315.787364
TT,8/8/24,Broker C,1656028.125,0.45,1.197039723,72305,Buy,130000,130000,0.127711364,324.46,318.08,318.11,328.05,324.4539438
ANET,8/8/24,Broker D,11877461,0.7,1.682001829,84968,Buy,1337700,1121300,0.168262664,68.55,66.59,66.61,69.64,68.4823277
NOC,8/8/24,Broker B,1115825.375,0.32,0.599564493,76585,Buy,73400,68200,0.082326416,534.38,526.45,526.65,535.97,534.3193771
PH,8/8/24,Broker B,1032480.313,0.68,1.207091451,70472,Buy,55000,55000,0.1009795,551.19,538.08,538.13,558.51,551.1192752
WMB,8/8/24,Broker C,8275608.5,0.39,0.808866858,68896,Buy,636500,636500,0.127162869,56.68,55.56,55.69,56.76,56.65419467
CDNS,8/8/24,Broker C,2427913.5,0.57,1.3736552,69006,Sell,215300,215300,0.120447441,241.44,247.7,247.6,245.36,241.4454984
MMM,8/8/24,Broker D,4530638,0.51,1.006646872,68003,Buy,298000,298000,0.064796734,127.27,124.65,124.76,128.55,127.2120667
CTAS,8/8/24,Broker D,2318209.75,0.41,0.948155165,80923,Buy,125500,125500,0.07969141,200.42,197.31,197.29,201.98,200.3534582
UPS,8/8/24,Broker A,6512738.5,0.48,0.871397614,81575,Sell,341700,341700,0.160149496,92.98,94.62,94.51,93.61,93.07597593
MSI,8/8/24,Broker B,948396.125,0.34,0.9049986,68847,Sell,78000,78000,0.19461468,401.3,408.27,408.23,401.63,401.3723117
GD,8/8/24,Broker C,1655810.125,0.36,0.714203775,73317,Sell,165200,165200,0.17950432,265.55,270.6,270.52,270.42,265.5668466
KKR,8/8/24,Broker A,7550706.5,0.9,1.628254652,87004,Buy,749100,749100,0.152916283,99.95,96.68,96.62,100.17,99.83475184
ZTS,8/8/24,Broker E,2779203.75,0.37,0.767200053,65522,Buy,142800,142800,0.049687318,147.8,145.3,145.42,149.5,147.7301422
NKE,8/8/24,Broker D,25678442,0.71,0.788271487,82833,Buy,1973000,1973000,0.193911007,54.9,53.5,53.44,56.05,54.85973369
MCO,8/8/24,Broker A,1041817.375,0.52,1.158737779,74348,Buy,54300,54300,0.130305561,413.52,406.75,406.49,416.24,413.3740665
CMG,8/8/24,Broker B,14388523,0.46,0.869820356,63064,Sell,1250500,1249600,0.118382534,44.32,45.21,45.3,44.57,44.31966883
CEG,8/8/24,Broker D,4398039.5,0.83,1.476271391,60695,Sell,320600,320600,0.102131035,182.34,188.01,188.04,184.03,182.3474143
SNPS,8/8/24,Broker B,1463162.375,0.54,1.399227858,62213,Buy,112900,112900,0.188528497,405.25,396.03,396.03,413.32,405.2026987
NEM,8/8/24,Broker E,13934138,0.49,1.032853365,62236,Sell,992500,927400,0.108510772,53.07,54.42,54.24,53.21,53.13184262
EOG,8/8/24,Broker D,4546741,0.56,0.80652982,60179,Buy,343900,343900,0.143919777,109.83,107.41,107.39,111.1,109.7509043
COF,8/8/24,Broker A,5593778,0.71,1.180324078,63005,Buy,553900,553900,0.175133991,166.26,161.51,161.65,167.46,166.1384329
ITW,8/8/24,Broker E,1335379.125,0.41,0.863521516,66773,Buy,116300,116300,0.184816324,229.58,224.9,224.9,233.56,229.4473851
DASH,8/8/24,Broker E,8294022.5,0.68,1.455383658,72765,Sell,786700,786700,0.16131791,163.56,168.95,168.72,164.56,163.6840593
FTNT,8/8/24,Broker A,5420590,0.6,1.176363707,71299,Sell,443800,443800,0.131365741,89.22,91.33,91.33,89.41,89.32892228
AZO,8/8/24,Broker A,164381.0938,0.3,0.586766005,59709,Buy,8700,8700,0.141191164,3544.78,3506.62,3506.74,3559.09,3544.721951
PYPL,8/8/24,Broker E,11983751,0.56,1.264015198,59636,Sell,752700,752700,0.094859023,57.98,59.46,59.36,58.2,58.10687404
PNC,8/8/24,Broker A,3215447.75,0.46,1.039765954,59414,Sell,175700,175700,0.08929309,145.79,148.28,148.14,146.32,145.8342799
ECL,8/8/24,Broker C,1645770.375,0.3,0.852666318,65664,Buy,82800,82800,0.091931536,232.52,229.39,229.62,233.23,232.522724
HCA,8/8/24,Broker A,1648882.375,0.33,0.669401526,78197,Buy,170300,150700,0.182170138,319.02,314.43,314.4,319.73,318.9342333
ROP,8/8/24,Broker C,670314.9375,0.35,0.779269636,57910,Sell,57500,57500,0.147816967,525.56,534.91,534.69,527.47,525.5271682
USB,8/8/24,Broker E,15376011,0.5,1.192224503,58908,Buy,1264200,1264200,0.161316062,38.29,37.25,37.41,38.29,38.17541487
REGN,8/8/24,Broker B,1086888.625,0.39,0.743007243,61073,Sell,80100,80100,0.161587356,542.87,552.97,552.85,551.25,542.9789692
APD,8/8/24,Broker B,1285565.375,0.42,0.879582047,57305,Buy,101800,101800,0.105830099,259.12,254.04,254.16,263.8,259.0610094
TRV,8/8/24,Broker B,1616036.75,0.36,0.650661469,56549,Buy,139100,139100,0.134989745,252.31,247.81,247.86,255.98,252.2712324
AEP,8/8/24,Broker D,5192580,0.26,0.428053766,56352,Sell,408300,408300,0.15612384,103.43,104.72,104.77,103.79,103.5097703
BDX,8/8/24,Broker B,2398220.25,0.32,0.611429393,56454,Buy,184800,184800,0.081880193,197.06,193.82,193.98,199.19,197.069431
APO,8/8/24,Broker A,5210564.5,0.84,1.517835021,68247,Buy,538800,495400,0.139165516,122.1,118.28,118.3,122.48,122.0359944
EMR,8/8/24,Broker E,3611822,0.55,1.123367548,54371,Buy,262500,262500,0.068352268,97.68,95.31,95.38,99.54,97.52324538
ADSK,8/8/24,Broker C,1828719.625,0.43,1.176352382,54160,Buy,122500,122500,0.164648742,255.19,250.46,250.61,257.05,255.1755784
BK,8/8/24,Broker C,4807429.5,0.46,1.002221107,53159,Buy,302700,286000,0.129575832,75.01,73.55,73.65,75.25,75.00689878
OKE,8/8/24,Broker C,4399638.5,0.61,0.982543945,51107,Sell,412600,412600,0.099191176,78.71,80.94,80.87,80.72,78.71106038
CSX,8/8/24,Broker D,17247650,0.38,0.81662339,51585,Sell,1693000,1693000,0.11140735,26.44,27,26.94,26.53,26.51078309
AFL,8/8/24,Broker E,2209897.75,0.37,0.651851058,57294,Buy,187600,187600,0.190482236,105.73,103.48,103.73,107.3,105.6363463
KMI,8/8/24,Broker D,14069475,0.41,0.77816236,57307,Sell,1298600,1298600,0.198898823,24.87,25.43,25.36,25.29,24.91710657
CPRT,8/8/24,Broker D,5663842.5,0.31,1.003289819,56739,Sell,340700,340700,0.168838064,57.26,58.06,58.03,57.96,57.31344057
ALL,8/8/24,Broker B,2196536,0.42,0.638867438,49568,Buy,167600,167600,0.143513054,188.27,184.62,184.71,190.66,188.2038943
O,8/8/24,Broker B,6787345.5,0.28,0.546792388,51687,Sell,462500,462500,0.196942144,56.32,57.16,57.11,56.98,56.38571022
JCI,8/8/24,Broker D,4893669.5,0.52,1.112372398,49147,Buy,478900,416400,0.148710024,75.22,73.55,73.57,75.5,75.18933059
HLT,8/8/24,Broker E,3031887.5,0.45,0.915118396,49023,Sell,227300,227300,0.14949661,196.67,201.15,200.92,198.67,196.7392235
MAR,8/8/24,Broker B,2279838,0.52,1.014037013,59395,Buy,173000,173000,0.146549551,217.32,212.53,212.54,217.41,217.2557295
HWM,8/8/24,Broker D,3149206.5,0.62,1.214276791,48321,Sell,161100,161100,0.092924825,115.39,118.09,117.91,115.61,115.4405689
NSC,8/8/24,Broker D,1405256,0.42,0.922046959,49532,Buy,104000,104000,0.095719147,218.75,214.78,214.87,220.41,218.6940735
COR,8/8/24,Broker C,2001972.375,0.23,0.437819302,54464,Sell,199000,176600,0.195021299,274.25,277.94,277.75,277.33,274.2644363
RSG,8/8/24,Broker B,1455583.875,0.28,0.62843889,74483,Buy,139700,139700,0.088849322,239.65,235.77,235.99,240.94,239.575292
SLB,8/8/24,Broker B,21908206,0.69,0.939860463,47078,Buy,1170200,1170200,0.119693362,34.8,34,33.97,35.23,34.72798723
ABNB,8/8/24,Broker A,6031917,0.64,1.223857641,71612,Buy,494600,494600,0.103496258,112.36,109.79,109.68,113.16,112.2382127
CARR,8/8/24,Broker C,5284097.5,0.48,1.201488495,50267,Sell,488600,488600,0.195423953,56.05,57.42,57.32,56.61,56.05348969
AIG,8/8/24,Broker E,6132646.5,0.39,0.718751848,46340,Buy,523000,523000,0.128531311,80.46,78.61,78.88,80.78,80.34410114
DLR,8/8/24,Broker D,2638210.25,0.42,0.910633385,50244,Sell,242900,242900,0.133811193,141.06,143.83,143.87,143.09,141.1264657
RCL,8/8/24,Broker D,3211878.75,0.77,1.301109672,51454,Sell,286500,286500,0.104008065,179.56,185.5,185.25,181.86,179.6212051
EXC,8/8/24,Broker E,9899152,0.27,0.404019773,46671,Buy,754500,754500,0.178826653,46.48,45.71,45.79,46.93,46.40267984
KR,8/8/24,Broker B,8351748.5,0.33,0.378295392,47789,Buy,420000,420000,0.198830617,72.23,71.26,71.23,72.3,72.18347051
KMB,8/8/24,Broker B,2202193.5,0.27,0.478593826,46454,Sell,214300,214300,0.099127608,136.49,138.68,138.59,137.25,136.5384983
WDAY,8/8/24,Broker D,2488970.25,0.44,1.046601534,56951,Buy,244500,232800,0.158087227,215.25,210.75,210.95,218.34,215.198325
FCX,8/8/24,Broker C,21833502,0.87,1.440998435,47352,Buy,1466100,1466100,0.146272927,33.21,32.12,32.21,33.23,33.22728767
TFC,8/8/24,Broker A,12838491,0.54,1.143862844,46093,Buy,1143100,1143100,0.180095359,35.74,35,34.97,36.17,35.64535375
FAST,8/8/24,Broker D,4317566.5,0.41,0.823430419,46056,Buy,272300,272300,0.157739505,81.09,79.67,79.75,82.01,81.05682969
PSA,8/8/24,Broker A,899280.375,0.35,0.74413836,50443,Buy,96200,84800,0.154029257,288.58,284.09,284.13,289.91,288.4942866
FICO,8/8/24,Broker D,192598.1719,0.51,1.182162404,44345,Buy,15400,15400,0.089830101,1830,1791.23,1791.35,1849.84,1829.983511
PAYX,8/8/24,Broker D,2656627.25,0.41,0.755127072,50567,Buy,238400,238400,0.092200214,140.91,138.17,138.28,142.84,140.8437886
PCAR,8/8/24,Broker A,3600774.75,0.46,0.874807894,45822,Sell,229600,229600,0.181981376,83.71,85.05,85.15,84.7,83.79948007
SPG,8/8/24,Broker B,2080938.375,0.52,1.014560699,48024,Buy,139700,139700,0.116022655,149.07,145.84,145.92,151.63,148.9667847
ROST,8/8/24,Broker E,3821738.5,0.38,0.791156411,44554,Buy,232900,232900,0.117462277,135.99,133.7,133.64,136.74,135.8886105
FDX,8/8/24,Broker A,2370554,0.6,0.871101379,49147,Buy,231200,212900,0.176042811,206.07,201.1,201.24,206.65,205.9583786
SRE,8/8/24,Broker C,5377201,0.39,0.737867653,45934,Buy,344100,344100,0.136243297,70.29,69.08,69.13,71.24,70.28531041
CCI,8/8/24,Broker C,4355920.5,0.42,0.537642241,44471,Buy,426100,426100,0.092954846,103,100.79,100.93,104.83,102.9711196
KVUE,8/8/24,Broker E,17303216,0.31,0.598850489,42729,Buy,1197200,1197200,0.082253942,22.5,22.02,22.15,22.72,22.45151008
AMP,8/8/24,Broker C,587742.8125,0.54,1.200113416,43226,Buy,52400,52400,0.111150655,456.8,445.95,446.12,460.1,456.7873782
D,8/8/24,Broker D,5696607,0.35,0.531895697,44366,Buy,420100,420100,0.145905304,52.24,51.42,51.43,52.36,52.21649818
GWW,8/8/24,Broker A,300362.875,0.31,0.898724616,47149,Buy,21200,21200,0.077159853,980.21,968.11,968.06,988.11,980.1434593
GM,8/8/24,Broker A,17818398,0.47,1.023413062,42893,Sell,1442700,1442700,0.095193161,42.82,43.77,43.64,43.47,42.92079571
NXPI,8/8/24,Broker A,3608436.75,0.87,1.313321352,43496,Sell,237400,237400,0.085798918,161.93,166.6,166.73,163.88,161.9882217
TGT,8/8/24,Broker A,9577029,0.59,0.745406866,42724,Buy,927100,927100,0.196266174,93.04,90.85,90.83,93.34,92.92441857
MSCI,8/8/24,Broker B,605950.1875,0.44,0.953426242,41399,Sell,31100,31100,0.189976595,516.41,525.77,525.58,516.84,516.4253143
KDP,8/8/24,Broker E,14291824,0.25,0.479637235,47907,Buy,970200,970200,0.081718911,35.56,34.98,35.08,35.72,35.4357753
EW,8/8/24,Broker C,4871998.5,0.29,0.932674706,40680,Buy,247600,247600,0.179662086,69.55,68.63,68.7,69.7,69.57263404
MET,8/8/24,Broker A,4264862,0.57,0.970704496,47958,Sell,330900,330900,0.075560224,68.15,69.62,69.66,69.15,68.21744204
PEG,8/8/24,Broker D,3184916.75,0.3,0.649215996,40010,Sell,312800,261000,0.132103785,77.96,79.27,79.1,78.89,78.03113482
VRSK,8/8/24,Broker D,1055410.375,0.32,0.653001904,39793,Buy,57000,57000,0.150492014,285.52,281.87,281.83,287.3,285.4682441
LHX,8/8/24,Broker D,1484300.75,0.31,0.786988199,40194,Buy,84000,84000,0.115809677,214.21,211.38,211.47,215.3,214.1528356
CTVA,8/8/24,Broker B,3840735.75,0.42,0.811250389,40380,Buy,312300,312300,0.178361692,59.65,58.58,58.5,60.57,59.61561682
PSX,8/8/24,Broker D,3662350.5,0.67,0.967380404,39525,Buy,366100,338000,0.106124592,98.44,95.7,95.76,99.57,98.44405838
MNST,8/8/24,Broker C,6403771.5,0.29,0.588039458,56453,Sell,544700,544700,0.178363651,55.97,57.01,56.81,56.38,55.95710957
AXON,8/8/24,Broker B,729520.5,0.59,1.405653238,42188,Buy,70800,62700,0.167074936,544.93,531.22,531.24,548.68,544.8473635
MPC,8/8/24,Broker B,3156129.25,0.66,0.903885305,39477,Sell,174900,174900,0.144096918,120.99,124,123.97,121.89,121.0108684
XEL,8/8/24,Broker E,3795987.5,0.26,0.411776662,39727,Sell,374500,374500,0.162651332,67.16,68.19,68.24,67.68,67.27128797
DFS,8/8/24,Broker D,2594477.75,0.77,1.18055141,41593,Sell,281900,255300,0.176992359,156.46,161.63,161.61,161.46,156.5060191
YUM,8/8/24,Broker C,2512590.25,0.33,0.630044401,39132,Sell,212700,212700,0.120825855,136.88,139.03,139.14,137.39,136.9053401
FIS,8/8/24,Broker B,4254328,0.48,0.729293287,40453,Buy,374400,374400,0.115796948,77.15,75.56,75.47,78.26,77.08691621
PWR,8/8/24,Broker C,1551233.25,0.53,1.243507385,37625,Buy,147800,147800,0.127058979,257.14,251.04,251.07,258.73,257.104435
VST,8/8/24,Broker C,8435292,0.94,1.630477905,36234,Sell,793700,793700,0.177726398,99.32,103.34,103.13,102.51,99.35213622
OTIS,8/8/24,Broker A,2712143.75,0.37,0.794259965,38396,Sell,248900,233500,0.150046337,94.57,96.12,96.09,94.93,94.6719667
ED,8/8/24,Broker E,3002038.25,0.26,0.309197754,39968,Buy,190500,190500,0.075856179,111.55,109.98,110.03,112.65,111.4502385
CMI,8/8/24,Broker C,1025966.188,0.55,1.032185197,37770,Sell,61800,61800,0.152619148,263.34,269.24,269.03,268.87,263.3276863
URI,8/8/24,Broker C,761241.625,0.55,1.479452729,37278,Buy,68500,68500,0.140584782,575.8,562,562.11,576.15,575.7791626
TEL,8/8/24,Broker D,2187387,0.51,1.162813902,38413,Sell,197900,183800,0.085702119,123.77,126.53,126.55,124.81,123.8274508
BKR,8/8/24,Broker C,8978361,0.68,0.912857592,37435,Buy,969100,820100,0.123967299,38.28,37.39,37.21,38.56,38.23616043
TRGP,8/8/24,Broker B,2373329,0.71,1.006133914,35801,Buy,121200,121200,0.069045363,166.25,162.14,162.25,168.44,166.2282842
PCG,8/8/24,Broker C,18206530,0.3,0.577123642,37009,Buy,1077600,987100,0.123899251,17.05,16.7,16.83,17.05,17.00431518
F,8/8/24,Broker E,154269360,0.51,0.947989166,37658,Buy,8256700,8180300,0.171115376,9.67,9.35,9.47,9.61,9.586472322
AME,8/8/24,Broker C,1552392.625,0.38,0.908328295,35823,Sell,86400,86400,0.055358359,151.29,153.73,153.69,152.35,151.2722988
HES,8/8/24,Broker D,2205686.5,0.57,0.845936716,39072,Buy,114400,114400,0.172839803,127.53,124.92,125.01,129.25,127.5273564
ETR,8/8/24,Broker A,5055218.5,0.32,0.588191152,35935,Sell,365900,332500,0.091955547,78.4,79.48,79.4,79.38,78.49064649
PRU,8/8/24,Broker B,2169791,0.52,0.964037359,34333,Sell,132700,132700,0.160604988,93.69,95.76,95.69,94.36,93.75734533
SYY,8/8/24,Broker E,3494709.5,0.33,0.499918789,34951,Sell,265400,265400,0.114158933,69.51,70.79,70.72,70.23,69.58690773
TTWO,8/8/24,Broker E,1877009.375,0.37,0.942398071,36210,Buy,182900,182900,0.137876341,206.46,202.41,202.39,209.14,206.3992684
VLO,8/8/24,Broker B,4028594.5,0.69,1.000251889,34226,Buy,275300,275300,0.121322924,109.75,106.83,106.89,111.77,109.6425869
CBRE,8/8/24,Broker C,2165243.75,0.44,1.102758408,34651,Buy,124300,124300,0.14356017,115.79,113.74,113.79,116.38,115.806708
ACGL,8/8/24,Broker E,1782318.875,0.41,0.650769889,33736,Buy,165000,164400,0.107497888,90.88,88.95,88.99,91.56,90.70497076
EA,8/8/24,Broker D,3472875.25,0.31,0.707976997,36989,Sell,240800,240800,0.069053026,138.82,141.04,140.79,140,138.8988756
WEC,8/8/24,Broker B,2579657.75,0.21,0.450434834,34130,Sell,174500,174500,0.165346085,104.98,106,106.17,105.46,105.0275333
DHI,8/8/24,Broker E,3912135,0.41,0.862580538,38054,Sell,358000,334200,0.140601908,115.22,117.75,117.65,115.37,115.3320389
CTSH,8/8/24,Broker D,4620921.5,0.45,0.897250831,33549,Buy,317900,317900,0.11872004,68.24,67.18,67,68.92,68.16532833
VICI,8/8/24,Broker C,8872924,0.29,0.661714256,33973,Sell,722800,622000,0.105949961,31.3,31.77,31.74,31.48,31.29522941
HIG,8/8/24,Broker C,1744182.625,0.36,0.681961477,32598,Sell,96000,96000,0.075251088,111.71,113.27,113.4,112.05,111.6868992
IDXX,8/8/24,Broker D,920356.4375,0.47,1.024811983,32955,Sell,85200,85200,0.183425727,394.22,402.85,402.83,394.92,394.244072
CSGP,8/8/24,Broker B,3336447.5,0.46,1.052419782,32817,Buy,317800,317800,0.118978289,78.55,76.92,76.84,78.79,78.52808241
CHTR,8/8/24,Broker E,1460611,0.5,0.81772697,51101,Buy,73600,73600,0.078281823,325.99,319.65,319.6,329.41,325.8745447
CAH,8/8/24,Broker B,2750151.25,0.3,0.615272462,31686,Buy,243900,243900,0.141123219,131.63,129.52,129.57,132.87,131.586598
WTW,8/8/24,Broker B,719839.0625,0.32,0.564704597,31380,Buy,70800,61000,0.185468981,317.18,311.86,312.06,322,317.122962
GLW,8/8/24,Broker C,7247951.5,0.55,1.127289295,34871,Buy,559900,559900,0.126624874,41.11,40.16,40.18,41.4,41.07865767
VMC,8/8/24,Broker E,1552427.25,0.32,0.91711092,30934,Sell,142300,142300,0.107161862,227.51,231.76,231.64,231.17,227.6243765
HUM,8/8/24,Broker E,1663929.125,0.52,0.504744947,29680,Buy,99600,98600,0.141268324,249.19,243.65,243.9,249.32,249.0608222
EBAY,8/8/24,Broker C,5998861,0.38,0.746352613,30584,Buy,337900,337900,0.101110931,65.76,64.68,64.75,66.54,65.74985998
GIS,8/8/24,Broker C,7428856.5,0.32,0.222607225,31580,Buy,383000,383000,0.058831069,58.12,57.17,57.35,58.57,58.08505311
RMD,8/8/24,Broker E,1162067.625,0.38,1.053770781,30970,Sell,67000,67000,0.081073737,205.67,209.31,209.29,208.18,205.7695685
IT,8/8/24,Broker C,862088.0625,0.45,1.129665256,30243,Buy,64000,64000,0.078020879,394.39,386.66,386.81,398.88,394.3882617
EQT,8/8/24,Broker C,8427179,0.55,1.113951445,28486,Buy,825200,825200,0.139355323,48.55,47.29,47.36,48.9,48.5204237
MLM,8/8/24,Broker E,607821.625,0.33,0.953669608,29395,Buy,55600,55600,0.187947225,487.76,478.86,479.04,489.19,487.5883392
CNC,8/8/24,Broker D,4603081,0.31,0.406555951,28776,Sell,338200,316200,0.078216383,57.18,57.85,57.99,57.49,57.21199293
EXR,8/8/24,Broker B,1285439.375,0.39,0.8493523,29330,Sell,124800,124800,0.144999615,133.34,136.34,136.04,133.7,133.3940833
NDAQ,8/8/24,Broker C,3591433.75,0.46,0.828990459,40567,Buy,266300,266300,0.074166847,71.31,69.88,69.92,72.4,71.27909161
VTR,8/8/24,Broker A,3759618.25,0.28,0.697105527,29243,Buy,268700,268700,0.177314179,66.81,65.86,66.05,66.89,66.68676496
GRMN,8/8/24,Broker A,1260726.25,0.65,0.991939723,35947,Buy,81800,81800,0.087586112,187.99,183.75,183.83,190.11,187.9515237
A,8/8/24,Broker B,2477031.75,0.47,0.998218417,28584,Buy,279300,240400,0.188352011,101.49,99.12,99.23,103.46,101.444352
WAB,8/8/24,Broker A,1099454.375,0.48,1.110182405,28560,Sell,71800,71800,0.178659741,162.26,165.17,165.18,164.29,162.3339115
IR,8/8/24,Broker E,3131694,0.52,1.183133483,28103,Buy,228200,228200,0.16572815,70.65,68.97,69.05,71.58,70.57185752
STZ,8/8/24,Broker D,2573782.25,0.32,0.651316345,33844,Buy,173600,173600,0.113663834,185.61,183.1,183.02,187.81,185.5716322
AWK,8/8/24,Broker D,1828562.625,0.3,0.470711619,28692,Buy,103400,103400,0.149347356,147.87,145.83,146.02,149.17,147.8146514
AVB,8/8/24,Broker E,957343.8125,0.39,0.853089452,28729,Sell,48800,48800,0.159592251,195.71,198.94,199.08,198.52,195.82555
ODFL,8/8/24,Broker D,1910647.125,0.58,1.112155557,31794,Buy,147400,147400,0.188376663,150.65,147.05,147.19,152.4,150.606828
GEHC,8/8/24,Broker E,5121890.5,0.71,1.147836328,27690,Sell,442500,374300,0.141878023,58.18,59.95,59.91,59.34,58.27041642
LULU,8/8/24,Broker E,3117086,0.75,0.817370057,30631,Sell,256100,256100,0.16253892,237.76,245.6,245.43,239.46,237.8599764
BRO,8/8/24,Broker C,1961675.125,0.32,0.701902211,32509,Sell,131000,131000,0.089253682,110.22,111.95,111.86,110.77,110.272747
DTE,8/8/24,Broker A,1640223.5,0.26,0.47982955,27347,Buy,155900,155900,0.173520113,131.85,130.19,130.27,131.86,131.6928319
BR,8/8/24,Broker C,621545.6875,0.36,0.782384157,26690,Buy,40600,40600,0.088711182,228.66,225.12,225.09,229.3,228.5832518
EFX,8/8/24,Broker E,1234932.125,0.52,1.309583545,26868,Buy,91100,91100,0.154069987,218.65,213.55,213.67,221.71,218.5130504
OXY,8/8/24,Broker C,15108736,0.7,0.679570973,36670,Buy,1447900,1447900,0.108834075,39.43,38.36,38.29,39.47,39.40385977
XYL,8/8/24,Broker C,1987830.125,0.41,1.123633265,26408,Buy,130600,129500,0.143886056,109.11,107.04,107.24,110.59,109.0544717
TSCO,8/8/24,Broker C,5318770.5,0.45,0.765961647,26363,Buy,502000,502000,0.175594127,50.05,48.9,49.01,50.19,50.01026833
DXCM,8/8/24,Broker C,4825727,0.55,1.070894837,25922,Sell,442100,442100,0.133249016,63.55,65.11,65.15,63.91,63.56958257
AEE,8/8/24,Broker E,2107070.25,0.25,0.507441759,26065,Buy,116700,116700,0.130345954,96.5,95.27,95.27,96.54,96.40968705
MTB,8/8/24,Broker C,1625571.25,0.47,0.980700493,25756,Buy,94900,87200,0.077255991,157.84,154.98,155.04,157.84,157.8375171
ANSS,8/8/24,Broker A,632879.5625,0.41,1.127478838,26115,Buy,31900,31900,0.155192747,297.61,293.46,293.51,300.89,297.4674533
DELL,8/8/24,Broker D,8990889,0.93,1.688794136,57495,Sell,564900,551400,0.185091498,78.22,80.74,80.73,79.2,78.25895426
PPL,8/8/24,Broker B,5713525,0.25,0.522806942,26096,Buy,525000,442900,0.133195546,35.27,34.78,34.81,35.24,35.23576635
ROK,8/8/24,Broker D,1085357.25,0.53,1.038438201,25660,Sell,63800,63800,0.157462674,217.34,222.06,221.76,220.15,217.432772
DAL,8/8/24,Broker C,15970300,0.95,1.207352281,25772,Buy,1093400,1093400,0.162790959,40.22,38.8,38.92,40.97,40.20528972
NUE,8/8/24,Broker B,2965347.25,0.63,1.079811215,24614,Buy,226400,195800,0.098975039,108.78,105.92,106.16,109.1,108.7556833
CHD,8/8/24,Broker B,1830031.375,0.27,0.411989838,25384,Sell,144600,144600,0.121125269,100.83,102.38,102.28,100.98,100.8832734
FANG,8/8/24,Broker C,3052251.25,0.82,0.885042548,38922,Buy,273700,273700,0.103162241,134.68,130.33,130.4,134.69,134.6578704
KHC,8/8/24,Broker A,12042805,0.33,0.360269487,35730,Sell,684900,684900,0.073505588,28.91,29.39,29.27,29.15,29.05649584
DD,8/8/24,Broker C,3624361,0.71,0.984351695,25156,Buy,242000,242000,0.193074434,60.18,58.5,58.62,60.24,60.17247193
MPWR,8/8/24,Broker D,1145968.625,1.11,1.914679885,24331,Buy,107200,94900,0.139605698,516.31,496.4,496.67,524.92,516.2404877
ATO,8/8/24,Broker B,1068291.25,0.23,0.55874145,24847,Sell,72500,72500,0.1534442,152.34,154.43,154.19,153.53,152.4108119
IRM,8/8/24,Broker B,2148413.75,0.49,1.041708589,24072,Buy,145600,145600,0.162338695,82.18,80.47,80.51,83.43,82.16591288
SBAC,8/8/24,Broker E,1136725.875,0.32,0.55840081,24366,Buy,95900,80900,0.197189354,225.98,222.32,222.32,228.75,225.8650098
HSY,8/8/24,Broker D,1714671.625,0.32,0.440539747,33721,Buy,133000,133000,0.183660661,167.31,164.72,164.85,167.29,167.1925798
RJF,8/8/24,Broker E,1904403.75,0.49,1.124410748,26810,Buy,129000,113900,0.168947763,132.18,129.47,129.48,132.62,132.0505574
TPL,8/8/24,Broker D,145288.7344,0.87,1.070005655,28707,Sell,9800,9800,0.184009303,1183.05,1220.38,1220.34,1193.5,1183.144003
LEN,8/8/24,Broker C,3604617.5,0.41,0.952108204,27192,Buy,195300,189600,0.191819897,104.26,102.62,102.6,104.9,104.2750414
IP,8/8/24,Broker A,6315342,0.57,0.763397038,23786,Buy,582700,582700,0.118488003,45.68,44.63,44.64,46.17,45.52216196
TYL,8/8/24,Broker E,289309.8438,0.37,0.932694316,23947,Buy,22200,22200,0.15755128,557.96,547.76,547.76,565.21,557.8268693
GDDY,8/8/24,Broker A,1731630.75,0.4,1.121523619,23532,Buy,151200,151200,0.13985278,166.96,164.07,164.17,169.37,166.8321175
CNP,8/8/24,Broker B,6544230,0.2,0.511033058,23818,Sell,546000,546000,0.156835697,35.49,36.15,35.91,35.71,35.55049681
IQV,8/8/24,Broker D,2062076.375,0.54,0.965077341,24899,Buy,127900,124900,0.100246616,140.38,137.49,137.57,143.01,140.325024
DRI,8/8/24,Broker E,1471352.875,0.41,0.675583124,23062,Buy,97100,97100,0.155602144,198.58,194.89,194.87,200.32,198.4787857
STT,8/8/24,Broker E,2406070.25,0.51,0.965664208,23269,Buy,134000,134000,0.104857639,81.38,79.56,79.71,82.46,81.30365974
KEYS,8/8/24,Broker B,1073229.625,0.59,1.460006237,22790,Buy,101100,101100,0.137519172,133.48,129.88,130.02,135.49,133.4560609
EQR,8/8/24,Broker E,2058523.25,0.41,0.833705187,25639,Buy,123300,123300,0.10033006,67.84,66.52,66.61,68.86,67.73723201
PPG,8/8/24,Broker E,2583960.25,0.52,0.913599849,22561,Buy,260500,232800,0.193843858,100.89,98.34,98.44,102.15,100.7270774
FITB,8/8/24,Broker B,6024540,0.51,1.154086709,22261,Sell,410500,410500,0.095548165,32.16,32.79,32.86,32.35,32.21612283
ADM,8/8/24,Broker E,5736518,0.43,0.613135517,23091,Buy,533900,533900,0.126583343,48.35,47.21,47.31,48.66,48.21070161
CBOE,8/8/24,Broker B,1028178.75,0.3,0.335441858,22449,Buy,93300,93300,0.141274119,217.49,214.01,214.06,218.45,217.3799851
EXE,8/8/24,Broker A,6257997,0.43,0.875163198,23791,Buy,566400,566400,0.154688579,103.05,101.22,101.2,104.08,102.9683421
HPQ,8/8/24,Broker A,10433243,0.69,1.06854558,22389,Buy,981400,881900,0.138828942,23.76,23.11,23.15,23.97,23.68047665
FTV,8/8/24,Broker E,2953923,0.5,1.015593648,21779,Buy,162400,162400,0.148158063,64.44,63.12,63.14,64.97,64.3382395
EIX,8/8/24,Broker D,3870291.5,0.38,0.615453899,21488,Sell,333300,333300,0.090458052,54.16,55.27,55.13,54.45,54.23634712
K,8/8/24,Broker E,2832324.25,0.04,0.390702844,28449,Buy,200700,200700,0.193424573,82.72,82.15,82.34,82.88,82.64569773
VLTO,8/8/24,Broker E,1591432.75,0.37,1.5,21630,Buy,105700,105700,0.145650908,87.91,86.33,86.37,89.24,87.87050036
DOV,8/8/24,Broker E,1323083.75,0.51,1.118279934,21659,Sell,68800,68800,0.123787225,152.1,155.45,155.28,154.98,152.1995282
STE,8/8/24,Broker E,602092.9375,0.32,0.631336212,21495,Sell,36000,36000,0.084479545,212.51,215.91,215.87,215.87,212.6343419
UAL,8/8/24,Broker D,12011164,1.08,1.18553853,21399,Buy,616400,616400,0.155793389,65.41,63.23,63.34,66.02,65.39750571
CMS,8/8/24,Broker E,2745851.25,0.23,0.402545393,21566,Sell,148000,148000,0.19049114,70.37,71.47,71.23,71.04,70.43615196
FE,8/8/24,Broker B,5861474.5,0.28,0.476894647,24124,Buy,585300,585300,0.142982499,42.08,41.22,41.43,42.43,42.0221076
NVR,8/8/24,Broker D,26889.36719,0.39,0.721931219,21180,Buy,2300,2300,0.106381134,7134.51,7008.27,7008.43,7149.78,7134.455527
CPAY,8/8/24,Broker B,511122.2813,0.7,1.102929354,20953,Sell,46000,46000,0.154602515,285.31,294.05,294.04,292.16,285.3862836
TDY,8/8/24,Broker B,304619.3125,0.41,0.851020634,21234,Buy,19800,19800,0.172352567,455.54,447.45,447.51,460.23,455.5290237
ES,8/8/24,Broker D,2653985.75,0.35,0.498877913,20696,Buy,157600,157600,0.190546212,56.14,55.56,55.34,56.25,56.10497978
MTD,8/8/24,Broker B,196380.4375,0.55,1.060753942,20219,Sell,19700,18800,0.108814154,938.04,962.54,962.47,947.09,938.1034513
MCHP,8/8/24,Broker A,13373664,1.16,1.530130506,21206,Buy,958500,958500,0.157833008,38.9,37.41,37.5,39.97,38.81895262
CINF,8/8/24,Broker B,926051.375,0.41,0.634547472,19996,Buy,92100,85800,0.133908723,129.24,126.45,126.68,131.49,129.1916412
WRB,8/8/24,Broker A,2284885,0.37,0.595682919,25539,Buy,207800,207800,0.180045371,67.61,66.59,66.53,67.54,67.49871276
DG,8/8/24,Broker D,5504300.5,0.46,0.147626966,21029,Buy,352000,352000,0.196245361,95.04,93.16,93.32,96.48,95.03139732
SW,8/8/24,Broker C,4414833.5,0.57,1.5,21286,Buy,432800,432800,0.172175394,41.23,40.35,40.19,41.41,41.20910131
CDW,8/8/24,Broker A,1711498.375,0.53,1.044915199,19557,Sell,153700,153700,0.154347719,143.61,146.98,146.79,146.12,143.6884416
VRSN,8/8/24,Broker D,912534.6875,0.29,0.593307614,22717,Sell,54200,54200,0.160113466,236.32,239.4,239.32,237.44,236.3946656
LYV,8/8/24,Broker B,2976203.75,0.53,1.095992446,28820,Buy,259000,243900,0.136384525,125.07,122.08,122.21,127.65,125.0556506
DVN,8/8/24,Broker D,10589528,0.85,0.784066737,19133,Buy,937100,937100,0.084777772,30.09,29.06,29.13,30.85,30.08301605
HPE,8/8/24,Broker A,29635630,0.83,1.436243892,19467,Buy,2871900,2449600,0.184491515,15.03,14.55,14.59,15.23,14.93419068
HBAN,8/8/24,Broker D,25923222,0.59,1.129999638,19676,Buy,2484800,2484800,0.176979836,13.84,13.36,13.49,13.85,13.72389206
NRG,8/8/24,Broker C,3331282.75,0.74,1.218113065,18959,Buy,325200,325200,0.148158592,93.68,90.84,90.84,95.6,93.69201885
DOW,8/8/24,Broker A,9681285,0.76,0.934338987,19846,Sell,630500,566800,0.144090004,27.02,27.71,27.7,27.51,27.10948121
HAL,8/8/24,Broker A,14295516,0.79,0.9959566,18895,Buy,1159700,1159700,0.17425606,22.2,21.64,21.58,22.13,22.09806708
TROW,8/8/24,Broker B,2628548.75,0.55,1.24284482,18568,Buy,156500,156500,0.153286563,84.58,82.86,82.79,84.88,84.51669394
ZBH,8/8/24,Broker B,2224673.75,0.3,0.66424644,19026,Buy,198100,198100,0.175782633,94.65,93.1,93.17,94.74,94.68400556
PHM,8/8/24,Broker B,2378124.5,0.43,0.928031027,18770,Buy,160600,160600,0.095479447,93.62,91.76,91.89,93.82,93.56535423
INVH,8/8/24,Broker D,3488844.75,0.31,0.804176807,20470,Buy,279600,279600,0.091997877,33.38,32.9,32.9,33.6,33.35828955
WAT,8/8/24,Broker D,577985.25,0.53,0.874369264,18814,Sell,46000,46000,0.165964836,306.17,313.02,313.12,310.59,306.2525623
CTRA,8/8/24,Broker C,7670125,0.45,0.794653773,18957,Sell,662700,662700,0.129314534,23.96,24.61,24.47,24.2,23.9716065
MKC,8/8/24,Broker B,2814116.5,0.32,0.453034908,20013,Buy,212400,212400,0.141333981,75.36,73.99,74.19,75.56,75.32497035
CCL,8/8/24,Broker D,30730354,0.84,1.585720658,22498,Sell,2543500,2543500,0.161219997,16.49,17.05,17.04,16.61,16.57745778
WY,8/8/24,Broker B,3923671.75,0.41,0.926903367,17921,Sell,411700,391200,0.151167864,23.92,24.45,24.43,24.41,23.96887596
EXPE,8/8/24,Broker B,2731665,0.76,1.383257627,18899,Buy,213900,213900,0.186913151,148.57,144.2,144.23,150.78,148.5756305
SYF,8/8/24,Broker A,5665065,0.79,1.195883751,18361,Buy,561300,561300,0.173289461,48.09,46.38,46.64,48.01,47.99617017
IFF,8/8/24,Broker E,2113117.5,0.43,0.765907586,18594,Buy,176300,175600,0.121580348,73.52,71.81,71.99,73.92,73.37921605
NI,8/8/24,Broker E,5584637.5,0.29,0.636198223,17935,Sell,503000,503000,0.135727755,37.03,37.76,37.65,37.12,37.08161245
MAA,8/8/24,Broker E,1073008.875,0.33,0.744632661,18099,Buy,92300,92300,0.079492876,155.98,153.29,153.25,158.12,155.843222
LDOS,8/8/24,Broker A,1774806.75,0.33,0.886574626,17724,Buy,99900,99900,0.124754299,138.58,136.91,136.92,138.71,138.5067506
HUBB,8/8/24,Broker D,752433.75,0.47,1.161202312,17637,Sell,56500,56500,0.072228643,318.57,325.08,325.01,323.42,318.5843882
DGX,8/8/24,Broker D,1434326.75,0.25,0.461955011,17963,Buy,125900,114700,0.154568793,162.18,160.02,160.19,163.13,162.1143238
WBD,8/8/24,Broker E,44823424,1.01,1.16329062,19642,Buy,3993600,3605100,0.141788834,8.06,7.75,7.76,8.04,7.952608473
LH,8/8/24,Broker D,818770,0.33,0.56757921,17756,Sell,43000,43000,0.10782054,206.53,209.38,209.3,208.17,206.5587966
MOH,8/8/24,Broker E,752848.375,0.42,0.305419803,16524,Sell,51700,51700,0.158053243,293.55,299.65,299.42,294.26,293.6286797
LII,8/8/24,Broker E,457593.5,0.48,1.069374204,19202,Sell,32700,32700,0.182033472,522.57,534.36,534.21,526.7,522.7364135
ESS,8/8/24,Broker B,526468.6875,0.42,0.903372884,17425,Buy,44100,44100,0.186474934,272.72,267.22,267.4,274.06,272.6694005
RF,8/8/24,Broker B,11484495,0.53,1.14174211,17285,Buy,787000,787000,0.070833788,19.48,18.83,19.06,19.74,19.40498587
TSN,8/8/24,Broker C,2524327,0.29,0.444923162,21653,Buy,219500,219500,0.113712421,61.21,60.18,60.31,61.96,61.23741816
BIIB,8/8/24,Broker C,1859786.375,0.44,0.701340735,17051,Sell,93100,93100,0.183648795,113.46,115.45,115.4,113.72,113.4842281
PODD,8/8/24,Broker D,913339.9375,0.47,1.104999661,16754,Sell,83400,83400,0.142772332,232.38,237.5,237.43,233.07,232.4463502
NTRS,8/8/24,Broker D,1545806.5,0.52,1.090333939,16920,Buy,85500,85500,0.083731696,87.43,85.72,85.78,88.11,87.34047639
PTC,8/8/24,Broker C,1066607.125,0.44,1.078693867,16800,Sell,95900,95900,0.171777883,135.48,138.32,138.33,136.7,135.4730338
CLX,8/8/24,Broker A,1512404.375,0.23,0.525460303,17079,Buy,129500,129500,0.085866264,138.34,136.71,136.91,139.4,138.2424719
GPN,8/8/24,Broker A,3507925.75,0.84,0.966453552,16589,Buy,192400,192400,0.081638195,67.7,65.93,65.98,68.21,67.6225676
WSM,8/8/24,Broker B,3767200.25,0.79,1.285576701,17028,Buy,323200,298100,0.084475764,138.73,134.44,134.55,140.55,138.7092726
NTAP,8/8/24,Broker C,2661723.75,0.59,1.255655408,16615,Sell,192400,165900,0.100387725,78.58,80.64,80.39,79.74,78.58361635
STLD,8/8/24,Broker D,2060822.125,0.57,1.085546494,17021,Buy,110900,110900,0.064515249,114.89,112.72,112.59,115.68,114.866171
PKG,8/8/24,Broker A,1002152,0.39,0.758322477,16373,Buy,64600,64600,0.180595033,182.49,179.72,179.84,182.38,182.3740632
ULTA,8/8/24,Broker B,1273502.75,0.66,0.72329247,16568,Sell,94400,94400,0.186795978,340.68,350.1,349.99,344.92,340.7519515
FDS,8/8/24,Broker D,352102.2813,0.36,0.788227975,15673,Buy,30500,30500,0.199301355,416.27,409.2,409.31,418.07,416.2976304
DPZ,8/8/24,Broker B,719962.3125,0.39,0.976678789,16060,Buy,44500,44500,0.100233312,471.11,462.93,463.23,478.73,471.0640345
DECK,8/8/24,Broker D,3603507.5,0.77,0.957816899,15716,Buy,215700,215700,0.144736603,103.04,100.26,100.36,104.34,102.9892309
STX,8/8/24,Broker E,4192351,0.75,1.502993703,15652,Buy,426800,366500,0.169445425,74.96,72.62,72.64,76.3,74.90191915
SNA,8/8/24,Broker A,519470.875,0.45,0.87209785,15288,Sell,37800,34900,0.096852062,284.81,289.81,289.71,287.98,284.8651244
DLTR,8/8/24,Broker E,6869030,0.79,0.797286034,17131,Sell,624600,624600,0.10455349,75.08,77.98,77.69,75.89,75.1710632
GPC,8/8/24,Broker A,1654921.25,0.42,0.686277211,15519,Buy,124900,124900,0.148018352,112.55,110.65,110.7,113.3,112.4065904
SMCI,8/8/24,Broker B,53867424,1.05,2.397611856,17514,Sell,4011600,4011600,0.146960202,27.59,28.9,28.67,27.76,27.60596003
COO,8/8/24,Broker E,2442022.25,0.45,0.941235423,15739,Buy,220800,220800,0.112439086,79.54,77.59,77.79,79.71,79.49433972
EVRG,8/8/24,Broker E,2780009.25,0.23,0.49877277,15381,Buy,170800,170800,0.136627829,67.45,66.52,66.61,67.72,67.36616689
ROL,8/8/24,Broker A,2293436.25,0.33,0.708591282,26548,Sell,171800,171800,0.179270029,53.5,54.13,54.24,54.16,53.54826607
LNT,8/8/24,Broker B,2183584.75,0.26,0.496919721,15230,Buy,196900,196900,0.152576694,59.71,58.67,58.86,60.13,59.66512959
CFG,8/8/24,Broker C,6193755.5,0.62,1.265007377,15077,Sell,423500,423500,0.174721922,33.08,33.95,33.9,33.31,33.09150751
PFG,8/8/24,Broker C,1607446.125,0.57,0.982086778,15807,Buy,150100,150100,0.158975795,71.68,69.8,69.91,73.22,71.67807938
L,8/8/24,Broker C,910343.9375,0.39,0.612332523,17530,Buy,71200,71200,0.135615862,83.95,82.49,82.47,85.04,83.97442541
EG,8/8/24,Broker C,415288.5313,0.35,0.552587211,16384,Buy,39500,34900,0.176496283,346.27,340.36,340.5,348.41,346.2055613
EXPD,8/8/24,Broker B,1753609.625,0.44,0.754186869,14436,Buy,169500,169500,0.148518527,105.94,103.76,103.7,107.07,105.8666335
FFIV,8/8/24,Broker D,576744.125,0.48,0.925122261,14459,Sell,47900,47900,0.08026055,242.53,247.84,247.7,244.84,242.5020019
JBL,8/8/24,Broker C,1724661.25,0.67,1.366136074,13928,Sell,131800,131800,0.164309989,124.35,127.72,127.76,126.19,124.3467898
BAX,8/8/24,Broker C,5027440,0.56,0.750824749,14639,Buy,478000,478000,0.171111644,28.89,28.27,28.18,28.9,28.85567105
LYB,8/8/24,Broker D,4547265,0.69,0.844999075,18176,Buy,231600,231600,0.161214123,56.83,55.59,55.54,57.03,56.77012048
LUV,8/8/24,Broker B,16223484,0.81,0.978310943,13797,Buy,1296400,1296400,0.137917243,24.7,23.82,23.94,24.98,24.67255712
WST,8/8/24,Broker A,972558.875,0.44,0.812731206,14884,Buy,69500,69500,0.189113985,203.97,200.35,200.56,206.42,203.8776698
ON,8/8/24,Broker D,10593790,0.95,1.216935754,14662,Sell,786700,786700,0.105464998,31.97,33.2,33.09,32.88,32.03674826
OMC,8/8/24,Broker E,4378209.5,0.49,0.86769712,14065,Sell,364800,364800,0.148245403,69.79,71.36,71.45,71.01,69.89863483
J,8/8/24,Broker B,987790.3125,0.37,0.765809715,14176,Sell,56000,56000,0.141314692,112.33,114.27,114.14,113.3,112.3427418
TRMB,8/8/24,Broker A,1833999.625,0.59,1.16162169,13818,Sell,170600,170600,0.097640092,54.12,55.55,55.45,55.24,54.19061126
KEY,8/8/24,Broker E,18568466,0.59,1.350797296,15110,Sell,1806900,1806900,0.109195112,13.21,13.68,13.59,13.35,13.29986094
BALL,8/8/24,Broker D,2751362.5,0.35,0.72291398,13357,Sell,206100,206100,0.091966115,46.03,46.71,46.77,46.35,46.08684609
KIM,8/8/24,Broker A,6303217,0.41,0.923541188,13651,Sell,508000,446200,0.179045468,19.56,19.92,19.88,19.71,19.63510472
AVY,8/8/24,Broker C,860455.75,0.33,0.759776711,13348,Buy,67800,67800,0.145113509,169.77,167.19,167.12,171.87,169.775751
FSLR,8/8/24,Broker C,3386447.75,0.58,0.734085619,13132,Buy,261200,261200,0.181431929,123.48,120.43,120.58,125.49,123.5174638
AMCR,8/8/24,Broker D,34436428,0.35,0.618396103,13456,Buy,3502200,3114800,0.155762664,9.44,9.22,9.28,9.51,9.435353992
BLDR,8/8/24,Broker A,1751718.125,0.58,1.242862463,12976,Buy,114400,114400,0.125813882,115.18,112.8,112.85,115.92,115.0663597
PNR,8/8/24,Broker D,1924131,0.49,1.106546164,13026,Buy,127700,127700,0.14554333,79.44,77.71,77.91,79.8,79.35884032
GEN,8/8/24,Broker E,4726144.5,0.47,1.009418488,14520,Sell,487900,418400,0.192467152,22.69,23.32,23.23,22.94,22.78631836
TPR,8/8/24,Broker A,7014728.5,0.63,1.042785764,13079,Sell,531300,531300,0.107201576,60.11,61.6,61.55,61.22,60.2078837
DOC,8/8/24,Broker E,5513162,0.29,0.821606755,12889,Buy,444200,444200,0.197790565,18.52,18.21,18.23,18.45,18.42388126
MAS,8/8/24,Broker D,2461541.5,0.48,1.01499474,12710,Sell,165600,165600,0.148149883,58.37,59.51,59.52,58.62,58.40953363
CF,8/8/24,Broker A,2908823.75,0.38,0.506944835,12507,Sell,248600,248600,0.091786013,72.77,74.07,73.96,73.02,72.91264147
HOLX,8/8/24,Broker E,3410084.75,0.3,0.439089477,12853,Buy,213200,213200,0.096184787,57.17,56.39,56.32,57.85,57.09913102
EL,8/8/24,Broker A,4540624.5,0.78,1.135743618,19565,Sell,365900,365900,0.196698765,50.83,52.51,52.32,51.82,50.92168153
WDC,8/8/24,Broker D,9308912,0.9,1.804587364,12508,Sell,805800,805800,0.117811561,34.24,35.51,35.45,34.77,34.25307819
JKHY,8/8/24,Broker E,710372.875,0.38,0.583922863,12299,Buy,64100,57300,0.1498513,170.68,167.22,167.45,171.33,170.5937563
IEX,8/8/24,Broker B,721935.25,0.4,0.921658635,12137,Buy,39200,39200,0.094081956,160.83,158.28,158.21,161.89,160.7183113
UDR,8/8/24,Broker A,2407958,0.43,0.85049963,13490,Sell,216900,194700,0.131979601,39.53,40.22,40.23,40.09,39.63478105
SJM,8/8/24,Broker E,1412505.25,0.28,0.436529636,12334,Buy,84700,84700,0.135388433,116.63,114.95,114.99,116.75,116.5434838
CAG,8/8/24,Broker D,6965156.5,0.29,0.338077486,12120,Buy,478700,478700,0.102067511,25.65,25.15,25.32,25.89,25.60987494
TXT,8/8/24,Broker A,1671518.375,0.52,1.009713173,11729,Buy,151700,151700,0.184822242,65.44,63.79,64.07,66.18,65.39438463
BBY,8/8/24,Broker A,4805700,0.84,0.958788991,13128,Sell,412300,412300,0.138411674,58.32,60.3,60.18,59,58.43245369
ALGN,8/8/24,Broker B,1371862,0.57,1.381431937,12608,Buy,114900,114900,0.175912832,171.52,167.43,167.35,174.05,171.4480374
ARE,8/8/24,Broker B,1681613.75,0.47,1.095249534,13100,Buy,130100,130100,0.159082176,76.1,74.46,74.53,77.59,76.07537022
CPT,8/8/24,Broker C,1145793,0.35,0.813532531,12056,Buy,78400,69100,0.172107349,111.1,109.52,109.45,111.48,111.0565014
APTV,8/8/24,Broker C,4253347.5,0.62,0.834469736,11699,Buy,333000,333000,0.179692151,51.41,50.06,50.14,52.05,51.33727478
REG,8/8/24,Broker A,1255055.125,0.33,0.702210128,13247,Sell,95200,95200,0.16482492,68.85,69.85,69.8,69.74,68.94418593
ZBRA,8/8/24,Broker B,718495.125,0.81,1.371357441,11356,Buy,60600,60600,0.084209245,224.35,217.33,217.33,228.59,224.3077603
POOL,8/8/24,Broker D,454624.6875,0.43,0.911036551,11186,Buy,23800,23800,0.074540691,297.8,293.11,293.04,299.7,297.7458288
TER,8/8/24,Broker E,4338915.5,0.96,1.628202081,11277,Buy,261500,261500,0.09046169,70.53,68.24,68.24,71.71,70.42985907
JNPR,8/8/24,Broker B,3132681.5,0.19,0.634801924,11379,Buy,211400,211400,0.111422963,34.24,33.7,33.89,34.32,34.14666263
LVS,8/8/24,Broker B,6501377.5,0.57,0.823726475,23008,Sell,605500,605500,0.165580817,31.29,32.2,32.12,31.99,31.34626877
RVTY,8/8/24,Broker D,1219324.5,0.55,0.797572315,10786,Buy,128500,111100,0.148560874,90.83,88.53,88.7,91.06,90.77106902
AKAM,8/8/24,Broker B,2377838.5,0.52,0.784386694,10509,Buy,150100,150100,0.188111,72.91,71.28,71.4,73.84,72.87392453
ALLE,8/8/24,Broker D,1194745.875,0.34,0.85759753,10607,Buy,74300,74300,0.10877983,124.01,122.14,122.25,124.27,123.9523886
LKQ,8/8/24,Broker E,2848942.25,0.37,0.666749001,10655,Sell,273400,273400,0.16324208,40,40.85,40.82,40.53,40.14339977
CHRW,8/8/24,Broker C,1592970,0.4,0.668679476,10554,Buy,94500,94500,0.060054423,89.66,88.27,88.2,90.03,89.67383511
PNW,8/8/24,Broker E,1304774.75,0.23,0.468580067,11116,Buy,111800,111800,0.172694376,93.57,92.26,92.28,93.79,93.44578009
BG,8/8/24,Broker E,1928443.25,0.39,0.430640489,10557,Sell,105400,96700,0.188153837,76.19,77.65,77.5,77.47,76.26929637
FOXA,8/8/24,Broker B,4894352,0.5,0.622418344,20638,Sell,319300,319300,0.160399163,45.33,46.42,46.29,45.76,45.42836854
JBHT,8/8/24,Broker C,1416926.375,0.6,0.961994886,12713,Sell,101200,101200,0.179900694,120.16,123.16,123.11,121.51,120.148728
UHS,8/8/24,Broker B,936496.0625,0.52,0.833979607,10240,Buy,51600,51600,0.067022776,157.13,153.99,154.02,158.94,157.0896972
ERIE,8/8/24,Broker C,135175.3594,0.4,0.544575632,20663,Buy,13200,13200,0.122945899,400.85,393.05,393.09,401.36,400.7723475
PAYC,8/8/24,Broker C,727074.8125,0.56,0.874895334,11929,Buy,36900,36900,0.122631444,205.8,201.71,201.72,206.24,205.8267136
GL,8/8/24,Broker E,742776.5625,0.45,0.797355115,9754,Buy,53300,53300,0.154314442,118.26,115.87,115.84,118.9,118.1623956
TAP,8/8/24,Broker A,2594431.25,0.27,0.463173449,11908,Buy,237900,237900,0.132061796,57.36,56.72,56.66,57.59,57.29658608
KMX,8/8/24,Broker C,3893916.5,0.76,0.924367547,9517,Buy,266800,266800,0.149017403,63.42,61.67,61.68,64.49,63.38258112
TKO,8/8/24,Broker C,2176504.5,0.48,0.791934609,28227,Sell,140300,140300,0.125608638,138.59,141.44,141.36,140.46,138.6277818
NDSN,8/8/24,Broker E,408402.3438,0.53,1.068100691,10080,Buy,23500,23500,0.195546169,178.49,174.59,174.69,179.95,178.371566
NWSA,8/8/24,Broker A,4041857,0.41,0.929095805,15160,Sell,238100,238100,0.130172203,24.67,25.08,25.04,24.86,24.79044702
AIZ,8/8/24,Broker E,495442.1563,0.43,0.737580895,9353,Sell,43300,39900,0.173636061,177.91,181.75,181.72,179.16,178.0525891
HST,8/8/24,Broker C,11824158,0.56,1.002946138,9439,Sell,685600,685600,0.058548459,12.99,13.32,13.27,13.11,12.99670134
INCY,8/8/24,Broker E,2254369,0.47,0.670278668,10992,Buy,220600,220600,0.182591945,57.53,56.13,56.19,57.84,57.3725492
BXP,8/8/24,Broker A,1637994.625,0.49,1.16145134,9899,Sell,156800,156800,0.127088347,60.11,61.58,61.39,60.81,60.19514747
SOLV,8/8/24,Broker A,1395912.125,0.51,1.5,11062,Buy,93400,86600,0.11416077,64.17,63.11,63.02,64.35,64.08898341
VTRS,8/8/24,Broker A,15793166,0.48,0.810708165,9036,Buy,1656300,1479800,0.091557013,7.82,7.47,7.66,7.75,7.713918254
SWKS,8/8/24,Broker E,4347467,0.93,1.274859548,8720,Buy,243300,243300,0.164222544,56.41,54.56,54.66,57.89,56.30988684
IPG,8/8/24,Broker D,8651978,0.5,0.892075121,8757,Buy,771800,771800,0.184562023,23.97,23.28,23.45,24.11,23.95196379
HRL,8/8/24,Broker D,3378499.75,0.26,0.42143631,16717,Buy,319300,319300,0.107310905,30.61,30.1,30.2,30.64,30.56359097
EMN,8/8/24,Broker D,1493853.5,0.57,1.016051292,8883,Sell,115800,98500,0.161694482,73.83,75.46,75.49,75.18,73.86216228
SWK,8/8/24,Broker D,2905021.75,0.8,1.096431136,8711,Buy,255500,255500,0.087376469,57.13,55.38,55.39,58.17,57.05546235
MOS,8/8/24,Broker A,5865110.5,0.52,0.943756461,8629,Sell,352500,331500,0.070736323,26.42,26.92,26.9,26.74,26.55006323
DAY,8/8/24,Broker B,2080966.125,0.61,1.275922179,8282,Sell,173100,158300,0.149288171,50.7,51.98,52.02,50.87,50.72689471
HII,8/8/24,Broker D,780269.9375,0.46,1.021251202,8548,Sell,63300,63300,0.11301586,210.95,215.36,215.26,212.44,211.0341957
MKTX,8/8/24,Broker C,684962.75,0.29,0.569458306,8374,Buy,55600,55600,0.148260956,222.96,219.59,219.76,224.41,222.9202312
MRNA,8/8/24,Broker A,9824392,0.7,1.143159986,9716,Buy,735300,735300,0.083286572,23.94,23.3,23.35,24.06,23.87636087
EPAM,8/8/24,Broker C,775269.125,0.59,1.141998291,8339,Buy,49800,49800,0.064922041,146.64,143.09,143.37,147.72,146.6353643
RL,8/8/24,Broker B,1348353,0.81,1.060222864,12602,Sell,107100,107100,0.125269882,192.25,198.62,198.54,196.73,192.2455039
HSIC,8/8/24,Broker A,1568497.375,0.35,0.590051532,7728,Buy,114200,114200,0.082893812,63.3,62.4,62.42,63.5,63.19304353
WBA,8/8/24,Broker D,19665150,0.15,0.587754667,9400,Sell,1016100,1016100,0.101144133,10.63,10.8,10.71,10.72,10.73697794
LW,8/8/24,Broker B,2839034,0.55,0.564399183,7269,Sell,247900,230200,0.156885305,48.91,50.16,50.11,49.71,48.97662765
TECH,8/8/24,Broker E,2193590.5,0.64,0.978624701,7511,Sell,198500,198500,0.124418354,44.7,46.01,46.03,45.6,44.8066882
AOS,8/8/24,Broker C,1550288.375,0.3,0.872556567,8857,Buy,91400,91400,0.11180996,62.29,61.35,61.47,62.73,62.31717526
CPB,8/8/24,Broker E,3745423,0.32,0.404911965,11203,Buy,243800,208100,0.14538937,37.81,37.25,37.24,38.07,37.69697994
MTCH,8/8/24,Broker E,5115680.5,0.44,0.591599047,7173,Sell,564400,504300,0.113058216,27.95,28.63,28.6,28.35,28.0487566
AES,8/8/24,Broker B,14259086,0.58,0.945910573,6977,Buy,903800,903800,0.139068429,10.01,9.57,9.79,9.98,9.923833649
FRT,8/8/24,Broker A,981473.5,0.43,0.80000782,7917,Sell,76200,76200,0.141074131,89.52,91.18,91.09,89.95,89.59177022
NCLH,8/8/24,Broker A,16253093,0.88,1.468388319,7114,Sell,1116000,1116000,0.128157949,15.44,15.84,15.91,15.81,15.55540918
ENPH,8/8/24,Broker B,3664565.5,0.72,1.072749496,6772,Buy,306600,306600,0.119697115,52.11,50.44,50.61,52.99,52.09352312
HAS,8/8/24,Broker C,2073502.25,0.59,0.878377974,7210,Buy,108900,108900,0.154405001,51.67,50.55,50.59,52.49,51.62113046
WYNN,8/8/24,Broker C,2804277.75,0.64,0.920791984,7958,Buy,258100,258100,0.08776332,75.91,73.8,73.88,75.88,75.87147162
GNRC,8/8/24,Broker A,931832.75,0.64,1.488258839,6354,Buy,85900,75900,0.136460419,107.62,104.9,105.06,108.03,107.4857993
PARA,8/8/24,Broker D,9434556,0.34,0.801711023,7689,Buy,742000,718500,0.10736159,11.14,10.73,10.97,11.22,11.11389053
MGM,8/8/24,Broker B,6752680,0.67,1.398429513,8183,Buy,456400,456400,0.110349791,29.3,28.51,28.56,29.66,29.23969768
ALB,8/8/24,Broker D,3355922.75,0.93,1.281180859,6238,Buy,197700,197700,0.122882422,52.34,50.85,50.78,53.62,52.2678246
DVA,8/8/24,Broker A,909545.5,0.38,0.739418805,10680,Sell,49800,49800,0.056571069,131.08,133.02,132.88,132,131.1939885
APA,8/8/24,Broker A,9381971,1.05,0.943391263,5606,Buy,657400,558700,0.063620852,15.61,15.15,15.12,15.59,15.50371658
FOX,8/8/24,Broker B,1367305.625,0.52,0.653857589,20638,Buy,125800,125800,0.137278225,44.56,43.33,43.51,45.33,44.49056405
IVZ,8/8/24,Broker E,6818165,0.68,1.153514981,5575,Sell,526700,526700,0.101428723,11.91,12.27,12.26,12.24,12.01873021
BEN,8/8/24,Broker A,5018205,0.5,0.993404508,9116,Buy,495900,495900,0.172068708,17.51,17.17,17.14,17.52,17.37635834
CRL,8/8/24,Broker B,1923912.25,1.15,0.819497168,5043,Buy,150100,150100,0.157702789,103.79,99.8,99.72,105.99,103.72722
CZR,8/8/24,Broker E,6304107,0.76,1.529064894,5300,Buy,688800,627800,0.10281746,25.71,24.69,24.87,26.35,25.62675936
MHK,8/8/24,Broker E,818728.5,0.53,1.147715569,6250,Buy,51100,42600,0.177357918,100.63,98.42,98.55,101.15,100.47045
NWS,8/8/24,Broker E,946888.9375,0.42,0.94787389,15160,Buy,71300,71300,0.176459786,29.61,29.11,29.02,30.06,29.54776059
AAPL,8/9/24,Broker E,72106864,0.68,1.041596293,2901664,Sell,2744800,2744800,0.134610719,189.45,193.24,193.15,191.78,189.5848139
MSFT,8/9/24,Broker D,26193634,0.4,0.991805494,2669692,Buy,650400,588900,0.192841762,363.26,359.12,359.19,366.69,363.25674
NVDA,8/9/24,Broker A,323825056,0.81,1.904370189,2364604,Sell,9892400,9892400,0.125456245,94.65,96.91,96.91,95.4,94.76756329
AMZN,8/9/24,Broker C,56974192,0.58,1.184175968,1775661,Buy,630000,630000,0.017990575,169.56,167.32,167.52,170.18,169.5386627
META,8/9/24,Broker B,20542520,0.67,1.181922793,1223500,Sell,485900,485900,0.102299486,475.95,484.66,484.77,477.58,476.0241231
GOOGL,8/9/24,Broker C,38393644,0.46,0.987897754,1813077,Buy,944500,944500,0.036584703,149.52,147.67,147.52,150.79,149.524587
AVGO,8/9/24,Broker C,37874508,0.79,1.959495664,781511,Buy,200700,200700,0.147888239,168.15,166.21,166.18,168.17,168.1549961
GOOG,8/9/24,Broker D,24951546,0.46,0.98287636,1813077,Buy,898000,898000,0.106012551,152.21,149.86,149.97,152.51,152.1886869
TSLA,8/9/24,Broker E,140806080,1.03,1.58415544,731758,Buy,4619800,4619800,0.141795713,233.31,227.5,227.53,236.31,233.2294349
LLY,8/9/24,Broker A,3938780.25,0.57,0.776895583,775474,Buy,87500,87500,0.147132703,831.52,818.02,818.15,835.15,831.4699132
JPM,8/9/24,Broker D,14446872,0.49,1.117400289,637278,Buy,706500,706500,0.116541555,233.18,228.99,229.16,233.93,233.1934644
V,8/9/24,Broker B,7732261.5,0.41,0.824475527,643335,Sell,60300,60300,0.181715364,317.14,320.1,319.96,318.08,317.1727705
XOM,8/9/24,Broker A,19817686,0.42,0.607271492,455670,Buy,815800,731700,0.154401971,107.18,105.35,105.54,108.45,107.1101257
COST,8/9/24,Broker C,2917253,0.35,0.817268252,424947,Buy,131400,131400,0.115095463,970.78,957.77,957.73,981.18,970.7573068
MA,8/9/24,Broker B,3392971.25,0.4,0.856543481,463128,Sell,168100,168100,0.054861072,501.23,509.32,509.41,508.1,501.2904099
UNH,8/9/24,Broker D,6109557,0.85,0.466492683,387145,Sell,151000,136400,0.088394899,416.61,425.33,425.21,419.51,416.6307772
NFLX,8/9/24,Broker B,5633900.5,0.49,1.128229022,420426,Sell,260700,260700,0.128347422,969.85,987.91,987.83,972.65,969.8844945
WMT,8/9/24,Broker D,27689224,0.42,0.781679511,740837,Sell,248300,248300,0.048033997,91.48,92.41,92.25,92.05,91.60304007
PG,8/9/24,Broker D,9135826,0.29,0.483530194,388659,Sell,20000,20000,0.05125956,164.96,165.75,165.56,165.21,165.0146347
JNJ,8/9/24,Broker A,10849724,0.33,0.518104196,378153,Sell,399700,399700,0.163750847,154.87,156.92,156.94,155.32,154.9783542
HD,8/9/24,Broker C,4276120,0.36,0.904466271,344794,Buy,155500,155500,0.039024765,351.47,346.9,346.99,355.19,351.4050214
ABBV,8/9/24,Broker D,8754635,0.36,0.487410396,301009,Buy,293600,293600,0.139355751,172.21,170.16,170.16,173.98,172.1668738
KO,8/9/24,Broker E,20127234,0.24,0.439482689,313171,Buy,514100,486500,0.123125929,73.31,72.77,72.85,73.23,73.18101145
PM,8/9/24,Broker C,7038256,0.31,0.448695272,252431,Buy,207800,207800,0.158536178,163.93,162.18,162.19,163.94,163.8818724
BAC,8/9/24,Broker D,58030748,0.54,1.156621456,280695,Buy,587200,540400,0.116340868,37.4,36.92,37.02,37.57,37.37991978
CRM,8/9/24,Broker D,7202936.5,0.47,1.214108348,227046,Buy,156700,156700,0.109969468,239.24,236.26,236.25,239.7,239.2088199
CVX,8/9/24,Broker B,11178586,0.49,0.715148687,233589,Sell,290000,254200,0.110890245,131.77,133.73,133.68,133.62,131.8041479
ABT,8/9/24,Broker E,8016111.5,0.3,0.586934447,225271,Buy,309500,309500,0.195296697,131.13,129.89,129.89,131.22,131.037647
MCD,8/9/24,Broker B,4345218,0.28,0.59120661,220757,Buy,166700,166700,0.159399219,312.26,308.72,308.74,312.46,312.1816751
CSCO,8/9/24,Broker A,26598580,0.43,0.881947041,216300,Buy,1039200,1039200,0.059532502,55.21,54.37,54.33,55.25,55.09716247
IBM,8/9/24,Broker C,5153453.5,0.39,0.758216262,219038,Buy,89900,79000,0.03548058,238.79,236.22,236.4,239.97,238.8251564
LIN,8/9/24,Broker E,2600478.25,0.37,0.727685034,209902,Buy,14400,14400,0.143975605,446.02,443.85,443.87,445.95,445.9236553
WFC,8/9/24,Broker C,20418954,0.5,0.994544625,209003,Buy,939100,939100,0.08022558,65.16,64.01,64.01,66.19,65.12828873
ORCL,8/9/24,Broker D,12495883,0.58,1.279027343,344416,Buy,742100,623600,0.049524576,125.31,122.82,122.84,125.36,125.2339495
MRK,8/9/24,Broker C,18299742,0.35,0.553353965,195901,Buy,670500,670500,0.081210312,78.86,77.85,77.87,79.69,78.90027416
PEP,8/9/24,Broker B,7963296,0.27,0.47175014,194356,Buy,280200,280200,0.174226091,143.38,141.73,141.85,144.13,143.3500519
GE,8/9/24,Broker A,6722253,0.57,1.188797116,190224,Buy,92700,82900,0.144854178,180.87,178.35,178.46,181.77,180.7924595
T,8/9/24,Broker A,45441512,0.33,0.480280787,189002,Sell,1621600,1621600,0.062775774,25.97,26.33,26.31,26.2,26.08919612
PLTR,8/9/24,Broker E,110576536,0.91,2.046456575,212958,Buy,666300,666300,0.191939569,92.08,90.8,91.01,92.14,92.00189589
VZ,8/9/24,Broker A,29510090,0.34,0.553383589,184170,Buy,203700,203700,0.144048555,43.33,42.93,42.99,43.34,43.23701896
ACN,8/9/24,Broker C,4422696,0.44,0.80521059,175001,Sell,18400,18400,0.004597818,277.41,279.23,279.37,278.01,277.4014448
ISRG,8/9/24,Broker D,2817014.75,0.61,1.206331491,167787,Sell,133200,133200,0.06416399,458.79,468.32,468.4,459.28,458.8721646
RTX,8/9/24,Broker B,5422184.5,0.41,0.707878292,168382,Sell,5900,5900,0.113649121,125.49,126.12,126.08,125.78,125.5019252
INTU,8/9/24,Broker E,1932800.125,0.43,1.002376318,159026,Sell,87300,87300,0.075127194,560.84,568.84,568.75,561.17,560.9655583
TMO,8/9/24,Broker E,2260051.5,0.45,0.859779418,159245,Buy,5800,5800,0.155551209,423.55,421.85,421.84,424.37,423.4828767
NOW,8/9/24,Broker B,2160465,0.62,1.252818584,156492,Buy,71200,71200,0.133166813,770.78,755.99,756.22,773.65,770.7442453
GS,8/9/24,Broker C,3531042.75,0.6,1.261187077,161610,Sell,38800,38600,0.175019083,495.09,501.36,501.33,499.89,495.1063262
UBER,8/9/24,Broker C,19155544,0.55,1.195605874,152495,Buy,448700,448700,0.107024095,73.99,72.92,72.88,74.54,73.96261756
PGR,8/9/24,Broker B,3972077.25,0.43,0.573527932,150903,Buy,167500,165100,0.187283847,261.62,257.41,257.51,262.29,261.5870075
DIS,8/9/24,Broker A,11873562,0.58,0.890657663,151854,Buy,323000,323000,0.196871701,85.49,84,84,86.43,85.39771746
ADBE,8/9/24,Broker E,4928740.5,0.59,1.125434399,146280,Buy,175100,147000,0.165047637,348.43,343.22,343.13,351.54,348.305496
BKNG,8/9/24,Broker E,318188.8125,0.47,1.077503562,145622,Sell,12200,10900,0.163245337,4377.92,4437.63,4437.6,4385.63,4377.996244
QCOM,8/9/24,Broker B,9248309,0.67,1.497467756,150571,Buy,90800,90800,0.189502873,137.84,136.14,136,138.19,137.7519391
AMGN,8/9/24,Broker D,3351891,0.33,0.565429389,147144,Buy,42200,35400,0.168944309,275.8,273.68,273.78,276.35,275.7739195
SPGI,8/9/24,Broker A,1517246.25,0.42,1.000825882,140911,Sell,22000,22000,0.039562528,443.68,448.99,448.84,448.37,443.7878518
TJX,8/9/24,Broker B,6671403,0.3,0.678406835,138498,Buy,320600,320600,0.142974625,125.56,123.98,123.96,126.29,125.4737455
AMD,8/9/24,Broker A,41816476,0.95,1.692152262,139004,Buy,439000,439000,0.109817412,87.11,85.56,85.54,88.52,87.04152588
CAT,8/9/24,Broker E,3281743.25,0.5,1.076455116,136086,Sell,13800,13800,0.017312525,283.03,284.74,284.67,284.57,283.1670624
BSX,8/9/24,Broker E,9649542,0.42,0.887817025,138411,Buy,65400,65400,0.167689692,94.05,93.58,93.48,94.33,94.03672478
AXP,8/9/24,Broker A,4197011.5,0.62,1.152603507,169900,Sell,146200,146200,0.136226275,237.59,242.51,242.47,241.75,237.6899492
NEE,8/9/24,Broker C,13180131,0.37,0.569819272,133149,Buy,504600,456000,0.055795523,65.38,64.68,64.54,65.64,65.37091611
TXN,8/9/24,Broker E,8989339,0.71,1.09406817,132493,Buy,41000,41000,0.193106254,146.77,145.61,145.55,147.22,146.6580565
MS,8/9/24,Broker A,9562043,0.6,1.288030863,170984,Buy,321200,321200,0.051737567,108.52,106.3,106.45,109.84,108.4168512
UNP,8/9/24,Broker D,3233668.5,0.38,0.845109522,129483,Buy,126400,126400,0.101499484,219.01,216.05,216.14,219.23,218.9962726
GILD,8/9/24,Broker C,10361147,0.28,0.585657597,129908,Sell,87600,78600,0.123788475,103.69,104.33,104.34,104.31,103.7322458
SCHW,8/9/24,Broker B,12408055,0.45,1.128342867,139918,Sell,280500,280500,0.155861103,73.83,74.95,74.84,74.23,73.89546948
CMCSA,8/9/24,Broker E,28652040,0.38,0.723178506,127042,Buy,804400,804400,0.195517689,34.05,33.6,33.7,33.98,33.97032041
HON,8/9/24,Broker B,4912729.5,0.44,0.834966779,124940,Buy,15400,15400,0.095280012,195.62,194.23,194.28,196.47,195.5831595
BLK,8/9/24,Broker C,1083176.875,0.51,1.162742853,132389,Buy,16600,16600,0.160891585,864.6,854,854.01,870.36,864.6033443
TMUS,8/9/24,Broker A,4545863,0.35,0.688813746,288121,Buy,8300,7100,0.054691173,254.91,253.48,253.59,254.91,254.814255
VRTX,8/9/24,Broker A,1611804.375,0.24,0.849466443,122761,Sell,77100,77100,0.124163771,471.81,477.52,477.3,476.96,471.9204329
PFE,8/9/24,Broker A,61340208,0.31,0.494620919,124999,Buy,1726100,1726100,0.090492135,22.41,22.04,22.15,22.31,22.25931216
LOW,8/9/24,Broker C,2954811.25,0.36,0.888534725,119089,Sell,126900,126900,0.051500559,209.67,212.77,212.58,209.92,209.7026043
BA,8/9/24,Broker D,10290827,0.72,1.262373209,119889,Sell,479900,408400,0.12879447,155.82,159.34,159.31,158.34,155.8868936
DHR,8/9/24,Broker A,4341055.5,0.51,0.908220112,132330,Buy,49900,49900,0.111812939,187.17,184.96,184.91,187.39,187.0373911
ADP,8/9/24,Broker B,2150195,0.35,0.787215412,115897,Sell,27500,27500,0.025911247,282.2,284.85,284.84,283.36,282.2340627
SYK,8/9/24,Broker E,1907405.125,0.37,0.750790775,129618,Sell,27800,27800,0.021194535,336.93,339.59,339.5,338.04,337.0584542
C,8/9/24,Broker C,20884940,0.6,1.245760441,117993,Buy,364900,364900,0.099009762,63.59,62.69,62.67,64.39,63.53181142
FI,8/9/24,Broker E,3409129.25,0.43,0.87523675,116342,Buy,96700,96700,0.183097192,209.94,207.46,207.55,211.95,209.8426574
DE,8/9/24,Broker B,1539067.125,0.43,0.961758375,119846,Sell,5400,4900,0.159885462,438.52,441.56,441.53,440.46,438.5396297
COP,8/9/24,Broker D,10939566,0.67,0.772891283,110678,Buy,493700,493700,0.167861385,89.51,87.55,87.61,90.41,89.51620102
AMAT,8/9/24,Broker C,8732342,0.7,1.516796589,110130,Buy,398000,398000,0.177836839,138.79,135.56,135.67,141.81,138.7749287
PANW,8/9/24,Broker D,5760672,0.58,1.216528773,105969,Sell,139600,139600,0.043053456,157.41,160.05,159.89,159.71,157.476061
MMC,8/9/24,Broker A,2447921.75,0.33,0.590217888,104508,Buy,58700,58700,0.071588495,214.49,212.1,212.06,215.17,214.3530045
CB,8/9/24,Broker B,2063046.375,0.31,0.533117235,112104,Buy,33700,33700,0.120743139,282.41,279.78,279.83,284.35,282.3721821
ETN,8/9/24,Broker E,3941023.75,0.6,1.268835664,101652,Buy,8800,8800,0.095571893,260.7,259.47,259.37,261.28,260.5802248
MDT,8/9/24,Broker D,8498045,0.29,0.682784915,104912,Sell,106700,106700,0.03307851,81.18,81.8,81.76,81.7,81.27498171
AMT,8/9/24,Broker A,3553526.5,0.31,0.532872975,102045,Buy,63500,63500,0.101921568,220.36,217.99,218.18,222.01,220.2462906
SO,8/9/24,Broker E,5008373,0.23,0.426127642,99270,Sell,238400,238400,0.06022784,89.49,90.23,90.22,89.66,89.61526652
BMY,8/9/24,Broker D,13893362,0.33,0.433606565,99581,Buy,194400,194400,0.035613885,49.32,48.94,48.92,49.44,49.26217891
MO,8/9/24,Broker C,12420729,0.23,0.458243698,97184,Sell,576400,576400,0.169964397,56.92,57.63,57.5,57.42,56.92415751
ELV,8/9/24,Broker D,1897402.5,0.34,0.451055408,92069,Sell,44400,37600,0.082629924,402.76,406.69,406.62,406.2,402.8541809
LMT,8/9/24,Broker D,1811621.75,0.34,0.528686762,107512,Buy,65800,65800,0.1511266,463.82,458.33,458.38,464.56,463.7943302
BX,8/9/24,Broker D,6410232,0.74,1.327261329,147576,Buy,76500,76500,0.15835022,122.11,120.22,120.36,123.23,122.0529729
PLD,8/9/24,Broker C,6284098,0.54,1.035050511,93652,Sell,257700,257700,0.039451613,96.75,98.63,98.55,97.27,96.71659052
CME,8/9/24,Broker B,3201366.75,0.23,0.449448019,93818,Buy,128500,128500,0.074615005,262.98,260.33,260.36,265.14,262.9419827
DUK,8/9/24,Broker E,4900300,0.24,0.36730212,93375,Buy,222700,222700,0.06050201,121.13,120.17,120.13,121.47,121.0869473
SBUX,8/9/24,Broker D,11626514,0.59,1.146592379,91644,Buy,451100,399300,0.091942539,82.07,80.68,80.63,83.22,82.04216252
CRWD,8/9/24,Broker A,4596504.5,0.73,1.664388299,89901,Buy,181100,181100,0.124189604,371.37,362.69,362.82,377.32,371.292761
ICE,8/9/24,Broker C,4024815.75,0.28,0.815884113,89064,Buy,148100,148100,0.123281255,156.79,155.03,155.12,158.02,156.8058666
CI,8/9/24,Broker C,1856092.125,0.26,0.510866761,88048,Sell,13100,13100,0.157784092,322.84,324.77,324.7,323.62,322.8572143
WELL,8/9/24,Broker E,3609059,0.31,0.67238766,93593,Buy,168400,168400,0.108758172,145.19,143.65,143.67,145.18,145.1121222
GEV,8/9/24,Broker A,4296794.5,0.8,1.5,85579,Sell,178000,178000,0.041657814,305.08,313.08,313.09,312.28,305.1870107
ADI,8/9/24,Broker A,4588623,0.77,1.321415544,86791,Buy,141800,133400,0.175343288,178.79,174.99,174.92,181.85,178.683416
MCK,8/9/24,Broker A,1129723.5,0.27,0.501902699,85534,Sell,20000,20000,0.112688993,676.18,682.49,682.39,677.67,676.2648147
MDLZ,8/9/24,Broker A,10405951,0.27,0.409132928,87785,Buy,135900,126300,0.057353344,68.37,67.76,67.82,68.62,68.24499907
CVS,8/9/24,Broker E,10635882,0.33,0.764965117,82270,Buy,156200,156200,0.16783193,65.82,65.17,65.37,65.88,65.71311048
WM,8/9/24,Broker B,1838091.625,0.25,0.538219333,91559,Buy,8500,8500,0.072946616,228.81,227.57,227.61,229.29,228.7401737
KLAC,8/9/24,Broker D,1346563.125,0.74,1.578629613,82496,Buy,8900,8000,0.189796203,627.82,620.8,620.82,629.37,627.7574411
AJG,8/9/24,Broker E,1667881.125,0.34,0.612837076,81682,Sell,15400,15400,0.066565427,317.33,319.4,319.14,318.46,317.3942396
INTC,8/9/24,Broker E,111931832,0.93,1.574641943,82154,Sell,534300,534300,0.191933993,18.52,18.84,18.72,18.68,18.59810976
LRCX,8/9/24,Broker C,13776550,0.81,1.61843729,80088,Buy,518300,518300,0.164730227,64.1,62.39,62.6,64.74,64.09734867
ORLY,8/9/24,Broker B,458705.9688,0.3,0.512424648,78334,Buy,17700,16700,0.096479671,1384.71,1368.5,1368.6,1388.71,1384.662568
AON,8/9/24,Broker E,1403522.25,0.28,0.581544459,76886,Sell,15800,15800,0.063067661,354.22,355.95,356.04,355.45,354.3009918
APH,8/9/24,Broker B,9046439,0.54,1.336825252,77057,Buy,32400,32400,0.100450159,64.16,63.59,63.63,64.5,64.12138672
CL,8/9/24,Broker E,5917938,0.3,0.457846314,76810,Buy,158500,142100,0.197073058,95.57,94.7,94.83,95.77,95.46842473
SHW,8/9/24,Broker E,2088853.375,0.36,0.941084564,81062,Sell,72300,72300,0.182580007,319.08,322.3,322.53,322.44,319.1591077
EQIX,8/9/24,Broker A,787754.5625,0.39,0.928478122,75633,Sell,6300,6300,0.053492664,766.37,773.2,773.39,767.86,766.4315555
MU,8/9/24,Broker E,28983996,1.04,1.875524879,74587,Buy,1402700,1402700,0.166046168,68.78,66.74,66.8,68.9,68.67800996
TDG,8/9/24,Broker C,314887.9063,0.42,0.995311379,73277,Sell,14000,14000,0.133680051,1286.32,1306.55,1306.64,1292.62,1286.329559
TT,8/9/24,Broker A,1656028.125,0.45,1.197039723,72305,Buy,20700,19400,0.095437789,326.04,322.37,322.41,329.26,325.8737646
ANET,8/9/24,Broker B,11877461,0.7,1.682001829,84968,Sell,349900,349900,0.05722607,66.18,67.67,67.55,67.11,66.30225113
NOC,8/9/24,Broker A,1115825.375,0.32,0.599564493,76585,Buy,27000,27000,0.179178509,537.52,531.33,531.53,541.64,537.4179073
PH,8/9/24,Broker C,1032480.313,0.68,1.207091451,70472,Buy,46900,46900,0.134841722,559.58,547.29,547.28,568.08,559.5848508
WMB,8/9/24,Broker C,8275608.5,0.39,0.808866858,68896,Buy,193400,193400,0.144429403,57.23,56.44,56.57,57.66,57.17122506
CDNS,8/9/24,Broker A,2427913.5,0.57,1.3736552,69006,Buy,100900,87300,0.168177647,256.35,251.56,251.53,257.52,256.2223289
MMM,8/9/24,Broker B,4530638,0.51,1.006646872,68003,Buy,17600,17600,0.101389196,127.17,126.09,126.14,127.52,127.1186434
CTAS,8/9/24,Broker A,2318209.75,0.41,0.948155165,80923,Buy,22700,22700,0.040943672,202.63,200.41,200.63,202.94,202.5222683
UPS,8/9/24,Broker A,6512738.5,0.48,0.871397614,81575,Sell,121100,121100,0.059675421,94.97,96.25,96.29,96.13,95.01914515
MSI,8/9/24,Broker A,948396.125,0.34,0.9049986,68847,Sell,24400,24400,0.178245155,407.17,412.35,412.1,409.96,407.2627227
GD,8/9/24,Broker C,1655810.125,0.36,0.714203775,73317,Buy,5000,4800,0.152409969,274.72,273.18,273.26,276,274.6853347
KKR,8/9/24,Broker B,7550706.5,0.9,1.628254652,87004,Sell,203900,203900,0.030265915,95.62,97.95,97.93,96.8,95.69607672
ZTS,8/9/24,Broker A,2779203.75,0.37,0.767200053,65522,Buy,73900,73900,0.198862863,148.92,146.85,147.03,149.74,148.8074653
NKE,8/9/24,Broker B,25678442,0.71,0.788271487,82833,Buy,71200,71200,0.106013801,56.59,56.12,56.07,56.64,56.49377546
MCO,8/9/24,Broker A,1041817.375,0.52,1.158737779,74348,Sell,21200,21200,0.03128834,407.05,413.3,413.2,410.77,407.1718604
CMG,8/9/24,Broker C,14388523,0.46,0.869820356,63064,Buy,500,500,0.149167612,46.6,46.53,46.54,46.64,46.59617717
CEG,8/9/24,Broker B,4398039.5,0.83,1.476271391,60695,Buy,50000,50000,0.095017377,195.85,192.61,192.66,197.22,195.8354131
SNPS,8/9/24,Broker A,1463162.375,0.54,1.399227858,62213,Sell,60200,60200,0.097542919,394.48,402.36,402.23,401.78,394.5617298
NEM,8/9/24,Broker B,13934138,0.49,1.032853365,62236,Buy,378800,378800,0.170807651,56.11,55.21,55.27,56.9,56.11820667
EOG,8/9/24,Broker D,4546741,0.56,0.80652982,60179,Sell,119400,119400,0.089457726,107.18,109.11,108.87,108.02,107.2130889
COF,8/9/24,Broker B,5593778,0.71,1.180324078,63005,Buy,100200,100200,0.126571647,167.99,165.16,165.14,169.02,167.9727046
ITW,8/9/24,Broker D,1335379.125,0.41,0.863521516,66773,Buy,12200,12200,0.099677672,229.36,227.61,227.48,230.1,229.2955341
DASH,8/9/24,Broker C,8294022.5,0.68,1.455383658,72765,Buy,23600,22100,0.191669735,173.47,171.82,172.03,173.83,173.4977964
FTNT,8/9/24,Broker E,5420590,0.6,1.176363707,71299,Sell,86300,86300,0.019525578,91.5,92.72,92.63,91.98,91.58159526
AZO,8/9/24,Broker D,164381.0938,0.3,0.586766005,59709,Buy,400,400,0.194846783,3583.16,3569.24,3569.26,3594.95,3583.109246
PYPL,8/9/24,Broker A,11983751,0.56,1.264015198,59636,Buy,109400,109400,0.076657543,61.1,60.29,60.37,61.06,60.94468602
PNC,8/9/24,Broker B,3215447.75,0.46,1.039765954,59414,Buy,152900,152900,0.170087853,152.76,150.13,150.13,154.77,152.7247165
ECL,8/9/24,Broker C,1645770.375,0.3,0.852666318,65664,Buy,41900,37200,0.064927866,233.79,231.51,231.58,235.83,233.7884174
HCA,8/9/24,Broker D,1648882.375,0.33,0.669401526,78197,Buy,76800,76800,0.098210735,321.56,317.61,317.53,322.48,321.4790347
ROP,8/9/24,Broker D,670314.9375,0.35,0.779269636,57910,Buy,19900,19900,0.05387644,545.4,539.27,539.32,545.47,545.2739264
USB,8/9/24,Broker E,15376011,0.5,1.192224503,58908,Sell,459900,459900,0.07245428,37.31,37.81,37.82,37.43,37.38879372
REGN,8/9/24,Broker D,1086888.625,0.39,0.743007243,61073,Buy,31300,30800,0.075537843,568.33,561.49,561.56,568.48,568.2567603
APD,8/9/24,Broker A,1285565.375,0.42,0.879582047,57305,Buy,49600,49600,0.048282633,261.68,257.58,257.61,261.77,261.5857035
TRV,8/9/24,Broker C,1616036.75,0.36,0.650661469,56549,Buy,46200,46200,0.087367231,252.56,249.59,249.6,252.83,252.5685735
AEP,8/9/24,Broker A,5192580,0.26,0.428053766,56352,Buy,122500,122500,0.116728838,106.4,105.53,105.38,107.24,106.3499578
BDX,8/9/24,Broker D,2398220.25,0.32,0.611429393,56454,Buy,71200,71200,0.130238447,198.67,196.61,196.6,199.88,198.5899522
APO,8/9/24,Broker E,5210564.5,0.84,1.517835021,68247,Sell,181400,181400,0.090693726,116.96,119.63,119.59,119.55,117.0426323
EMR,8/9/24,Broker D,3611822,0.55,1.123367548,54371,Sell,76900,76900,0.147090409,95.05,96.42,96.42,95.5,95.13136507
ADSK,8/9/24,Broker A,1828719.625,0.43,1.176352382,54160,Buy,52100,52100,0.032337646,257.94,254.27,254.24,259.53,257.8379593
BK,8/9/24,Broker D,4807429.5,0.46,1.002221107,53159,Sell,13800,12400,0.107589057,73.58,74.04,74,73.93,73.61448649
OKE,8/9/24,Broker D,4399638.5,0.61,0.982543945,51107,Buy,108000,108000,0.130323156,83.15,81.82,81.82,84.3,83.08424307
CSX,8/9/24,Broker E,17247650,0.38,0.81662339,51585,Buy,390800,361300,0.042425501,27.82,27.46,27.57,27.76,27.73418533
AFL,8/9/24,Broker E,2209897.75,0.37,0.651851058,57294,Buy,98000,95100,0.14674531,106.32,104.97,105.06,106.4,106.233985
KMI,8/9/24,Broker A,14069475,0.41,0.77816236,57307,Buy,643900,643900,0.075904169,26.37,25.79,25.94,26.37,26.27717486
CPRT,8/9/24,Broker E,5663842.5,0.31,1.003289819,56739,Buy,222700,222700,0.131547133,59.3,58.73,58.72,59.19,59.17170946
ALL,8/9/24,Broker C,2196536,0.42,0.638867438,49568,Buy,105800,97000,0.195976849,189.92,186.95,187.02,191,189.886365
O,8/9/24,Broker C,6787345.5,0.28,0.546792388,51687,Buy,40100,40100,0.12270777,58.38,57.96,58.05,58.54,58.32402789
JCI,8/9/24,Broker E,4893669.5,0.52,1.112372398,49147,Buy,34100,33800,0.192219147,75.1,74.45,74.54,75.3,75.01056084
HLT,8/9/24,Broker C,3031887.5,0.45,0.915118396,49023,Buy,139000,139000,0.194811158,208.13,204.59,204.74,211.05,208.1253127
MAR,8/9/24,Broker B,2279838,0.52,1.014037013,59395,Buy,9000,9000,0.180699868,217.69,215.69,215.89,218.68,217.6742565
HWM,8/9/24,Broker E,3149206.5,0.62,1.214276791,48321,Buy,50800,50800,0.023298172,121.05,119.47,119.54,121.34,120.9076592
NSC,8/9/24,Broker E,1405256,0.42,0.922046959,49532,Buy,52600,52600,0.041338447,221.8,218.94,219.03,222.71,221.7791507
COR,8/9/24,Broker B,2001972.375,0.23,0.437819302,54464,Sell,69100,69100,0.10773079,278.41,281.16,281.1,278.88,278.4689876
RSG,8/9/24,Broker C,1455583.875,0.28,0.62843889,74483,Buy,12900,12900,0.042029586,240.08,238.37,238.52,240.44,240.0528053
SLB,8/9/24,Broker B,21908206,0.69,0.939860463,47078,Sell,449400,449400,0.093482622,33.85,34.62,34.46,33.97,33.88492122
ABNB,8/9/24,Broker B,6031917,0.64,1.223857641,71612,Buy,181800,181800,0.077298076,113.86,111.61,111.73,115.13,113.7611141
CARR,8/9/24,Broker D,5284097.5,0.48,1.201488495,50267,Sell,107600,96700,0.061781149,57.47,58.18,58.17,57.82,57.52967292
AIG,8/9/24,Broker B,6132646.5,0.39,0.718751848,46340,Buy,188400,188400,0.195369114,80.62,79.38,79.55,80.76,80.56173404
DLR,8/9/24,Broker E,2638210.25,0.42,0.910633385,50244,Buy,9600,8200,0.044645933,147.07,146.34,146.46,147.3,146.9566756
RCL,8/9/24,Broker E,3211878.75,0.77,1.301109672,51454,Buy,58300,58300,0.063115845,192.49,189.51,189.48,193.36,192.4167643
EXC,8/9/24,Broker C,9899152,0.27,0.404019773,46671,Buy,12500,12500,0.084604099,46.38,46.23,46.23,46.53,46.40762608
KR,8/9/24,Broker E,8351748.5,0.33,0.378295392,47789,Buy,351500,351500,0.162746686,73.11,72.31,72.33,73.41,73.0067366
KMB,8/9/24,Broker A,2202193.5,0.27,0.478593826,46454,Sell,86000,86000,0.135300779,138.5,140.07,140.14,139.67,138.6054474
WDAY,8/9/24,Broker D,2488970.25,0.44,1.046601534,56951,Buy,109800,109800,0.054582956,217.48,214.1,214.15,219.65,217.3947682
FCX,8/9/24,Broker A,21833502,0.87,1.440998435,47352,Buy,156500,156500,0.097477817,33.63,32.95,33.13,33.54,33.50619195
TFC,8/9/24,Broker C,12838491,0.54,1.143862844,46093,Buy,635600,538500,0.119366763,35.94,35.31,35.29,35.99,35.88111122
FAST,8/9/24,Broker B,4317566.5,0.41,0.823430419,46056,Buy,122500,122500,0.134751402,81.28,80.29,80.19,82,81.24119429
PSA,8/9/24,Broker C,899280.375,0.35,0.74413836,50443,Buy,39200,39200,0.084062955,291.62,287.56,287.74,294.96,291.5887337
FICO,8/9/24,Broker C,192598.1719,0.51,1.182162404,44345,Sell,5800,5800,0.068201009,1787.54,1816.08,1816.03,1812.99,1787.607175
PAYX,8/9/24,Broker B,2656627.25,0.41,0.755127072,50567,Buy,28300,28300,0.013600081,141.86,140.39,140.49,142.82,141.8341732
PCAR,8/9/24,Broker E,3600774.75,0.46,0.874807894,45822,Buy,167200,167200,0.184727095,88.71,87.29,87.41,88.86,88.6344306
SPG,8/9/24,Broker E,2080938.375,0.52,1.014560699,48024,Sell,5500,5500,0.110239017,146.43,147.2,147.14,147.01,146.475077
ROST,8/9/24,Broker B,3821738.5,0.38,0.791156411,44554,Buy,113000,113000,0.115955602,137.34,135.49,135.58,138.25,137.363234
FDX,8/9/24,Broker C,2370554,0.6,0.871101379,49147,Sell,94900,94900,0.13871585,201.09,205.12,205.11,202.92,201.1302992
SRE,8/9/24,Broker C,5377201,0.39,0.737867653,45934,Buy,37800,37800,0.055097055,71.01,70.46,70.47,71.36,71.02536986
CCI,8/9/24,Broker D,4355920.5,0.42,0.537642241,44471,Buy,48800,48800,0.106189671,103.11,102.13,102.18,103.74,103.0420982
KVUE,8/9/24,Broker A,17303216,0.31,0.598850489,42729,Buy,784300,784300,0.127192152,22.72,22.27,22.42,22.71,22.61375102
AMP,8/9/24,Broker A,587742.8125,0.54,1.200113416,43226,Sell,12800,12800,0.173576609,444.06,451.15,451.11,445.08,444.178151
D,8/9/24,Broker D,5696607,0.35,0.531895697,44366,Buy,98300,98300,0.09128622,52.55,52.06,52.07,52.98,52.52999975
GWW,8/9/24,Broker A,300362.875,0.31,0.898724616,47149,Buy,800,700,0.059576784,984.11,978.78,978.8,984.84,984.0334372
GM,8/9/24,Broker E,17818398,0.47,1.023413062,42893,Buy,439100,439100,0.06818309,45.05,44.39,44.53,45.21,44.96583298
NXPI,8/9/24,Broker D,3608436.75,0.87,1.313321352,43496,Buy,86900,86900,0.125382456,175.16,171.5,171.53,176.78,175.1038845
TGT,8/9/24,Broker D,9577029,0.59,0.745406866,42724,Buy,405600,405600,0.149289249,95.63,93.78,93.83,96.4,95.54961258
MSCI,8/9/24,Broker B,605950.1875,0.44,0.953426242,41399,Sell,3400,3400,0.165253925,528.87,533.48,533.31,533.17,528.8837939
KDP,8/9/24,Broker A,14291824,0.25,0.479637235,47907,Buy,74200,69100,0.057890268,35.62,35.31,35.41,35.59,35.5103477
EW,8/9/24,Broker B,4871998.5,0.29,0.932674706,40680,Buy,25900,25900,0.173743784,69.75,69.2,69.33,69.89,69.68622705
MET,8/9/24,Broker B,4264862,0.57,0.970704496,47958,Buy,141200,141200,0.104332803,71.56,70.4,70.29,71.91,71.49460043
PEG,8/9/24,Broker C,3184916.75,0.3,0.649215996,40010,Sell,11800,11800,0.196805636,79.82,80.25,80.23,79.92,79.84643077
VRSK,8/9/24,Broker B,1055410.375,0.32,0.653001904,39793,Buy,6000,6000,0.024120706,286.39,284.35,284.49,287.95,286.3380066
LHX,8/9/24,Broker C,1484300.75,0.31,0.786988199,40194,Buy,38000,38000,0.168819734,216.3,214.12,214.11,216.49,216.2924263
CTVA,8/9/24,Broker C,3840735.75,0.42,0.811250389,40380,Buy,77700,77700,0.054581141,60.11,59.12,59.41,60.25,60.15444484
PSX,8/9/24,Broker D,3662350.5,0.67,0.967380404,39525,Buy,10500,10500,0.025052751,97.92,97.01,97.15,98.4,97.82486527
MNST,8/9/24,Broker E,6403771.5,0.29,0.588039458,56453,Sell,180700,180700,0.043770315,57.43,58.01,57.9,57.68,57.51540336
AXON,8/9/24,Broker B,729520.5,0.59,1.405653238,42188,Sell,20800,20800,0.147345063,532.07,541.93,541.64,538.56,532.0811438
MPC,8/9/24,Broker A,3156129.25,0.66,0.903885305,39477,Buy,95300,95300,0.177114716,129.25,126.72,126.71,131.02,129.1738323
XEL,8/9/24,Broker C,3795987.5,0.26,0.411776662,39727,Buy,33300,33300,0.177808931,69.56,68.97,69.13,69.7,69.5451267
DFS,8/9/24,Broker C,2594477.75,0.77,1.18055141,41593,Buy,122900,122900,0.106900242,169.34,165.31,165.2,169.86,169.3565726
YUM,8/9/24,Broker C,2512590.25,0.33,0.630044401,39132,Buy,118400,118400,0.118986568,142.36,140.51,140.5,144.08,142.330732
FIS,8/9/24,Broker D,4254328,0.48,0.729293287,40453,Sell,216500,200900,0.078762074,75,76.37,76.3,75.58,75.05559344
PWR,8/9/24,Broker C,1551233.25,0.53,1.243507385,37625,Buy,33500,33500,0.109962687,257.55,253.77,253.9,258.18,257.5403879
VST,8/9/24,Broker A,8435292,0.94,1.630477905,36234,Buy,167600,160500,0.081703011,108.99,106.52,106.63,109.78,108.8048777
OTIS,8/9/24,Broker B,2712143.75,0.37,0.794259965,38396,Sell,3500,3500,0.030650055,96.47,97.05,96.92,96.69,96.4985791
ED,8/9/24,Broker A,3002038.25,0.26,0.309197754,39968,Buy,49500,49500,0.146542472,112.03,110.96,111.07,112.77,111.9255767
CMI,8/9/24,Broker A,1025966.188,0.55,1.032185197,37770,Buy,26500,25000,0.024021742,278.8,274.21,274.3,279.65,278.6991303
URI,8/9/24,Broker D,761241.625,0.55,1.479452729,37278,Buy,12300,12300,0.086917451,577.84,570.6,570.51,579.19,577.8146276
TEL,8/9/24,Broker A,2187387,0.51,1.162813902,38413,Buy,18000,18000,0.031897717,130.52,128.75,129.1,131.09,130.423164
BKR,8/9/24,Broker C,8978361,0.68,0.912857592,37435,Buy,257400,244100,0.027039982,38.48,37.8,37.77,38.47,38.44971128
TRGP,8/9/24,Broker A,2373329,0.71,1.006133914,35801,Buy,103600,103600,0.107016006,168.65,164.54,164.71,169.72,168.5114834
PCG,8/9/24,Broker D,18206530,0.3,0.577123642,37009,Buy,725400,725400,0.043381389,17.08,16.84,16.89,17.1,17.06731982
F,8/9/24,Broker B,154269360,0.51,0.947989166,37658,Sell,5511500,4711300,0.129810732,9.37,9.47,9.52,9.44,9.404382326
AME,8/9/24,Broker C,1552392.625,0.38,0.908328295,35823,Sell,73800,73800,0.192077729,153.01,155.25,155.3,154.22,153.0264444
HES,8/9/24,Broker C,2205686.5,0.57,0.845936716,39072,Buy,45200,45200,0.082208866,128.14,126.32,126.26,129.24,128.1223148
ETR,8/9/24,Broker E,5055218.5,0.32,0.588191152,35935,Sell,81800,81800,0.137991185,79.86,80.51,80.42,80.18,79.96386466
PRU,8/9/24,Broker B,2169791,0.52,0.964037359,34333,Buy,45500,45500,0.050466597,98.36,96.87,96.95,98.61,98.27380743
SYY,8/9/24,Broker E,3494709.5,0.33,0.499918789,34951,Buy,129100,129100,0.066400411,72.22,71.44,71.49,72.5,72.10341618
TTWO,8/9/24,Broker E,1877009.375,0.37,0.942398071,36210,Buy,16400,16400,0.02871724,206.58,205.16,205.35,206.67,206.4434277
VLO,8/9/24,Broker D,4028594.5,0.69,1.000251889,34226,Buy,13500,13500,0.029208427,109.92,108.84,108.98,110.77,109.8913214
CBRE,8/9/24,Broker A,2165243.75,0.44,1.102758408,34651,Buy,57700,57700,0.191934904,117.27,115.56,115.6,117.93,117.1540575
ACGL,8/9/24,Broker A,1782318.875,0.41,0.650769889,33736,Buy,67800,66900,0.150520839,91.17,89.79,89.79,91.77,91.02342687
EA,8/9/24,Broker D,3472875.25,0.31,0.707976997,36989,Buy,187400,158200,0.080044287,143.78,141.93,142.08,144.74,143.6773257
WEC,8/9/24,Broker A,2579657.75,0.21,0.450434834,34130,Sell,45400,45400,0.063833465,106.15,106.96,106.97,106.64,106.2533684
DHI,8/9/24,Broker B,3912135,0.41,0.862580538,38054,Buy,42200,42200,0.076674962,122.06,120.76,120.87,123.05,122.0457962
CTSH,8/9/24,Broker D,4620921.5,0.45,0.897250831,33549,Buy,61500,61500,0.020089958,68.65,68.06,67.95,68.79,68.55007096
VICI,8/9/24,Broker E,8872924,0.29,0.661714256,33973,Buy,433200,433200,0.110993355,32.5,32.15,32.17,32.4,32.39633995
HIG,8/9/24,Broker E,1744182.625,0.36,0.681961477,32598,Sell,59200,58800,0.086587332,112.86,114.22,114.07,113.79,112.9971293
IDXX,8/9/24,Broker C,920356.4375,0.47,1.024811983,32955,Buy,27900,27900,0.100660757,412.77,406.65,406.75,414.55,412.7539618
CSGP,8/9/24,Broker B,3336447.5,0.46,1.052419782,32817,Buy,32100,32100,0.022630773,78.58,77.81,77.78,78.84,78.47750841
CHTR,8/9/24,Broker D,1460611,0.5,0.81772697,51101,Sell,66800,58300,0.157195915,317.06,322.43,322.4,318.7,317.12256
CAH,8/9/24,Broker D,2750151.25,0.3,0.615272462,31686,Buy,25700,25700,0.076661193,132.06,131.17,131.21,132.57,131.9955089
WTW,8/9/24,Broker D,719839.0625,0.32,0.564704597,31380,Buy,29700,29700,0.134580492,319.62,315.76,315.87,320.43,319.5581519
GLW,8/9/24,Broker A,7247951.5,0.55,1.127289295,34871,Buy,184500,184500,0.082107406,41.51,40.7,40.83,41.49,41.40798984
VMC,8/9/24,Broker B,1552427.25,0.32,0.91711092,30934,Sell,34200,34200,0.148339018,231.63,234.17,234.07,232.61,231.6842261
HUM,8/9/24,Broker A,1663929.125,0.52,0.504744947,29680,Buy,1600,1600,0.025384062,247.45,245.91,246.03,248.68,247.3820626
EBAY,8/9/24,Broker A,5998861,0.38,0.746352613,30584,Buy,204700,204700,0.111081188,66.61,65.63,65.68,66.54,66.53164911
GIS,8/9/24,Broker C,7428856.5,0.32,0.222607225,31580,Sell,75400,69100,0.118262665,57.19,57.67,57.61,57.43,57.20593326
RMD,8/9/24,Broker B,1162067.625,0.38,1.053770781,30970,Buy,25300,25300,0.120841201,213.46,210.87,210.98,215.61,213.3492429
IT,8/9/24,Broker A,862088.0625,0.45,1.129665256,30243,Buy,22100,22100,0.140654313,398.33,392.47,392.63,402.5,398.198082
EQT,8/9/24,Broker D,8427179,0.55,1.113951445,28486,Sell,238300,238300,0.117587078,46.87,47.68,47.62,46.95,46.93490792
MLM,8/9/24,Broker A,607821.625,0.33,0.953669608,29395,Buy,5600,5600,0.017608063,489.26,485.07,485.15,492.92,489.1676077
CNC,8/9/24,Broker B,4603081,0.31,0.406555951,28776,Buy,98100,98100,0.159274014,58.54,58.01,57.96,58.89,58.49936984
EXR,8/9/24,Broker E,1285439.375,0.39,0.8493523,29330,Sell,18200,18200,0.05094049,137.23,138.2,138.32,137.65,137.3410025
NDAQ,8/9/24,Broker E,3591433.75,0.46,0.828990459,40567,Sell,168500,168500,0.061450362,69.58,70.66,70.64,70.63,69.66546127
VTR,8/9/24,Broker D,3759618.25,0.28,0.697105527,29243,Sell,12900,12900,0.085605873,66.55,66.81,66.83,66.63,66.58901711
GRMN,8/9/24,Broker C,1260726.25,0.65,0.991939723,35947,Buy,32500,32500,0.098958326,190.27,186.83,186.94,191.84,190.2107751
A,8/9/24,Broker B,2477031.75,0.47,0.998218417,28584,Sell,61800,61800,0.052225774,98.8,100.26,100.24,99.4,98.83477349
WAB,8/9/24,Broker C,1099454.375,0.48,1.110182405,28560,Buy,23500,23500,0.103347355,169.41,167.06,167.19,170.88,169.4208089
IR,8/9/24,Broker D,3131694,0.52,1.183133483,28103,Buy,84200,84200,0.05790392,70.81,69.72,69.78,71.31,70.72423795
STZ,8/9/24,Broker B,2573782.25,0.32,0.651316345,33844,Buy,1200,1200,0.010433907,187.85,187.26,187.27,188.32,187.8701362
AWK,8/9/24,Broker B,1828562.625,0.3,0.470711619,28692,Buy,82800,82800,0.110915075,149.06,147.13,147.2,150.22,148.9986781
AVB,8/9/24,Broker A,957343.8125,0.39,0.853089452,28729,Sell,47800,47800,0.19384121,198.44,201.79,201.73,200.9,198.5460505
ODFL,8/9/24,Broker D,1910647.125,0.58,1.112155557,31794,Sell,80100,75800,0.115362093,147.04,149.87,149.82,147.52,147.0555228
GEHC,8/9/24,Broker A,5121890.5,0.71,1.147836328,27690,Buy,215300,215300,0.105649235,61.84,60.48,60.41,62.98,61.77191618
LULU,8/9/24,Broker A,3117086,0.75,0.817370057,30631,Buy,105700,105700,0.045125551,259.68,253.91,253.88,264.07,259.58516
BRO,8/9/24,Broker D,1961675.125,0.32,0.701902211,32509,Buy,10600,10600,0.065939116,114.1,113.42,113.47,114.39,114.0723405
DTE,8/9/24,Broker A,1640223.5,0.26,0.47982955,27347,Sell,15600,15600,0.103894427,130.86,131.78,131.83,131.32,130.9443285
BR,8/9/24,Broker B,621545.6875,0.36,0.782384157,26690,Buy,23200,20300,0.032002193,231.09,228.08,228.14,232.3,231.0208142
EFX,8/9/24,Broker C,1234932.125,0.52,1.309583545,26868,Sell,62000,57000,0.164105536,211.23,215.29,215.21,212.48,211.1869209
OXY,8/9/24,Broker A,15108736,0.7,0.679570973,36670,Buy,236800,203900,0.181547836,39.58,39.02,38.96,39.57,39.45971756
XYL,8/9/24,Broker D,1987830.125,0.41,1.123633265,26408,Buy,38600,38600,0.070130191,109.63,108.52,108.44,110.3,109.6120873
TSCO,8/9/24,Broker E,5318770.5,0.45,0.765961647,26363,Buy,167200,149700,0.115787727,50.32,49.59,49.73,50.37,50.17955544
DXCM,8/9/24,Broker E,4825727,0.55,1.070894837,25922,Buy,147900,147900,0.110336484,67.19,66.11,66.22,67.64,67.09781605
AEE,8/9/24,Broker B,2107070.25,0.25,0.507441759,26065,Buy,91000,91000,0.129185512,97.45,96.48,96.4,98.41,97.48058609
MTB,8/9/24,Broker C,1625571.25,0.47,0.980700493,25756,Buy,28500,28500,0.078080466,158.84,156.77,156.92,159.3,158.8720554
ANSS,8/9/24,Broker A,632879.5625,0.41,1.127478838,26115,Buy,12800,12800,0.076447921,301.69,297.94,297.94,304.71,301.5543674
DELL,8/9/24,Broker D,8990889,0.93,1.688794136,57495,Buy,187200,187200,0.042239104,84.1,82.39,82.36,85.47,84.06747938
PPL,8/9/24,Broker C,5713525,0.25,0.522806942,26096,Buy,145800,145800,0.055955244,35.75,35.31,35.44,35.76,35.67577699
ROK,8/9/24,Broker D,1085357.25,0.53,1.038438201,25660,Buy,43700,39400,0.123217759,230.79,226.93,226.99,233.39,230.7398442
DAL,8/9/24,Broker C,15970300,0.95,1.207352281,25772,Sell,358200,358200,0.195302165,38.5,39.47,39.39,39.3,38.53077846
NUE,8/9/24,Broker D,2965347.25,0.63,1.079811215,24614,Sell,113500,100800,0.162002709,104.67,106.67,106.66,105.42,104.6972612
CHD,8/9/24,Broker D,1830031.375,0.27,0.411989838,25384,Buy,13000,12600,0.100551199,103.78,103.14,103.23,103.94,103.7505682
FANG,8/9/24,Broker B,3052251.25,0.82,0.885042548,38922,Buy,38300,38300,0.020580738,134.77,132.35,132.52,134.81,134.7275487
KHC,8/9/24,Broker C,12042805,0.33,0.360269487,35730,Sell,228800,191800,0.047793674,29.67,29.94,29.94,29.81,29.68535802
DD,8/9/24,Broker D,3624361,0.71,0.984351695,25156,Buy,135200,135200,0.073993026,61.23,60.11,59.96,62.16,61.19859018
MPWR,8/9/24,Broker D,1145968.625,1.11,1.914679885,24331,Buy,41500,41500,0.051439812,523.19,508.19,508.21,532.81,523.1124561
ATO,8/9/24,Broker C,1068291.25,0.23,0.55874145,24847,Buy,50500,50500,0.195408807,158.21,156.54,156.62,158.87,158.2329819
IRM,8/9/24,Broker D,2148413.75,0.49,1.041708589,24072,Sell,14500,14500,0.092605767,80.97,81.61,81.67,81.21,81.0069455
SBAC,8/9/24,Broker E,1136725.875,0.32,0.55840081,24366,Buy,6300,5600,0.028812222,226.6,225.55,225.73,226.61,226.5142283
HSY,8/9/24,Broker B,1714671.625,0.32,0.440539747,33721,Buy,73800,73800,0.107697974,168.64,166.47,166.47,170.49,168.6375567
RJF,8/9/24,Broker D,1904403.75,0.49,1.124410748,26810,Sell,1400,1300,0.037129944,130.38,130.84,130.84,130.67,130.4134457
TPL,8/9/24,Broker A,145288.7344,0.87,1.070005655,28707,Sell,6100,6100,0.134886984,1214.92,1248.97,1249.02,1222.14,1215.013112
LEN,8/9/24,Broker C,3604617.5,0.41,0.952108204,27192,Buy,164500,164500,0.141498546,105.46,103.71,103.86,105.57,105.4834197
IP,8/9/24,Broker B,6315342,0.57,0.763397038,23786,Sell,303500,283700,0.184652405,44.08,45.06,44.99,44.47,44.1193357
TYL,8/9/24,Broker E,289309.8438,0.37,0.932694316,23947,Sell,1900,1900,0.128486409,552.67,555.53,555.59,555.25,552.7709078
GDDY,8/9/24,Broker D,1731630.75,0.4,1.121523619,23532,Buy,46400,46400,0.111432369,167.33,165.21,165.34,167.58,167.2747999
CNP,8/9/24,Broker A,6544230,0.2,0.511033058,23818,Buy,157900,157900,0.144645347,36.79,36.49,36.49,36.76,36.70348265
IQV,8/9/24,Broker B,2062076.375,0.54,0.965077341,24899,Buy,14400,14400,0.177343096,142.78,141.22,141.32,143.27,142.7337237
DRI,8/9/24,Broker E,1471352.875,0.41,0.675583124,23062,Sell,51300,45600,0.198950105,194.86,197.07,197.12,196.45,194.9457391
STT,8/9/24,Broker A,2406070.25,0.51,0.965664208,23269,Sell,42100,42100,0.139285848,79.59,80.63,80.72,80.53,79.67627626
KEYS,8/9/24,Broker E,1073229.625,0.59,1.460006237,22790,Buy,51300,45600,0.090183995,134.32,131.88,131.98,134.38,134.2182497
EQR,8/9/24,Broker D,2058523.25,0.41,0.833705187,25639,Buy,9500,8800,0.098516281,68.01,67.5,67.59,68.1,68.02834638
PPG,8/9/24,Broker B,2583960.25,0.52,0.913599849,22561,Buy,48300,48300,0.038156062,100.88,99.4,99.49,101.09,100.7934669
FITB,8/9/24,Broker E,6024540,0.51,1.154086709,22261,Sell,104200,104200,0.034953065,32.86,33.32,33.22,32.93,32.93073935
ADM,8/9/24,Broker B,5736518,0.43,0.613135517,23091,Buy,188200,188200,0.128951379,49.01,48.09,48.3,49.06,48.98159576
CBOE,8/9/24,Broker A,1028178.75,0.3,0.335441858,22449,Sell,21700,21700,0.026709388,211.94,214.39,214.15,213.89,212.0635179
EXE,8/9/24,Broker B,6257997,0.43,0.875163198,23791,Buy,262700,262700,0.041264619,103.86,102.24,102.22,104.98,103.8057194
HPQ,8/9/24,Broker A,10433243,0.69,1.06854558,22389,Sell,136600,136600,0.11054541,23.44,23.75,23.81,23.56,23.54464284
FTV,8/9/24,Broker C,2953923,0.5,1.015593648,21779,Sell,80300,80300,0.029452064,62.95,64,63.9,63.11,62.97633291
EIX,8/9/24,Broker C,3870291.5,0.38,0.615453899,21488,Sell,20400,20400,0.070374526,55.45,55.81,55.83,55.44,55.43024834
K,8/9/24,Broker B,2832324.25,0.04,0.390702844,28449,Sell,52400,50000,0.1483657,82.34,82.41,82.54,82.51,82.42471738
VLTO,8/9/24,Broker E,1591432.75,0.37,1.5,21630,Sell,72800,72800,0.183748288,86.25,87.2,87.32,86.8,86.3486627
DOV,8/9/24,Broker A,1323083.75,0.51,1.118279934,21659,Sell,45300,39500,0.0488929,155.55,158.02,158.18,157.06,155.6717031
STE,8/9/24,Broker A,602092.9375,0.32,0.631336212,21495,Buy,28600,28600,0.111780592,221.74,218.78,218.68,223.42,221.6927024
UAL,8/9/24,Broker C,12011164,1.08,1.18553853,21399,Sell,405900,405900,0.177676979,63.4,65.3,65.27,64.55,63.39444561
CMS,8/9/24,Broker B,2745851.25,0.23,0.402545393,21566,Buy,21500,21500,0.045077699,72.42,72.1,72,72.41,72.34413595
FE,8/9/24,Broker E,5861474.5,0.28,0.476894647,24124,Buy,205000,205000,0.145820041,42.37,41.8,42.01,42.39,42.24686006
NVR,8/9/24,Broker A,26889.36719,0.39,0.721931219,21180,Buy,1000,800,0.09369957,7232.09,7133.84,7133.78,7265.17,7231.99095
CPAY,8/9/24,Broker D,511122.2813,0.7,1.102929354,20953,Buy,14500,14500,0.177270389,304.15,298.26,298.48,308.03,304.0846311
TDY,8/9/24,Broker A,304619.3125,0.41,0.851020634,21234,Buy,700,700,0.190843656,456.31,453.35,453.39,458.81,456.1736675
ES,8/9/24,Broker E,2653985.75,0.35,0.498877913,20696,Buy,102800,102800,0.097815306,56.82,56.38,56.21,56.93,56.68553379
MTD,8/9/24,Broker B,196380.4375,0.55,1.060753942,20219,Buy,1800,1800,0.026649666,981.42,970.15,970.31,987.69,981.3336173
MCHP,8/9/24,Broker D,13373664,1.16,1.530130506,21206,Buy,88100,88100,0.13141895,40.24,39.43,39.58,40.41,40.19888101
CINF,8/9/24,Broker C,926051.375,0.41,0.634547472,19996,Sell,28700,28700,0.035536379,126.06,127.72,127.78,126.76,126.0682692
WRB,8/9/24,Broker E,2284885,0.37,0.595682919,25539,Buy,69600,69600,0.123085409,68.14,67.33,67.44,68.44,67.9581111
DG,8/9/24,Broker D,5504300.5,0.46,0.147626966,21029,Sell,122100,122100,0.171729282,94.23,95.61,95.43,94.71,94.29783542
SW,8/9/24,Broker E,4414833.5,0.57,1.5,21286,Sell,66400,57500,0.163286103,40.34,40.78,40.78,40.52,40.46394884
CDW,8/9/24,Broker E,1711498.375,0.53,1.044915199,19557,Buy,63200,63200,0.083586839,150.7,148.42,148.42,151.4,150.5619536
VRSN,8/9/24,Broker C,912534.6875,0.29,0.593307614,22717,Buy,33800,33800,0.055499311,244.01,241.34,241.34,245.38,244.0222484
LYV,8/9/24,Broker C,2976203.75,0.53,1.095992446,28820,Sell,33100,29100,0.114408797,122.2,123.48,123.55,123.23,122.1929019
DVN,8/9/24,Broker C,10589528,0.85,0.784066737,19133,Sell,314600,296300,0.027515714,28.94,29.48,29.6,29.52,28.94751017
HPE,8/9/24,Broker B,29635630,0.83,1.436243892,19467,Sell,1271300,1271300,0.095629204,14.32,14.82,14.7,14.59,14.41934131
HBAN,8/9/24,Broker E,25923222,0.59,1.129999638,19676,Buy,119900,103000,0.112751479,13.71,13.47,13.62,13.57,13.58933756
NRG,8/9/24,Broker E,3331282.75,0.74,1.218113065,18959,Buy,126900,126900,0.198494178,95,93.09,93.09,95.26,94.93106509
DOW,8/9/24,Broker A,9681285,0.76,0.934338987,19846,Sell,478900,478900,0.133512329,27.22,28.12,27.95,27.38,27.30865314
HAL,8/9/24,Broker A,14295516,0.79,0.9959566,18895,Buy,313200,313200,0.029475841,22.48,21.92,22.03,22.62,22.35615587
TROW,8/9/24,Broker E,2628548.75,0.55,1.24284482,18568,Buy,88000,86600,0.124481539,84.87,83.55,83.6,85.83,84.74784825
ZBH,8/9/24,Broker E,2224673.75,0.3,0.66424644,19026,Sell,22900,22900,0.192337324,95.63,96.17,96.14,96.04,95.68867467
PHM,8/9/24,Broker B,2378124.5,0.43,0.928031027,18770,Buy,98200,98200,0.175645165,94.61,93.11,93.13,94.96,94.56446066
INVH,8/9/24,Broker B,3488844.75,0.31,0.804176807,20470,Sell,125700,125700,0.069392176,32.94,33.4,33.34,33.17,33.02384657
WAT,8/9/24,Broker B,577985.25,0.53,0.874369264,18814,Buy,28200,28200,0.148828496,322.28,316.23,316.08,326.61,322.2150143
CTRA,8/9/24,Broker C,7670125,0.45,0.794653773,18957,Buy,193100,173100,0.129273289,25.24,24.81,24.92,25.29,25.25917565
MKC,8/9/24,Broker D,2814116.5,0.32,0.453034908,20013,Sell,56700,47600,0.120826908,73.94,74.67,74.58,74.42,73.92708008
CCL,8/9/24,Broker C,30730354,0.84,1.585720658,22498,Buy,617400,617400,0.058397082,17.75,17.24,17.41,17.87,17.76621386
WY,8/9/24,Broker C,3923671.75,0.41,0.926903367,17921,Sell,191900,191900,0.195905336,24.18,24.69,24.57,24.25,24.21619376
EXPE,8/9/24,Broker C,2731665,0.76,1.383257627,18899,Sell,25400,25400,0.025367333,144.47,146.67,146.52,144.97,144.513936
SYF,8/9/24,Broker B,5665065,0.79,1.195883751,18361,Sell,238700,238700,0.147292858,45.89,47.23,47.07,46.15,45.99794132
IFF,8/9/24,Broker E,2113117.5,0.43,0.765907586,18594,Buy,4800,4800,0.092815939,73.01,72.71,72.75,72.9,72.89789217
NI,8/9/24,Broker E,5584637.5,0.29,0.636198223,17935,Buy,9100,9100,0.168150248,38.45,38.11,38.38,38.34,38.34444068
MAA,8/9/24,Broker A,1073008.875,0.33,0.744632661,18099,Buy,29200,25800,0.116317234,156.64,154.82,154.86,158.23,156.5491738
LDOS,8/9/24,Broker A,1774806.75,0.33,0.886574626,17724,Sell,14600,13400,0.192999843,137.08,138.24,138.18,137.45,137.2264831
HUBB,8/9/24,Broker B,752433.75,0.47,1.161202312,17637,Sell,30600,30600,0.171078639,323.66,329.22,329.23,325.03,323.7469031
DGX,8/9/24,Broker A,1434326.75,0.25,0.461955011,17963,Sell,35100,35100,0.197874605,160.19,161.86,161.74,160.93,160.2332999
WBD,8/9/24,Broker B,44823424,1.01,1.16329062,19642,Sell,1713800,1713800,0.143118302,7.69,7.94,7.92,7.77,7.757699877
LH,8/9/24,Broker E,818770,0.33,0.56757921,17756,Sell,12000,12000,0.019838469,210.77,212.22,212.21,211.71,210.7995124
MOH,8/9/24,Broker A,752848.375,0.42,0.305419803,16524,Buy,21000,21000,0.055692363,306.53,302.09,302.24,309.21,306.4136362
LII,8/9/24,Broker E,457593.5,0.48,1.069374204,19202,Sell,2800,2800,0.135490462,537.51,541.02,541.08,540.77,537.6256942
ESS,8/9/24,Broker A,526468.6875,0.42,0.903372884,17425,Buy,8100,8100,0.060082374,273.93,270.89,270.76,275.55,273.8459935
RF,8/9/24,Broker C,11484495,0.53,1.14174211,17285,Sell,286800,286800,0.062943207,18.68,19.09,18.97,18.9,18.73181694
TSN,8/9/24,Broker C,2524327,0.29,0.444923162,21653,Sell,100500,100500,0.100615565,60.05,60.79,60.74,60.71,60.1001936
BIIB,8/9/24,Broker A,1859786.375,0.44,0.701340735,17051,Sell,52500,52500,0.097119934,114.75,116.49,116.47,115.45,114.8622568
PODD,8/9/24,Broker A,913339.9375,0.47,1.104999661,16754,Buy,10800,10800,0.088687094,241.33,238.57,238.55,243.06,241.2879088
NTRS,8/9/24,Broker E,1545806.5,0.52,1.090333939,16920,Buy,69200,69200,0.066911811,88.13,86.78,86.72,88.31,87.94766483
PTC,8/9/24,Broker C,1066607.125,0.44,1.078693867,16800,Buy,20900,20900,0.047324992,141.52,139.62,139.83,142.53,141.5149765
CLX,8/9/24,Broker B,1512404.375,0.23,0.525460303,17079,Sell,73300,72900,0.06158361,137.27,138.64,138.75,137.68,137.2807465
GPN,8/9/24,Broker B,3507925.75,0.84,0.966453552,16589,Buy,98100,98100,0.055398352,69.23,67.47,67.69,69.41,69.20192328
WSM,8/9/24,Broker C,3767200.25,0.79,1.285576701,17028,Buy,78400,78400,0.066184301,140.61,137.87,137.97,141.79,140.6237235
NTAP,8/9/24,Broker D,2661723.75,0.59,1.255655408,16615,Buy,83100,83100,0.047058337,83.04,81.68,81.63,83.16,82.98328173
STLD,8/9/24,Broker D,2060822.125,0.57,1.085546494,17021,Sell,26100,26100,0.043723141,112.14,113.55,113.51,112.59,112.1279773
PKG,8/9/24,Broker D,1002152,0.39,0.758322477,16373,Buy,25900,25900,0.041699752,184.26,182.07,182.14,185.25,184.2159019
ULTA,8/9/24,Broker C,1273502.75,0.66,0.72329247,16568,Sell,37500,37500,0.047179702,358.69,365.67,365.59,362.59,358.6904637
FDS,8/9/24,Broker D,352102.2813,0.36,0.788227975,15673,Sell,4600,4400,0.031318199,409.45,413.03,412.91,411.54,409.5401358
DPZ,8/9/24,Broker E,719962.3125,0.39,0.976678789,16060,Sell,6000,6000,0.133885462,465.26,468.27,468.16,465.97,465.348845
DECK,8/9/24,Broker E,3603507.5,0.77,0.957816899,15716,Sell,121800,121800,0.039176548,101.37,103.55,103.46,102.81,101.4900109
STX,8/9/24,Broker C,4192351,0.75,1.502993703,15652,Sell,209200,179800,0.12057097,72,73.93,73.75,72.92,72.02442661
SNA,8/9/24,Broker D,519470.875,0.45,0.87209785,15288,Buy,10300,10300,0.028883202,295.84,292.36,292.38,299.1,295.8017372
DLTR,8/9/24,Broker D,6869030,0.79,0.797286034,17131,Buy,199400,177700,0.17449846,81.24,79.65,79.63,82.68,81.19808198
GPC,8/9/24,Broker D,1654921.25,0.42,0.686277211,15519,Buy,69700,69700,0.131195224,113.55,111.82,111.9,114.87,113.4711759
SMCI,8/9/24,Broker E,53867424,1.05,2.397611856,17514,Buy,1063300,1063300,0.168707064,30.16,29.51,29.53,30.61,30.08064194
COO,8/9/24,Broker E,2442022.25,0.45,0.941235423,15739,Sell,41200,41200,0.055702167,77.89,78.7,78.65,78.51,77.97708667
EVRG,8/9/24,Broker A,2780009.25,0.23,0.49877277,15381,Buy,124900,124900,0.191502709,67.66,66.95,66.93,68.06,67.5592863
ROL,8/9/24,Broker B,2293436.25,0.33,0.708591282,26548,Sell,103800,103800,0.193918736,53.99,54.73,54.73,54.43,54.06994563
LNT,8/9/24,Broker D,2183584.75,0.26,0.496919721,15230,Sell,93200,93200,0.078890675,58.57,59.29,59.17,59.07,58.65785871
CFG,8/9/24,Broker B,6193755.5,0.62,1.265007377,15077,Buy,46900,46900,0.125407878,35,34.49,34.59,35.04,34.96289153
PFG,8/9/24,Broker D,1607446.125,0.57,0.982086778,15807,Sell,64200,64200,0.053024621,68.93,70.26,70.22,69.97,68.99339038
L,8/9/24,Broker A,910343.9375,0.39,0.612332523,17530,Sell,27800,27800,0.138950718,81.92,83.34,83.07,82.98,82.05709899
EG,8/9/24,Broker D,415288.5313,0.35,0.552587211,16384,Sell,16900,16900,0.167543897,338.45,342.87,342.79,342.61,338.4652108
EXPD,8/9/24,Broker E,1753609.625,0.44,0.754186869,14436,Sell,300,300,0.174362693,104.62,104.79,104.65,104.67,104.6842633
FFIV,8/9/24,Broker D,576744.125,0.48,0.925122261,14459,Sell,7200,7200,0.178617106,248.15,250.8,250.79,250.46,248.1695505
JBL,8/9/24,Broker B,1724661.25,0.67,1.366136074,13928,Buy,77400,77400,0.102278098,132.83,129.75,129.89,135.64,132.8097946
BAX,8/9/24,Broker A,5027440,0.56,0.750824749,14639,Sell,99000,95400,0.036023504,28.12,28.54,28.56,28.25,28.23141054
LYB,8/9/24,Broker D,4547265,0.69,0.844999075,18176,Sell,194200,194200,0.194247229,55.01,56.3,56.23,56.22,55.0820778
LUV,8/9/24,Broker A,16223484,0.81,0.978310943,13797,Buy,243400,202900,0.170058691,24.48,24.04,24.06,24.5,24.42171865
WST,8/9/24,Broker D,972558.875,0.44,0.812731206,14884,Sell,49400,43300,0.146049583,202.72,205.88,205.94,202.83,202.7262991
ON,8/9/24,Broker E,10593790,0.95,1.216935754,14662,Sell,366200,366200,0.164730196,33.8,34.74,34.64,34.3,33.93828874
OMC,8/9/24,Broker A,4378209.5,0.49,0.86769712,14065,Sell,48800,48800,0.011414991,71.32,72.09,72.17,71.6,71.42776124
J,8/9/24,Broker A,987790.3125,0.37,0.765809715,14176,Sell,5200,4400,0.076542151,114.67,115.68,115.52,115.16,114.753391
TRMB,8/9/24,Broker D,1833999.625,0.59,1.16162169,13818,Buy,34200,34200,0.084185492,57.22,56.22,56.41,57.76,57.19126872
KEY,8/9/24,Broker E,18568466,0.59,1.350797296,15110,Sell,63900,63900,0.03623819,13.54,13.79,13.62,13.63,13.63109387
BALL,8/9/24,Broker B,2751362.5,0.35,0.72291398,13357,Buy,88900,88900,0.144952904,47.94,47.3,47.34,47.92,47.9057211
KIM,8/9/24,Broker B,6303217,0.41,0.923541188,13651,Buy,168000,168000,0.093901682,20.36,20.09,20.09,20.42,20.32138404
AVY,8/9/24,Broker E,860455.75,0.33,0.759776711,13348,Sell,27500,27500,0.08848353,167.53,169.03,169.15,168.19,167.6250182
FSLR,8/9/24,Broker A,3386447.75,0.58,0.734085619,13132,Buy,99400,88900,0.156796386,124.62,122.45,122.48,126.22,124.4981272
AMCR,8/9/24,Broker B,34436428,0.35,0.618396103,13456,Buy,119500,119500,0.076673312,9.35,9.31,9.29,9.25,9.270254912
BLDR,8/9/24,Broker D,1751718.125,0.58,1.242862463,12976,Sell,4700,4700,0.145431225,113.22,114.08,114.01,113.88,113.29145
PNR,8/9/24,Broker C,1924131,0.49,1.106546164,13026,Sell,71200,67000,0.128672143,77.58,78.96,78.84,78.28,77.62528732
GEN,8/9/24,Broker B,4726144.5,0.47,1.009418488,14520,Sell,119800,119800,0.110935468,23.18,23.56,23.52,23.36,23.25919962
TPR,8/9/24,Broker B,7014728.5,0.63,1.042785764,13079,Buy,72200,72200,0.056067379,64.09,63.18,63.26,64.1,64.02918932
DOC,8/9/24,Broker B,5513162,0.29,0.821606755,12889,Buy,74600,74600,0.088069391,18.66,18.45,18.51,18.65,18.62449411
MAS,8/9/24,Broker B,2461541.5,0.48,1.01499474,12710,Sell,41100,41100,0.19098569,59.34,60.05,60.1,59.81,59.39823116
CF,8/9/24,Broker B,2908823.75,0.38,0.506944835,12507,Buy,152600,129200,0.162693538,76.16,75.13,75.04,76.2,76.06364284
HOLX,8/9/24,Broker B,3410084.75,0.3,0.439089477,12853,Buy,64600,64600,0.117811864,57.61,56.94,57.07,57.92,57.58149593
EL,8/9/24,Broker C,4540624.5,0.78,1.135743618,19565,Sell,106000,106000,0.163202596,53.19,54.39,54.26,53.39,53.22970136
WDC,8/9/24,Broker C,9308912,0.9,1.804587364,12508,Sell,395500,395500,0.05219187,35.06,35.96,36.04,35.75,35.12796954
JKHY,8/9/24,Broker B,710372.875,0.38,0.583922863,12299,Buy,2200,2200,0.105255574,169.84,168.72,168.8,170.22,169.8144396
IEX,8/9/24,Broker D,721935.25,0.4,0.921658635,12137,Sell,34100,29100,0.095863525,158.29,160.66,160.53,160.36,158.3203364
UDR,8/9/24,Broker B,2407958,0.43,0.85049963,13490,Sell,114200,114200,0.135543846,40.17,40.74,40.85,40.25,40.18063145
SJM,8/9/24,Broker B,1412505.25,0.28,0.436529636,12334,Buy,67400,67400,0.064049941,117.41,115.9,115.99,117.66,117.3094136
CAG,8/9/24,Broker C,6965156.5,0.29,0.338077486,12120,Sell,40400,40400,0.079712704,25.34,25.39,25.49,25.42,25.37284667
TXT,8/9/24,Broker A,1671518.375,0.52,1.009713173,11729,Buy,73100,73100,0.102979715,65.81,64.58,64.57,66.43,65.75300797
BBY,8/9/24,Broker B,4805700,0.84,0.958788991,13128,Sell,144500,144500,0.190366873,60.41,62.11,61.85,60.52,60.47255642
ALGN,8/9/24,Broker B,1371862,0.57,1.381431937,12608,Buy,62400,62400,0.177687784,175.65,172.22,172.17,177.39,175.5961018
ARE,8/9/24,Broker D,1681613.75,0.47,1.095249534,13100,Buy,2500,2500,0.155256306,76.21,75.73,75.86,76.46,76.2267382
CPT,8/9/24,Broker E,1145793,0.35,0.813532531,12056,Sell,50100,50100,0.041952593,109.3,110.81,110.57,110.57,109.424193
APTV,8/9/24,Broker A,4253347.5,0.62,0.834469736,11699,Buy,185300,185300,0.055179841,52.17,50.99,51.06,52.12,52.11204843
REG,8/9/24,Broker C,1255055.125,0.33,0.702210128,13247,Sell,40800,40800,0.036911164,70.03,70.78,70.85,70.63,70.02834298
ZBRA,8/9/24,Broker D,718495.125,0.81,1.371357441,11356,Buy,12300,10500,0.112725025,225.81,222.05,222.09,228.31,225.72514
POOL,8/9/24,Broker D,454624.6875,0.43,0.911036551,11186,Sell,15100,15100,0.048873479,292.53,296.56,296.62,294.43,292.5718452
TER,8/9/24,Broker E,4338915.5,0.96,1.628202081,11277,Sell,41500,41500,0.180048818,68.77,69.81,69.81,69.8,68.91189586
JNPR,8/9/24,Broker B,3132681.5,0.19,0.634801924,11379,Buy,62000,62000,0.172923593,34.49,34.04,34.25,34.48,34.39819802
LVS,8/9/24,Broker E,6501377.5,0.57,0.823726475,23008,Sell,231500,231500,0.075436697,32.09,32.56,32.61,32.51,32.22082776
RVTY,8/9/24,Broker A,1219324.5,0.55,0.797572315,10786,Sell,44900,44900,0.155900215,88.09,89.77,89.78,89.26,88.27701882
AKAM,8/9/24,Broker E,2377838.5,0.52,0.784386694,10509,Buy,82100,82100,0.133120041,72.98,71.92,71.92,73.09,72.85408062
ALLE,8/9/24,Broker A,1194745.875,0.34,0.85759753,10607,Sell,37600,37600,0.092033883,121.81,123.27,123.38,122.23,121.8494722
LKQ,8/9/24,Broker D,2848942.25,0.37,0.666749001,10655,Sell,28700,28700,0.107639131,40.95,41.21,41.28,41.24,41.00198176
CHRW,8/9/24,Broker D,1592970,0.4,0.668679476,10554,Sell,15700,15700,0.042606062,88.32,89.27,89.06,88.99,88.37096929
PNW,8/9/24,Broker E,1304774.75,0.23,0.468580067,11116,Buy,25000,25000,0.062680359,93.93,93.24,93.43,94.04,93.81596711
BG,8/9/24,Broker A,1928443.25,0.39,0.430640489,10557,Buy,79000,79000,0.139389235,80.06,78.8,78.85,80.47,79.98719118
FOXA,8/9/24,Broker D,4894352,0.5,0.622418344,20638,Sell,83500,83500,0.113374142,46.65,47.21,47.23,46.93,46.71084356
JBHT,8/9/24,Broker E,1416926.375,0.6,0.961994886,12713,Buy,5000,5000,0.18013263,128.01,127.12,127.2,128.41,127.9449427
UHS,8/9/24,Broker A,936496.0625,0.52,0.833979607,10240,Sell,8900,8900,0.016511172,155.17,157.05,157,156.03,155.2806104
ERIE,8/9/24,Broker D,135175.3594,0.4,0.544575632,20663,Buy,1600,1600,0.129304759,398.6,395.17,395.07,399.5,398.5504429
PAYC,8/9/24,Broker B,727074.8125,0.56,0.874895334,11929,Buy,1500,1400,0.035398314,207.71,206.2,206.28,207.91,207.6645002
GL,8/9/24,Broker A,742776.5625,0.45,0.797355115,9754,Buy,16500,16500,0.080780437,118.86,117.17,117.24,119.62,118.7965461
TAP,8/9/24,Broker B,2594431.25,0.27,0.463173449,11908,Buy,81300,81300,0.048335168,58.68,57.93,58.08,58.93,58.61543377
KMX,8/9/24,Broker A,3893916.5,0.76,0.924367547,9517,Buy,94900,94900,0.034994824,63.9,62.33,62.61,64.23,63.77992195
TKO,8/9/24,Broker E,2176504.5,0.48,0.791934609,28227,Buy,100700,100700,0.092601679,145.23,143.09,143.02,147.06,145.1998381
NDSN,8/9/24,Broker B,408402.3438,0.53,1.068100691,10080,Buy,20000,20000,0.068802138,180.59,177.11,177.11,181.4,180.5376186
NWSA,8/9/24,Broker A,4041857,0.41,0.929095805,15160,Sell,56700,52700,0.158899075,25.19,25.35,25.47,25.41,25.26769767
AIZ,8/9/24,Broker B,495442.1563,0.43,0.737580895,9353,Buy,23100,23100,0.157388405,187.29,183.87,184.23,189.42,187.2630319
HST,8/9/24,Broker A,11824158,0.56,1.002946138,9439,Buy,186000,186000,0.117023922,13.76,13.51,13.56,13.69,13.64927651
INCY,8/9/24,Broker B,2254369,0.47,0.670278668,10992,Buy,39600,39600,0.081302744,57.41,56.8,56.69,57.44,57.35270253
BXP,8/9/24,Broker D,1637994.625,0.49,1.16145134,9899,Buy,9100,9100,0.037121869,63.03,62.57,62.53,63.34,62.96708234
SOLV,8/9/24,Broker B,1395912.125,0.51,1.5,11062,Buy,5400,5400,0.009120537,64.62,63.94,64.1,64.66,64.53747394
VTRS,8/9/24,Broker D,15793166,0.48,0.810708165,9036,Sell,290900,290900,0.134861619,7.45,7.57,7.54,7.53,7.525496629
SWKS,8/9/24,Broker B,4347467,0.93,1.274859548,8720,Sell,19100,19100,0.191793859,56.05,56.78,56.79,56.71,56.10771085
IPG,8/9/24,Broker E,8651978,0.5,0.892075121,8757,Sell,405500,405500,0.103317845,23.05,23.5,23.43,23.25,23.17935031
HRL,8/9/24,Broker B,3378499.75,0.26,0.42143631,16717,Sell,58100,53900,0.110358396,30.06,30.4,30.31,30.22,30.15657143
EMN,8/9/24,Broker B,1493853.5,0.57,1.016051292,8883,Sell,48500,48500,0.050105099,75.43,76.94,76.81,76.24,75.45629025
SWK,8/9/24,Broker E,2905021.75,0.8,1.096431136,8711,Buy,128200,128200,0.125268531,57.63,56.37,56.33,57.87,57.56005419
MOS,8/9/24,Broker A,5865110.5,0.52,0.943756461,8629,Buy,151300,151300,0.148315306,27.76,27.2,27.32,28.01,27.7266012
DAY,8/9/24,Broker D,2080966.125,0.61,1.275922179,8282,Buy,67900,67900,0.112850624,53.39,52.33,52.45,53.84,53.41279504
HII,8/9/24,Broker C,780269.9375,0.46,1.021251202,8548,Buy,1000,1000,0.192816732,219.01,217.86,217.96,219.17,218.9955168
MKTX,8/9/24,Broker C,684962.75,0.29,0.569458306,8374,Buy,21300,21300,0.031910124,224.34,222.17,222.03,226.01,224.3000384
MRNA,8/9/24,Broker E,9824392,0.7,1.143159986,9716,Buy,479200,430500,0.147215743,25.59,25.13,25.07,25.66,25.49870843
EPAM,8/9/24,Broker E,775269.125,0.59,1.141998291,8339,Buy,31400,31400,0.128149904,148.19,145.61,145.65,148.58,148.1164563
RL,8/9/24,Broker C,1348353,0.81,1.060222864,12602,Buy,8500,8500,0.046490994,206.76,204.04,204.14,208.16,206.7480025
HSIC,8/9/24,Broker A,1568497.375,0.35,0.590051532,7728,Sell,16200,16200,0.169587185,62.45,63.08,63.03,62.66,62.55496785
WBA,8/9/24,Broker B,19665150,0.15,0.587754667,9400,Sell,46600,46600,0.004944285,10.87,10.87,10.9,10.89,10.87910177
LW,8/9/24,Broker E,2839034,0.55,0.564399183,7269,Buy,126000,126000,0.075369885,52.34,51.51,51.46,52.3,52.25157083
TECH,8/9/24,Broker B,2193590.5,0.64,0.978624701,7511,Sell,57300,57300,0.06823873,46.42,47.51,47.28,47.13,46.47754069
AOS,8/9/24,Broker C,1550288.375,0.3,0.872556567,8857,Buy,33300,33300,0.101607766,62.28,61.71,61.7,62.36,62.25820048
CPB,8/9/24,Broker B,3745423,0.32,0.404911965,11203,Sell,139600,128300,0.167505555,37.11,37.57,37.56,37.32,37.17491462
MTCH,8/9/24,Broker A,5115680.5,0.44,0.591599047,7173,Buy,12000,12000,0.175809746,29.35,29.08,29.15,29.35,29.27672185
AES,8/9/24,Broker E,14259086,0.58,0.945910573,6977,Buy,366800,366800,0.12983395,9.95,9.8,9.81,9.87,9.841002512
FRT,8/9/24,Broker B,981473.5,0.43,0.80000782,7917,Buy,24100,24100,0.034491049,93.5,92.29,92.27,94.35,93.41685158
NCLH,8/9/24,Broker E,16253093,0.88,1.468388319,7114,Sell,595900,570600,0.044515468,15.51,16.05,15.87,15.74,15.57741765
ENPH,8/9/24,Broker B,3664565.5,0.72,1.072749496,6772,Sell,40200,34500,0.188016316,50.88,51.62,51.6,51.4,50.91041032
HAS,8/9/24,Broker E,2073502.25,0.59,0.878377974,7210,Buy,100200,100200,0.110729207,52.44,51.54,51.48,52.38,52.32219257
WYNN,8/9/24,Broker D,2804277.75,0.64,0.920791984,7958,Sell,57500,57500,0.136291986,73.81,74.96,74.99,74.2,73.82294186
GNRC,8/9/24,Broker D,931832.75,0.64,1.488258839,6354,Sell,24400,24400,0.106329178,104.75,106.58,106.58,106.4,104.8425749
PARA,8/9/24,Broker E,9434556,0.34,0.801711023,7689,Buy,141700,141700,0.016058405,10.9,10.76,10.82,10.78,10.79452198
MGM,8/9/24,Broker C,6752680,0.67,1.398429513,8183,Sell,316300,316300,0.185260707,28.07,28.92,28.72,28.64,28.06497779
ALB,8/9/24,Broker E,3355922.75,0.93,1.281180859,6238,Buy,24900,24900,0.063987074,53.87,53.02,53.17,53.86,53.8128145
DVA,8/9/24,Broker E,909545.5,0.38,0.739418805,10680,Sell,7100,7100,0.121743425,132.81,133.5,133.59,133.16,132.9175644
APA,8/9/24,Broker E,9381971,1.05,0.943391263,5606,Buy,16900,14400,0.187259067,15.56,15.5,15.44,15.51,15.4755816
FOX,8/9/24,Broker B,1367305.625,0.52,0.653857589,20638,Buy,6100,5700,0.199706194,44.49,43.95,44.12,44.64,44.47438197
IVZ,8/9/24,Broker A,6818165,0.68,1.153514981,5575,Buy,253400,253400,0.061343754,12.83,12.46,12.55,12.74,12.71551441
BEN,8/9/24,Broker A,5018205,0.5,0.993404508,9116,Buy,51400,51400,0.075498028,17.63,17.35,17.43,17.59,17.53814025
CRL,8/9/24,Broker A,1923912.25,1.15,0.819497168,5043,Sell,29900,29900,0.148728324,100.27,102.67,102.73,102.36,100.3627974
CZR,8/9/24,Broker B,6304107,0.76,1.529064894,5300,Buy,234000,202700,0.182759366,25.53,25,24.98,25.9,25.47253841
MHK,8/9/24,Broker C,818728.5,0.53,1.147715569,6250,Buy,27600,27600,0.035601756,101.49,99.97,99.81,102.06,101.515301
NWS,8/9/24,Broker D,946888.9375,0.42,0.94787389,15160,Buy,14000,14000,0.175771966,29.7,29.45,29.4,29.76,29.66105429
AAPL,8/9/24,Broker A,72106864,0.68,1.041596293,2901664,Buy,2454000,2454000,0.137286672,197.22,193.16,193.1,198.5,197.1049851
MSFT,8/9/24,Broker E,26193634,0.4,0.991805494,2669692,Sell,808600,808600,0.069023155,355.01,359.12,359.03,358.76,355.1496365
NVDA,8/9/24,Broker E,323825056,0.81,1.904370189,2364604,Sell,3029300,2929700,0.038993125,95.67,96.91,96.89,96.28,95.78697405
AMZN,8/9/24,Broker A,56974192,0.58,1.184175968,1775661,Buy,149000,149000,0.189194116,168.91,167.32,167.51,168.83,168.8122605
META,8/9/24,Broker D,20542520,0.67,1.181922793,1223500,Buy,34200,30500,0.070986453,487.62,484.66,484.6,487.64,487.5947298
GOOGL,8/9/24,Broker B,38393644,0.46,0.987897754,1813077,Buy,1853700,1853700,0.184458922,150.56,147.67,147.95,150.65,150.5151994
AVGO,8/9/24,Broker D,37874508,0.79,1.959495664,781511,Buy,1079000,1079000,0.138574843,169.77,166.21,166.3,171.39,169.7416186
GOOG,8/9/24,Broker A,24951546,0.46,0.98287636,1813077,Sell,1458500,1220400,0.169696247,147.24,149.86,149.97,148.41,147.3489945
TSLA,8/9/24,Broker C,140806080,1.03,1.58415544,731758,Buy,813500,766800,0.107486978,230.97,227.5,227.64,231.72,230.9500481
LLY,8/9/24,Broker A,3938780.25,0.57,0.776895583,775474,Buy,78000,78000,0.060449829,830.9,818.02,818.03,841.83,830.8373835
JPM,8/9/24,Broker A,14446872,0.49,1.117400289,637278,Sell,715500,670800,0.104469141,224.76,228.99,229.05,227.8,224.876473
V,8/9/24,Broker D,7732261.5,0.41,0.824475527,643335,Buy,163500,163500,0.062144704,323.76,320.1,320.15,324.24,323.7060905
XOM,8/9/24,Broker A,19817686,0.42,0.607271492,455670,Buy,131100,128800,0.081530902,106.3,105.35,105.36,106.42,106.2299006
COST,8/9/24,Broker D,2917253,0.35,0.817268252,424947,Buy,41000,41000,0.148231543,965.9,957.77,957.69,969.13,965.85719
MA,8/9/24,Broker E,3392971.25,0.4,0.856543481,463128,Buy,106700,96000,0.069481413,514.86,509.32,509.36,517.67,514.7849433
UNH,8/9/24,Broker B,6109557,0.85,0.466492683,387145,Buy,143600,120400,0.13395167,434.06,425.33,425.41,442.43,433.9275262
NFLX,8/9/24,Broker D,5633900.5,0.49,1.128229022,420426,Sell,274800,274800,0.095211976,970.56,987.91,987.87,983.19,970.5765937
WMT,8/9/24,Broker E,27689224,0.42,0.781679511,740837,Sell,863500,755100,0.064985293,91.32,92.41,92.35,91.63,91.46551862
PG,8/9/24,Broker D,9135826,0.29,0.483530194,388659,Buy,448700,448700,0.139642547,167.78,165.75,165.84,168.82,167.7651462
JNJ,8/9/24,Broker B,10849724,0.33,0.518104196,378153,Buy,511400,511400,0.049852325,159.09,156.92,156.93,159.97,159.0660561
HD,8/9/24,Broker E,4276120,0.36,0.904466271,344794,Buy,45000,45000,0.014406334,349.07,346.9,346.86,350.61,348.9301894
ABBV,8/9/24,Broker C,8754635,0.36,0.487410396,301009,Buy,68600,68600,0.009249334,171.45,170.16,170.17,171.55,171.4284576
KO,8/9/24,Broker E,20127234,0.24,0.439482689,313171,Sell,96900,96900,0.182679751,72.5,72.77,72.7,72.69,72.64269122
PM,8/9/24,Broker D,7038256,0.31,0.448695272,252431,Sell,133400,133400,0.198589156,160.81,162.18,162.22,161.25,160.8264453
BAC,8/9/24,Broker A,58030748,0.54,1.156621456,280695,Sell,570900,570900,0.199699812,36.46,36.92,36.91,36.67,36.59056774
CRM,8/9/24,Broker E,7202936.5,0.47,1.214108348,227046,Buy,87600,87600,0.106353787,238.31,236.26,236.24,239.4,238.2051295
CVX,8/9/24,Broker B,11178586,0.49,0.715148687,233589,Buy,439300,388900,0.149794626,135.97,133.73,133.76,137.15,135.8525013
ABT,8/9/24,Broker A,8016111.5,0.3,0.586934447,225271,Buy,47500,47500,0.0455993,130.77,129.89,129.86,131.41,130.7208311
MCD,8/9/24,Broker B,4345218,0.28,0.59120661,220757,Buy,115700,115700,0.031662028,311.91,308.72,308.8,314.83,311.8563013
CSCO,8/9/24,Broker A,26598580,0.43,0.881947041,216300,Buy,132100,132100,0.11846311,54.95,54.37,54.49,55.03,54.89267102
IBM,8/9/24,Broker A,5153453.5,0.39,0.758216262,219038,Buy,188600,188600,0.186783109,239.76,236.22,236.27,239.76,239.6958578
LIN,8/9/24,Broker B,2600478.25,0.37,0.727685034,209902,Buy,9700,9700,0.087775192,446.7,443.85,443.84,446.65,446.6437413
WFC,8/9/24,Broker B,20418954,0.5,0.994544625,209003,Buy,663500,663500,0.136637859,65.15,64.01,64.1,65.81,65.13480108
ORCL,8/9/24,Broker B,12495883,0.58,1.279027343,344416,Buy,501400,501400,0.122162298,125.3,122.82,122.89,127.6,125.2912736
MRK,8/9/24,Broker A,18299742,0.35,0.553353965,195901,Buy,112500,93900,0.063964183,78.4,77.85,77.83,78.55,78.28043071
PEP,8/9/24,Broker A,7963296,0.27,0.47175014,194356,Buy,6000,6000,0.020566339,142.11,141.73,141.59,142.4,142.0289464
GE,8/9/24,Broker C,6722253,0.57,1.188797116,190224,Sell,13500,13500,0.031960868,176.97,178.35,178.15,177.11,176.9106123
T,8/9/24,Broker A,45441512,0.33,0.480280787,189002,Sell,17800,16000,0.182111732,26.35,26.33,26.44,26.42,26.41606816
PLTR,8/9/24,Broker E,110576536,0.91,2.046456575,212958,Buy,2733700,2733700,0.127338116,92.74,90.8,90.87,93.93,92.66753093
VZ,8/9/24,Broker B,29510090,0.34,0.553383589,184170,Buy,1005000,1005000,0.049897001,43.52,42.93,42.98,43.65,43.50291014
ACN,8/9/24,Broker D,4422696,0.44,0.80521059,175001,Buy,48600,40800,0.010027072,281.55,279.23,279.1,283.68,281.4754548
ISRG,8/9/24,Broker C,2817014.75,0.61,1.206331491,167787,Buy,70500,70500,0.120059641,476.15,468.32,468.27,476.51,476.1356305
RTX,8/9/24,Broker C,5422184.5,0.41,0.707878292,168382,Buy,20900,20900,0.081627906,127.17,126.12,126.35,127.54,127.1176259
INTU,8/9/24,Broker C,1932800.125,0.43,1.002376318,159026,Buy,78200,78200,0.156159529,577.43,568.84,568.72,585.01,577.4322416
TMO,8/9/24,Broker D,2260051.5,0.45,0.859779418,159245,Buy,28200,28200,0.055279622,426.26,421.85,422.04,426.53,426.2294131
NOW,8/9/24,Broker C,2160465,0.62,1.252818584,156492,Sell,5300,5300,0.167375911,750.16,755.99,755.88,753.2,750.2026776
GS,8/9/24,Broker A,3531042.75,0.6,1.261187077,161610,Buy,163800,163800,0.149331669,512.04,501.36,501.2,518.16,511.9168227
UBER,8/9/24,Broker E,19155544,0.55,1.195605874,152495,Buy,335000,335000,0.165231299,73.84,72.92,72.98,73.86,73.78969038
PGR,8/9/24,Broker D,3972077.25,0.43,0.573527932,150903,Buy,172200,172200,0.057369712,261.44,257.41,257.53,263.83,261.4154151
DIS,8/9/24,Broker E,11873562,0.58,0.890657663,151854,Sell,9300,9300,0.088970821,83.77,84,84.01,83.92,83.87167232
ADBE,8/9/24,Broker A,4928740.5,0.59,1.125434399,146280,Buy,174100,174100,0.058803887,349.86,343.22,343.17,351.9,349.7095967
BKNG,8/9/24,Broker E,318188.8125,0.47,1.077503562,145622,Buy,8400,8400,0.100704637,4491.36,4437.63,4437.67,4520.45,4491.26099
QCOM,8/9/24,Broker D,9248309,0.67,1.497467756,150571,Buy,180600,180600,0.031903828,138.4,136.14,136.22,140.08,138.3337423
AMGN,8/9/24,Broker E,3351891,0.33,0.565429389,147144,Sell,101000,101000,0.138056764,271.13,273.68,273.68,272.92,271.2882829
SPGI,8/9/24,Broker E,1517246.25,0.42,1.000825882,140911,Buy,8300,8300,0.012381016,451.47,448.99,449.02,452.76,451.3703978
TJX,8/9/24,Broker C,6671403,0.3,0.678406835,138498,Buy,204100,204100,0.105254834,125.42,123.98,124.1,126.61,125.4374643
AMD,8/9/24,Broker E,41816476,0.95,1.692152262,139004,Sell,1927300,1927300,0.158342359,83.19,85.56,85.5,85.05,83.26918451
CAT,8/9/24,Broker A,3281743.25,0.5,1.076455116,136086,Sell,67200,67200,0.025066193,280.62,284.74,284.75,281.69,280.7115619
BSX,8/9/24,Broker D,9649542,0.42,0.887817025,138411,Buy,361200,361200,0.195018405,94.99,93.58,93.66,95.58,94.92895928
AXP,8/9/24,Broker A,4197011.5,0.62,1.152603507,169900,Sell,117600,117600,0.095158183,238.05,242.51,242.59,238.47,238.1918609
NEE,8/9/24,Broker C,13180131,0.37,0.569819272,133149,Buy,134600,134600,0.19805637,65.22,64.68,64.67,65.3,65.22455652
TXN,8/9/24,Broker E,8989339,0.71,1.09406817,132493,Buy,92900,92900,0.060320019,147.5,145.61,145.78,148.94,147.3850853
MS,8/9/24,Broker B,9562043,0.6,1.288030863,170984,Buy,554600,476200,0.179645186,108.79,106.3,106.49,110.51,108.7472375
UNP,8/9/24,Broker C,3233668.5,0.38,0.845109522,129483,Buy,99900,99900,0.154827705,218.85,216.05,216.1,220.88,218.838539
GILD,8/9/24,Broker D,10361147,0.28,0.585657597,129908,Sell,445200,445200,0.076959924,103.27,104.33,104.4,103.84,103.358094
SCHW,8/9/24,Broker E,12408055,0.45,1.128342867,139918,Buy,596600,596600,0.056707772,76.11,74.95,75,76.73,76.01900677
CMCSA,8/9/24,Broker A,28652040,0.38,0.723178506,127042,Buy,1115200,1115200,0.112412352,34.18,33.6,33.68,34.36,34.05829188
HON,8/9/24,Broker B,4912729.5,0.44,0.834966779,124940,Sell,9300,9300,0.193865379,193.09,194.23,194.23,194.15,193.1664965
BLK,8/9/24,Broker A,1083176.875,0.51,1.162742853,132389,Sell,15000,14500,0.04424435,842.95,854,853.89,849.35,843.0713136
TMUS,8/9/24,Broker B,4545863,0.35,0.688813746,288121,Sell,188500,188500,0.07386625,249.91,253.48,253.39,252.59,249.9791851
VRTX,8/9/24,Broker B,1611804.375,0.24,0.849466443,122761,Buy,67500,67500,0.097931088,482.75,477.52,477.73,484.09,482.6915262
PFE,8/9/24,Broker D,61340208,0.31,0.494620919,124999,Buy,1827200,1827200,0.11086203,22.52,22.04,22.29,22.51,22.45746383
LOW,8/9/24,Broker D,2954811.25,0.36,0.888534725,119089,Buy,30100,30100,0.165314033,214.44,212.77,212.78,214.85,214.3951715
BA,8/9/24,Broker D,10290827,0.72,1.262373209,119889,Sell,288900,288900,0.166903529,156.32,159.34,159.4,158.53,156.3610674
DHR,8/9/24,Broker E,4341055.5,0.51,0.908220112,132330,Buy,174100,174100,0.196536722,187.95,184.96,185.11,188.18,187.8306921
ADP,8/9/24,Broker C,2150195,0.35,0.787215412,115897,Sell,59000,59000,0.128668507,281.5,284.85,284.76,284.72,281.5240518
SYK,8/9/24,Broker C,1907405.125,0.37,0.750790775,129618,Buy,71600,71600,0.128587285,344.12,339.59,339.59,344.23,344.1475368
C,8/9/24,Broker C,20884940,0.6,1.245760441,117993,Sell,888100,876600,0.090486704,61.56,62.69,62.81,62.73,61.5364449
FI,8/9/24,Broker B,3409129.25,0.43,0.87523675,116342,Sell,40400,35400,0.027879305,205.47,207.46,207.55,205.9,205.5369968
DE,8/9/24,Broker A,1539067.125,0.43,0.961758375,119846,Buy,13600,13600,0.05101431,445.91,441.56,441.5,447.15,445.8304556
COP,8/9/24,Broker B,10939566,0.67,0.772891283,110678,Buy,250500,250500,0.183836386,89.17,87.55,87.59,89.61,89.07322981
AMAT,8/9/24,Broker C,8732342,0.7,1.516796589,110130,Buy,407900,407900,0.064451418,138.98,135.56,135.83,140.06,138.9701416
PANW,8/9/24,Broker E,5760672,0.58,1.216528773,105969,Buy,43800,43800,0.116606689,161.37,160.05,159.98,161.84,161.2559231
MMC,8/9/24,Broker A,2447921.75,0.33,0.590217888,104508,Buy,12700,12700,0.16667861,213.78,212.1,212.27,213.69,213.667234
CB,8/9/24,Broker A,2063046.375,0.31,0.533117235,112104,Sell,35100,30500,0.036894646,277.1,279.78,279.74,278.04,277.2148509
ETN,8/9/24,Broker C,3941023.75,0.6,1.268835664,101652,Sell,187100,187100,0.194643382,254.03,259.47,259.42,256.5,254.0176648
MDT,8/9/24,Broker B,8498045,0.29,0.682784915,104912,Buy,176700,176700,0.089323561,82.51,81.8,81.73,82.91,82.47450121
AMT,8/9/24,Broker E,3553526.5,0.31,0.532872975,102045,Sell,107800,107800,0.046596475,216.15,217.99,218.08,217.83,216.226567
SO,8/9/24,Broker A,5008373,0.23,0.426127642,99270,Buy,157600,157600,0.180464642,91.12,90.23,90.24,91.57,91.0021932
BMY,8/9/24,Broker B,13893362,0.33,0.433606565,99581,Sell,163200,163200,0.04904607,48.6,48.94,49.02,48.79,48.6537319
MO,8/9/24,Broker A,12420729,0.23,0.458243698,97184,Buy,304100,304100,0.06079604,58.12,57.63,57.6,58.08,57.99744991
ELV,8/9/24,Broker C,1897402.5,0.34,0.451055408,92069,Sell,38800,38800,0.05236693,402.57,406.69,406.68,402.69,402.5772908
LMT,8/9/24,Broker B,1811621.75,0.34,0.528686762,107512,Sell,32400,32400,0.102966029,453.62,458.33,458.27,457.25,453.6746573
BX,8/9/24,Broker C,6410232,0.74,1.327261329,147576,Sell,289200,289200,0.132265444,117.22,120.22,120.09,119.74,117.217373
PLD,8/9/24,Broker D,6284098,0.54,1.035050511,93652,Sell,302300,302300,0.161504345,96.81,98.63,98.66,98.03,96.84649439
CME,8/9/24,Broker C,3201366.75,0.23,0.449448019,93818,Buy,112400,112400,0.113543012,262.79,260.33,260.41,262.97,262.7496017
DUK,8/9/24,Broker B,4900300,0.24,0.36730212,93375,Buy,188800,188800,0.129813157,121.45,120.17,120.22,122.45,121.3884215
SBUX,8/9/24,Broker C,11626514,0.59,1.146592379,91644,Sell,270200,264600,0.18757559,79.52,80.68,80.8,79.93,79.58215455
CRWD,8/9/24,Broker A,4596504.5,0.73,1.664388299,89901,Buy,210500,210500,0.069900092,371.65,362.69,362.67,380.3,371.5493248
ICE,8/9/24,Broker A,4024815.75,0.28,0.815884113,89064,Buy,13300,13300,0.161201499,155.78,155.03,154.91,155.72,155.7075095
CI,8/9/24,Broker D,1856092.125,0.26,0.510866761,88048,Sell,41900,41900,0.109961583,321.87,324.77,324.49,324.48,321.8836006
WELL,8/9/24,Broker D,3609059,0.31,0.67238766,93593,Buy,54000,54000,0.098862617,145,143.65,143.85,145.91,144.9526744
GEV,8/9/24,Broker D,4296794.5,0.8,1.5,85579,Sell,63700,63700,0.056523106,307.69,313.08,312.9,310.6,307.7129761
ADI,8/9/24,Broker D,4588623,0.77,1.321415544,86791,Buy,92500,92500,0.022974326,178.17,174.99,175.01,178.94,178.1343611
MCK,8/9/24,Broker E,1129723.5,0.27,0.501902699,85534,Sell,5200,4600,0.17950157,680.46,682.49,682.41,680.84,680.5509387
MDLZ,8/9/24,Broker E,10405951,0.27,0.409132928,87785,Buy,107000,99700,0.17243591,68.04,67.76,67.73,67.94,67.89970856
CVS,8/9/24,Broker D,10635882,0.33,0.764965117,82270,Sell,88500,88500,0.080707543,64.75,65.17,65.19,64.89,64.80771194
WM,8/9/24,Broker E,1838091.625,0.25,0.538219333,91559,Sell,52300,46400,0.088733802,226.07,227.57,227.58,226.52,226.1659263
KLAC,8/9/24,Broker E,1346563.125,0.74,1.578629613,82496,Sell,50400,50400,0.076818016,608.11,620.8,620.76,614.63,608.2310531
AJG,8/9/24,Broker B,1667881.125,0.34,0.612837076,81682,Sell,78500,78500,0.078773376,314.85,319.4,319.33,317.31,314.8923207
INTC,8/9/24,Broker A,111931832,0.93,1.574641943,82154,Buy,2467000,2344200,0.106972344,19.28,18.84,18.85,19.19,19.16938096
LRCX,8/9/24,Broker B,13776550,0.81,1.61843729,80088,Buy,510500,510500,0.103929742,63.8,62.39,62.28,63.94,63.718647
ORLY,8/9/24,Broker E,458705.9688,0.3,0.512424648,78334,Sell,4800,4800,0.050102254,1361.29,1368.5,1368.52,1364.95,1361.40888
AON,8/9/24,Broker E,1403522.25,0.28,0.581544459,76886,Sell,600,600,0.091718304,355.53,355.95,355.63,355.62,355.5873836
APH,8/9/24,Broker E,9046439,0.54,1.336825252,77057,Buy,318800,318800,0.037925919,64.62,63.59,63.65,65.4,64.56846734
CL,8/9/24,Broker B,5917938,0.3,0.457846314,76810,Sell,77900,77900,0.197805181,93.86,94.7,94.66,94.15,93.93132383
SHW,8/9/24,Broker D,2088853.375,0.36,0.941084564,81062,Buy,96100,96100,0.107850519,326.63,322.3,322.27,327.42,326.5763823
EQIX,8/9/24,Broker A,787754.5625,0.39,0.928478122,75633,Sell,13400,13400,0.037112551,764.15,773.2,773.04,764.74,764.2576556
MU,8/9/24,Broker A,28983996,1.04,1.875524879,74587,Buy,1197400,1197400,0.093918166,68.77,66.74,66.71,68.73,68.64457256
TDG,8/9/24,Broker C,314887.9063,0.42,0.995311379,73277,Buy,400,400,0.091446337,1312.44,1306.55,1306.57,1312.91,1312.421409
TT,8/9/24,Broker B,1656028.125,0.45,1.197039723,72305,Buy,5400,4800,0.115889902,324.67,322.37,322.47,325.84,324.6160987
ANET,8/9/24,Broker D,11877461,0.7,1.682001829,84968,Sell,647200,577400,0.154400512,66.03,67.67,67.59,67.45,66.10076141
NOC,8/9/24,Broker A,1115825.375,0.32,0.599564493,76585,Buy,5000,5000,0.199505068,535.03,531.33,531.47,535.05,534.9457682
PH,8/9/24,Broker D,1032480.313,0.68,1.207091451,70472,Buy,17800,17800,0.161361249,555.92,547.29,547.42,558.93,555.8575548
WMB,8/9/24,Broker B,8275608.5,0.39,0.808866858,68896,Sell,321000,317200,0.105387054,55.58,56.44,56.4,56.24,55.64939566
CDNS,8/9/24,Broker E,2427913.5,0.57,1.3736552,69006,Buy,71800,71800,0.140905162,255.26,251.56,251.5,256.02,255.1416496
MMM,8/9/24,Broker D,4530638,0.51,1.006646872,68003,Buy,204300,204300,0.051376554,128.5,126.09,126.28,129.47,128.4660442
CTAS,8/9/24,Broker D,2318209.75,0.41,0.948155165,80923,Sell,105100,105100,0.064265895,197.53,200.41,200.51,197.89,197.5844128
UPS,8/9/24,Broker B,6512738.5,0.48,0.871397614,81575,Sell,92700,92700,0.059287409,94.77,96.25,95.92,95.54,94.78730208
MSI,8/9/24,Broker C,948396.125,0.34,0.9049986,68847,Buy,3600,3600,0.079035327,414.71,412.35,412.39,415.58,414.7191113
GD,8/9/24,Broker C,1655810.125,0.36,0.714203775,73317,Buy,35700,35700,0.146602092,276.16,273.18,273.22,276.18,276.0937871
KKR,8/9/24,Broker C,7550706.5,0.9,1.628254652,87004,Buy,41200,41200,0.131920384,99.29,97.95,97.99,99.86,99.28949745
ZTS,8/9/24,Broker D,2779203.75,0.37,0.767200053,65522,Buy,33700,28700,0.09903117,148.22,146.85,147.05,148.71,148.1950017
NKE,8/9/24,Broker A,25678442,0.71,0.788271487,82833,Buy,840800,840800,0.063172064,57.27,56.12,56.05,57.51,57.13372974
MCO,8/9/24,Broker D,1041817.375,0.52,1.158737779,74348,Sell,48000,48000,0.187621238,405.65,413.3,413.08,412.3,405.7171362
CMG,8/9/24,Broker A,14388523,0.46,0.869820356,63064,Buy,315100,315100,0.050919783,47.12,46.53,46.47,47.51,47.01039686
CEG,8/9/24,Broker B,4398039.5,0.83,1.476271391,60695,Sell,179100,179100,0.049659836,187.57,192.61,192.5,192.46,187.6073623
SNPS,8/9/24,Broker B,1463162.375,0.54,1.399227858,62213,Buy,31000,31000,0.175325388,408.39,402.36,402.36,409.14,408.3673848
NEM,8/9/24,Broker D,13934138,0.49,1.032853365,62236,Buy,6500,6000,0.106811769,55.59,55.21,55.43,55.67,55.57729094
EOG,8/9/24,Broker E,4546741,0.56,0.80652982,60179,Buy,138000,138000,0.10746207,110.71,109.11,109.09,111.31,110.5576912
COF,8/9/24,Broker E,5593778,0.71,1.180324078,63005,Buy,277600,245700,0.172259771,168.58,165.16,165.12,168.62,168.4371957
ITW,8/9/24,Broker A,1335379.125,0.41,0.863521516,66773,Buy,16300,16300,0.121414392,230.07,227.61,227.63,231.7,229.986838
DASH,8/9/24,Broker C,8294022.5,0.68,1.455383658,72765,Sell,12900,10800,0.176932479,170.63,171.82,171.75,171.25,170.5943465
FTNT,8/9/24,Broker D,5420590,0.6,1.176363707,71299,Buy,229200,229200,0.117568105,94.71,92.72,92.9,96.57,94.73951871
AZO,8/9/24,Broker C,164381.0938,0.3,0.586766005,59709,Buy,7900,7900,0.108388732,3613.36,3569.24,3569.04,3634.02,3613.400511
PYPL,8/9/24,Broker C,11983751,0.56,1.264015198,59636,Buy,393600,393600,0.151039878,61.48,60.29,60.43,61.79,61.49325157
PNC,8/9/24,Broker E,3215447.75,0.46,1.039765954,59414,Buy,27500,23200,0.008332049,151.11,150.13,150.09,151.16,151.0166882
ECL,8/9/24,Broker E,1645770.375,0.3,0.852666318,65664,Buy,50600,50600,0.182954306,233.62,231.51,231.62,234.4,233.5440324
HCA,8/9/24,Broker E,1648882.375,0.33,0.669401526,78197,Sell,76500,74900,0.054508645,314.21,317.61,317.73,316.46,314.3828629
ROP,8/9/24,Broker E,670314.9375,0.35,0.779269636,57910,Sell,13900,13900,0.153916074,534.52,539.27,539.05,538.11,534.6215189
USB,8/9/24,Broker C,15376011,0.5,1.192224503,58908,Buy,532800,488900,0.065281427,38.55,37.81,37.95,38.76,38.5174052
REGN,8/9/24,Broker A,1086888.625,0.39,0.743007243,61073,Buy,14300,14300,0.125765044,567.62,561.49,561.66,570.89,567.5276843
APD,8/9/24,Broker C,1285565.375,0.42,0.879582047,57305,Sell,4600,4600,0.092772288,255.98,257.58,257.64,257.22,255.9860849
TRV,8/9/24,Broker C,1616036.75,0.36,0.650661469,56549,Buy,12700,12700,0.068533735,251.53,249.59,249.64,252.95,251.5117612
AEP,8/9/24,Broker B,5192580,0.26,0.428053766,56352,Sell,141400,141400,0.180649516,104.55,105.53,105.57,104.82,104.5660931
BDX,8/9/24,Broker A,2398220.25,0.32,0.611429393,56454,Sell,56100,56100,0.136475944,194.46,196.61,196.65,196.21,194.5627527
APO,8/9/24,Broker D,5210564.5,0.84,1.517835021,68247,Sell,157300,138300,0.132722533,117.15,119.63,119.7,118.52,117.1555945
EMR,8/9/24,Broker A,3611822,0.55,1.123367548,54371,Buy,141100,141100,0.059729575,98.28,96.42,96.43,98.25,98.19901024
ADSK,8/9/24,Broker D,1828719.625,0.43,1.176352382,54160,Sell,62300,62300,0.144734521,250.59,254.27,254.13,251.22,250.6528057
BK,8/9/24,Broker C,4807429.5,0.46,1.002221107,53159,Buy,185600,157400,0.180237936,75.37,74.04,74.26,76.16,75.34937976
OKE,8/9/24,Broker C,4399638.5,0.61,0.982543945,51107,Sell,136500,136500,0.148452683,80.34,81.82,81.82,80.61,80.39018477
CSX,8/9/24,Broker E,17247650,0.38,0.81662339,51585,Sell,387900,387900,0.057861778,27.16,27.46,27.42,27.3,27.25029501
AFL,8/9/24,Broker D,2209897.75,0.37,0.651851058,57294,Buy,20700,20700,0.082337997,105.91,104.97,105.1,106.65,105.9143893
KMI,8/9/24,Broker D,14069475,0.41,0.77816236,57307,Buy,267700,267700,0.073248574,26.06,25.79,25.78,26.2,26.0050493
CPRT,8/9/24,Broker E,5663842.5,0.31,1.003289819,56739,Buy,139900,139900,0.157363323,59.2,58.73,58.72,59.31,59.14559136
ALL,8/9/24,Broker B,2196536,0.42,0.638867438,49568,Buy,42800,42800,0.196222251,189.32,186.95,187.04,189.6,189.2893535
O,8/9/24,Broker C,6787345.5,0.28,0.546792388,51687,Buy,150500,150500,0.127615084,58.54,57.96,58.02,58.73,58.54153396
JCI,8/9/24,Broker B,4893669.5,0.52,1.112372398,49147,Buy,60800,60800,0.101054631,75.5,74.45,74.59,75.91,75.48429257
HLT,8/9/24,Broker B,3031887.5,0.45,0.915118396,49023,Buy,13900,13900,0.185850348,206.22,204.59,204.6,206.49,206.1305549
MAR,8/9/24,Broker C,2279838,0.52,1.014037013,59395,Buy,108300,108300,0.086887379,219.78,215.69,215.75,223.73,219.7717879
HWM,8/9/24,Broker B,3149206.5,0.62,1.214276791,48321,Sell,133900,133900,0.195887808,116.82,119.47,119.33,117.41,116.8509573
NSC,8/9/24,Broker A,1405256,0.42,0.922046959,49532,Buy,25600,25600,0.092139143,221.7,218.94,218.99,222.65,221.6135316
COR,8/9/24,Broker C,2001972.375,0.23,0.437819302,54464,Buy,5800,5800,0.093645304,282.34,281.16,281.27,282.82,282.3714688
RSG,8/9/24,Broker D,1455583.875,0.28,0.62843889,74483,Buy,62700,62700,0.089239572,241.09,238.37,238.5,242.5,241.0402824
SLB,8/9/24,Broker D,21908206,0.69,0.939860463,47078,Sell,890900,890900,0.096556577,33.83,34.62,34.57,34.25,33.85796753
ABNB,8/9/24,Broker A,6031917,0.64,1.223857641,71612,Buy,139800,139800,0.049904358,113.71,111.61,111.7,115.32,113.5720157
CARR,8/9/24,Broker E,5284097.5,0.48,1.201488495,50267,Buy,166000,166000,0.136999438,59.04,58.18,58.27,59.08,58.9376209
AIG,8/9/24,Broker D,6132646.5,0.39,0.718751848,46340,Buy,209100,209100,0.177532377,80.34,79.38,79.32,80.89,80.31576856
DLR,8/9/24,Broker A,2638210.25,0.42,0.910633385,50244,Buy,66200,66200,0.177185354,148.46,146.34,146.45,149.24,148.339401
RCL,8/9/24,Broker A,3211878.75,0.77,1.301109672,51454,Sell,154800,154800,0.08597852,184.61,189.51,189.57,188.6,184.7028559
EXC,8/9/24,Broker A,9899152,0.27,0.404019773,46671,Buy,168100,168100,0.127090315,46.67,46.23,46.25,46.67,46.56633529
KR,8/9/24,Broker E,8351748.5,0.33,0.378295392,47789,Buy,162800,162800,0.104707112,72.81,72.31,72.25,72.86,72.71250727
KMB,8/9/24,Broker A,2202193.5,0.27,0.478593826,46454,Sell,72800,70400,0.077976564,138.51,140.07,140.04,139.63,138.5879661
WDAY,8/9/24,Broker D,2488970.25,0.44,1.046601534,56951,Buy,105900,105900,0.099270762,217.28,214.1,213.99,218.57,217.220775
FCX,8/9/24,Broker E,21833502,0.87,1.440998435,47352,Buy,707700,707700,0.14086411,33.77,32.95,33.04,33.72,33.6364548
TFC,8/9/24,Broker E,12838491,0.54,1.143862844,46093,Buy,391600,391600,0.110737412,36.13,35.31,35.62,36.22,35.97971163
FAST,8/9/24,Broker E,4317566.5,0.41,0.823430419,46056,Buy,145500,145500,0.094737269,81.45,80.29,80.5,81.39,81.29434877
PSA,8/9/24,Broker E,899280.375,0.35,0.74413836,50443,Buy,32900,32900,0.184704311,290.69,287.56,287.62,291.04,290.5937731
FICO,8/9/24,Broker E,192598.1719,0.51,1.182162404,44345,Sell,700,700,0.197694199,1805.93,1816.08,1815.93,1807.97,1806.030073
PAYX,8/9/24,Broker C,2656627.25,0.41,0.755127072,50567,Buy,78100,78100,0.055006147,142.21,140.39,140.36,143.25,142.1944055
PCAR,8/9/24,Broker E,3600774.75,0.46,0.874807894,45822,Buy,23000,23000,0.053168383,87.85,87.29,87.29,87.89,87.80017763
SPG,8/9/24,Broker D,2080938.375,0.52,1.014560699,48024,Buy,88900,80300,0.103871701,149.68,147.2,147.2,151.89,149.6902861
ROST,8/9/24,Broker C,3821738.5,0.38,0.791156411,44554,Buy,129100,129100,0.128317747,137.03,135.49,135.26,138.5,137.0329034
FDX,8/9/24,Broker C,2370554,0.6,0.871101379,49147,Sell,45100,45100,0.083647731,202.03,205.12,205.13,203.85,202.038986
SRE,8/9/24,Broker E,5377201,0.39,0.737867653,45934,Buy,122400,122400,0.14536585,71.2,70.46,70.52,71.58,71.06797717
CCI,8/9/24,Broker A,4355920.5,0.42,0.537642241,44471,Buy,9800,9800,0.078688134,102.84,102.13,102.18,102.84,102.7308027
KVUE,8/9/24,Broker B,17303216,0.31,0.598850489,42729,Buy,565600,509300,0.0940763,22.62,22.27,22.37,22.52,22.51268481
AMP,8/9/24,Broker D,587742.8125,0.54,1.200113416,43226,Buy,14000,11800,0.138563808,457.32,451.15,451.13,461.54,457.341372
D,8/9/24,Broker B,5696607,0.35,0.531895697,44366,Buy,233100,233100,0.053447414,53.06,52.06,52.34,53.56,53.06994575
GWW,8/9/24,Broker A,300362.875,0.31,0.898724616,47149,Buy,10000,10000,0.189918703,990.67,978.78,978.73,996.47,990.5149094
GM,8/9/24,Broker E,17818398,0.47,1.023413062,42893,Buy,599900,585000,0.121202853,45.03,44.39,44.44,44.95,44.92384043
NXPI,8/9/24,Broker D,3608436.75,0.87,1.313321352,43496,Sell,121700,121700,0.160851863,167.44,171.5,171.53,170.76,167.5265053
TGT,8/9/24,Broker D,9577029,0.59,0.745406866,42724,Sell,96800,96800,0.173459991,92.71,93.78,93.78,93.06,92.73623207
MSCI,8/9/24,Broker C,605950.1875,0.44,0.953426242,41399,Buy,28000,25900,0.068830178,542,533.48,533.53,544.13,541.9520967
KDP,8/9/24,Broker C,14291824,0.25,0.479637235,47907,Buy,31500,31500,0.146673904,35.49,35.31,35.36,35.61,35.51126869
EW,8/9/24,Broker D,4871998.5,0.29,0.932674706,40680,Buy,33500,33500,0.113371525,69.63,69.2,69.24,69.77,69.53295227
MET,8/9/24,Broker B,4264862,0.57,0.970704496,47958,Sell,43200,43200,0.182064276,69.46,70.4,70.32,69.69,69.47155605
PEG,8/9/24,Broker A,3184916.75,0.3,0.649215996,40010,Buy,115500,115500,0.054944907,81.3,80.25,80.32,81.25,81.16675589
VRSK,8/9/24,Broker C,1055410.375,0.32,0.653001904,39793,Buy,12400,11400,0.072512403,286.67,284.35,284.47,287.08,286.6703814
LHX,8/9/24,Broker B,1484300.75,0.31,0.786988199,40194,Sell,35000,35000,0.078273132,211.84,214.12,214.07,212.03,211.9031992
CTVA,8/9/24,Broker D,3840735.75,0.42,0.811250389,40380,Buy,143800,143800,0.059662538,59.91,59.12,59.07,60.4,59.83949804
PSX,8/9/24,Broker B,3662350.5,0.67,0.967380404,39525,Sell,58100,58100,0.162782161,95.26,97.01,96.8,96.73,95.28770581
MNST,8/9/24,Broker D,6403771.5,0.29,0.588039458,56453,Buy,74600,74600,0.128805104,58.36,58.01,57.96,58.41,58.26163472
AXON,8/9/24,Broker C,729520.5,0.59,1.405653238,42188,Buy,31600,31600,0.067161143,552.61,541.93,541.84,562.17,552.5547702
MPC,8/9/24,Broker D,3156129.25,0.66,0.903885305,39477,Sell,106500,102300,0.061863541,124.24,126.72,126.65,124.83,124.2409577
XEL,8/9/24,Broker D,3795987.5,0.26,0.411776662,39727,Buy,48700,48700,0.017733244,69.53,68.97,69.08,69.63,69.43209597
DFS,8/9/24,Broker A,2594477.75,0.77,1.18055141,41593,Sell,74700,74700,0.108419568,161.61,165.31,165.25,164.98,161.7152128
YUM,8/9/24,Broker B,2512590.25,0.33,0.630044401,39132,Buy,50200,50200,0.171051395,142.13,140.51,140.68,143.33,142.0767273
FIS,8/9/24,Broker C,4254328,0.48,0.729293287,40453,Sell,123900,114400,0.12657546,75.12,76.37,76.22,75.31,75.14653585
PWR,8/9/24,Broker A,1551233.25,0.53,1.243507385,37625,Sell,72900,72900,0.073122401,248.7,253.77,253.74,251.4,248.8214346
VST,8/9/24,Broker E,8435292,0.94,1.630477905,36234,Sell,176800,176800,0.173788865,104.31,106.52,106.42,105.75,104.4150547
OTIS,8/9/24,Broker D,2712143.75,0.37,0.794259965,38396,Buy,41200,41200,0.083627606,97.93,97.05,97.04,98.49,97.95857877
ED,8/9/24,Broker D,3002038.25,0.26,0.309197754,39968,Buy,128400,128400,0.11381437,112.14,110.96,111.01,113.18,112.0961733
CMI,8/9/24,Broker C,1025966.188,0.55,1.032185197,37770,Buy,42500,42500,0.135858663,279.18,274.21,274.09,282.46,279.2153241
URI,8/9/24,Broker D,761241.625,0.55,1.479452729,37278,Buy,24500,22500,0.157549479,579.75,570.6,570.62,579.87,579.7025757
TEL,8/9/24,Broker B,2187387,0.51,1.162813902,38413,Buy,15000,15000,0.19883294,130.08,128.75,128.81,130.37,130.0333326
BKR,8/9/24,Broker E,8978361,0.68,0.912857592,37435,Buy,289500,262400,0.183145866,38.47,37.8,37.82,38.53,38.3760466
TRGP,8/9/24,Broker C,2373329,0.71,1.006133914,35801,Buy,10000,10000,0.026862755,166.31,164.54,164.65,167.67,166.3149327
PCG,8/9/24,Broker B,18206530,0.3,0.577123642,37009,Buy,289900,289900,0.111423346,16.99,16.84,16.84,16.98,16.92800684
F,8/9/24,Broker D,154269360,0.51,0.947989166,37658,Buy,761400,761400,0.15445228,9.65,9.47,9.57,9.8,9.68637186
AME,8/9/24,Broker B,1552392.625,0.38,0.908328295,35823,Sell,41000,41000,0.127299949,153.32,155.25,155.27,154.99,153.3504589
HES,8/9/24,Broker B,2205686.5,0.57,0.845936716,39072,Buy,124100,108600,0.1742395,128.94,126.32,126.32,130.45,128.9004357
ETR,8/9/24,Broker D,5055218.5,0.32,0.588191152,35935,Buy,207800,195800,0.055192911,81.52,80.51,80.59,82.28,81.51416996
PRU,8/9/24,Broker B,2169791,0.52,0.964037359,34333,Buy,93500,93500,0.132910121,98.71,96.87,96.91,100.19,98.6880932
SYY,8/9/24,Broker A,3494709.5,0.33,0.499918789,34951,Buy,29000,29000,0.150343878,72.2,71.44,71.61,72.36,72.09489169
TTWO,8/9/24,Broker A,1877009.375,0.37,0.942398071,36210,Buy,80000,80000,0.154495603,208.3,205.16,205.23,210.19,208.2140236
VLO,8/9/24,Broker B,4028594.5,0.69,1.000251889,34226,Sell,39700,39700,0.092711167,107.36,108.84,108.86,108.44,107.4067271
CBRE,8/9/24,Broker C,2165243.75,0.44,1.102758408,34651,Sell,17800,17800,0.119146648,114.52,115.56,115.55,114.6,114.5772333
ACGL,8/9/24,Broker E,1782318.875,0.41,0.650769889,33736,Buy,85800,85800,0.064949185,91.13,89.79,89.9,91.97,91.05106998
EA,8/9/24,Broker E,3472875.25,0.31,0.707976997,36989,Buy,129000,123900,0.182969069,143.37,141.93,142.02,143.52,143.3137635
WEC,8/9/24,Broker D,2579657.75,0.21,0.450434834,34130,Buy,21200,21200,0.124363933,107.62,106.96,107.12,108.01,107.5856974
DHI,8/9/24,Broker C,3912135,0.41,0.862580538,38054,Buy,133400,118100,0.035868298,122.47,120.76,120.86,123.04,122.4196797
CTSH,8/9/24,Broker A,4620921.5,0.45,0.897250831,33549,Sell,200800,200800,0.154013578,66.88,68.06,68.05,67.56,67.00412588
VICI,8/9/24,Broker E,8872924,0.29,0.661714256,33973,Sell,143800,120100,0.184717265,31.82,32.15,32.01,31.91,31.87456895
HIG,8/9/24,Broker E,1744182.625,0.36,0.681961477,32598,Buy,8400,8400,0.13971541,114.74,114.22,114.24,114.88,114.6147154
IDXX,8/9/24,Broker C,920356.4375,0.47,1.024811983,32955,Buy,26200,26200,0.198657648,412.69,406.65,406.8,413.54,412.6865663
CSGP,8/9/24,Broker D,3336447.5,0.46,1.052419782,32817,Sell,57000,57000,0.035970304,77.06,77.81,77.95,77.13,77.05840768
CHTR,8/9/24,Broker D,1460611,0.5,0.81772697,51101,Sell,54200,54200,0.17149506,317.08,322.43,322.28,318.67,317.1434783
CAH,8/9/24,Broker E,2750151.25,0.3,0.615272462,31686,Buy,91200,91200,0.044183997,132.31,131.17,131.14,132.56,132.1726526
WTW,8/9/24,Broker C,719839.0625,0.32,0.564704597,31380,Buy,21800,21800,0.184022277,319.3,315.76,315.79,322.31,319.2684072
GLW,8/9/24,Broker E,7247951.5,0.55,1.127289295,34871,Sell,209400,209400,0.162094086,40.21,40.7,40.8,40.72,40.34945496
VMC,8/9/24,Broker B,1552427.25,0.32,0.91711092,30934,Sell,7700,7700,0.111321233,232.47,234.17,233.97,233.17,232.5106141
HUM,8/9/24,Broker E,1663929.125,0.52,0.504744947,29680,Sell,79700,79700,0.108189731,241.86,245.91,245.97,242.48,241.9455102
EBAY,8/9/24,Broker E,5998861,0.38,0.746352613,30584,Sell,55300,48300,0.051067187,65.24,65.63,65.63,65.53,65.3430246
GIS,8/9/24,Broker B,7428856.5,0.32,0.222607225,31580,Sell,76600,76600,0.062744841,57.02,57.67,57.49,57.46,57.08634441
RMD,8/9/24,Broker E,1162067.625,0.38,1.053770781,30970,Buy,14000,14000,0.14649504,212.42,210.87,210.91,213.4,212.3512818
IT,8/9/24,Broker A,862088.0625,0.45,1.129665256,30243,Sell,18100,16800,0.153566202,387.24,392.47,392.45,390.4,387.3056774
EQT,8/9/24,Broker B,8427179,0.55,1.113951445,28486,Buy,230100,203000,0.035463828,48.6,47.68,47.84,48.67,48.52563166
MLM,8/9/24,Broker A,607821.625,0.33,0.953669608,29395,Buy,15600,13100,0.188237712,490.49,485.07,485.11,491.77,490.3897413
CNC,8/9/24,Broker D,4603081,0.31,0.406555951,28776,Buy,165900,155600,0.127914309,58.63,58.01,58.01,58.63,58.51672912
EXR,8/9/24,Broker C,1285439.375,0.39,0.8493523,29330,Sell,27700,27700,0.124734963,136.54,138.2,138.12,137.55,136.5511836
NDAQ,8/9/24,Broker A,3591433.75,0.46,0.828990459,40567,Buy,64300,64300,0.108923502,71.67,70.66,70.74,71.68,71.53480076
VTR,8/9/24,Broker D,3759618.25,0.28,0.697105527,29243,Buy,119100,119100,0.036383274,67.5,66.81,66.85,67.61,67.39000141
GRMN,8/9/24,Broker C,1260726.25,0.65,0.991939723,35947,Buy,42200,36000,0.167276915,190.27,186.83,186.82,192.66,190.2338286
A,8/9/24,Broker D,2477031.75,0.47,0.998218417,28584,Buy,76400,64100,0.079242799,101.57,100.26,100.22,102.57,101.4927898
WAB,8/9/24,Broker A,1099454.375,0.48,1.110182405,28560,Buy,17500,17500,0.024569372,169.17,167.06,167,170.59,169.0949472
IR,8/9/24,Broker D,3131694,0.52,1.183133483,28103,Buy,30900,30900,0.1876533,70.79,69.72,70.07,71.02,70.79547553
STZ,8/9/24,Broker B,2573782.25,0.32,0.651316345,33844,Buy,51200,51200,0.104476818,189.17,187.26,187.28,190.2,189.1184138
AWK,8/9/24,Broker A,1828562.625,0.3,0.470711619,28692,Buy,77900,77900,0.153986821,148.86,147.13,146.96,149.27,148.735713
AVB,8/9/24,Broker B,957343.8125,0.39,0.853089452,28729,Sell,35400,35400,0.084211523,198.95,201.79,201.83,201.11,198.9543657
ODFL,8/9/24,Broker E,1910647.125,0.58,1.112155557,31794,Buy,29100,27500,0.112945243,151.57,149.87,149.87,151.85,151.4708936
GEHC,8/9/24,Broker E,5121890.5,0.71,1.147836328,27690,Sell,232300,232300,0.082364203,59.24,60.48,60.52,59.89,59.30043746
LULU,8/9/24,Broker B,3117086,0.75,0.817370057,30631,Buy,25300,25200,0.030305531,257.42,253.91,253.94,259.86,257.3645876
BRO,8/9/24,Broker C,1961675.125,0.32,0.701902211,32509,Sell,11000,11000,0.054428702,112.58,113.42,113.28,113.15,112.5901851
DTE,8/9/24,Broker B,1640223.5,0.26,0.47982955,27347,Buy,38200,38200,0.147557285,133.4,131.78,132.19,133.92,133.3485241
BR,8/9/24,Broker B,621545.6875,0.36,0.782384157,26690,Buy,2400,2400,0.145828395,229.55,228.08,228.09,229.88,229.4613502
EFX,8/9/24,Broker A,1234932.125,0.52,1.309583545,26868,Sell,43300,43300,0.172291235,211.41,215.29,215.24,214.21,211.4825882
OXY,8/9/24,Broker C,15108736,0.7,0.679570973,36670,Buy,360300,360300,0.194908738,39.82,39.02,39.1,39.99,39.8028109
XYL,8/9/24,Broker A,1987830.125,0.41,1.123633265,26408,Sell,21300,21300,0.029381069,107.4,108.52,108.52,108.05,107.5055269
TSCO,8/9/24,Broker C,5318770.5,0.45,0.765961647,26363,Sell,229900,229900,0.189759669,48.58,49.59,49.38,48.78,48.59680726
DXCM,8/9/24,Broker C,4825727,0.55,1.070894837,25922,Sell,123200,123200,0.098095045,64.89,66.11,65.92,65.09,64.96658107
AEE,8/9/24,Broker E,2107070.25,0.25,0.507441759,26065,Buy,29700,29700,0.157911218,96.95,96.48,96.46,96.91,96.85055492
MTB,8/9/24,Broker B,1625571.25,0.47,0.980700493,25756,Buy,42500,42500,0.065376846,159.03,156.77,156.75,159.16,158.9795007
ANSS,8/9/24,Broker B,632879.5625,0.41,1.127478838,26115,Buy,25400,25400,0.061211449,302.48,297.94,297.94,304.75,302.4270253
DELL,8/9/24,Broker C,8990889,0.93,1.688794136,57495,Buy,238200,238200,0.041881236,84.27,82.39,82.33,84.89,84.27534097
PPL,8/9/24,Broker C,5713525,0.25,0.522806942,26096,Sell,259000,259000,0.053184125,34.93,35.31,35.3,35.23,34.94182003
ROK,8/9/24,Broker E,1085357.25,0.53,1.038438201,25660,Buy,25100,25100,0.098529385,229.93,226.93,227.04,230.06,229.842479
DAL,8/9/24,Broker C,15970300,0.95,1.207352281,25772,Sell,261900,224000,0.015353457,38.73,39.47,39.49,39.03,38.78532321
NUE,8/9/24,Broker D,2965347.25,0.63,1.079811215,24614,Sell,10900,10900,0.003966923,105.92,106.67,106.81,106.47,105.944041
CHD,8/9/24,Broker B,1830031.375,0.27,0.411989838,25384,Buy,16700,16700,0.101186554,103.85,103.14,103.14,103.94,103.769482
FANG,8/9/24,Broker D,3052251.25,0.82,0.885042548,38922,Sell,24400,24400,0.153499012,130.46,132.35,132.26,131.17,130.5475016
KHC,8/9/24,Broker E,12042805,0.33,0.360269487,35730,Buy,304700,304700,0.191309929,30.3,29.94,30.04,30.31,30.17550328
DD,8/9/24,Broker A,3624361,0.71,0.984351695,25156,Sell,69700,69700,0.060190936,59.05,60.11,60.14,59.85,59.13981313
MPWR,8/9/24,Broker C,1145968.625,1.11,1.914679885,24331,Sell,30000,28100,0.126387845,494.7,508.19,507.99,498.55,494.7133497
ATO,8/9/24,Broker B,1068291.25,0.23,0.55874145,24847,Buy,24500,24500,0.106675032,157.82,156.54,156.51,158.52,157.7326363
IRM,8/9/24,Broker E,2148413.75,0.49,1.041708589,24072,Sell,100500,100500,0.10873262,80.42,81.61,81.71,81.54,80.47021299
SBAC,8/9/24,Broker B,1136725.875,0.32,0.55840081,24366,Buy,6000,6000,0.059537284,227.18,225.55,225.71,227.97,227.1364807
HSY,8/9/24,Broker E,1714671.625,0.32,0.440539747,33721,Buy,26500,26500,0.165073877,167.79,166.47,166.66,167.82,167.6797532
RJF,8/9/24,Broker E,1904403.75,0.49,1.124410748,26810,Buy,48500,48500,0.04832438,132.55,130.84,130.93,132.76,132.4104766
TPL,8/9/24,Broker C,145288.7344,0.87,1.070005655,28707,Buy,4400,4400,0.143967289,1278.27,1248.97,1248.96,1286.1,1278.336829
LEN,8/9/24,Broker C,3604617.5,0.41,0.952108204,27192,Buy,37100,37100,0.197380591,104.76,103.71,103.81,104.86,104.7283356
IP,8/9/24,Broker C,6315342,0.57,0.763397038,23786,Buy,172700,172700,0.059701376,45.86,45.06,45.12,46.49,45.87053451
TYL,8/9/24,Broker C,289309.8438,0.37,0.932694316,23947,Sell,2200,2200,0.043141833,551.26,555.53,555.49,554.88,551.2342152
GDDY,8/9/24,Broker A,1731630.75,0.4,1.121523619,23532,Buy,78900,69000,0.187929329,167.88,165.21,165.33,169.46,167.7791577
CNP,8/9/24,Broker C,6544230,0.2,0.511033058,23818,Buy,276900,253600,0.056807111,36.97,36.49,36.66,37.12,36.96141403
IQV,8/9/24,Broker C,2062076.375,0.54,0.965077341,24899,Buy,62100,62100,0.080158031,143.45,141.22,141.14,144.76,143.4665751
DRI,8/9/24,Broker C,1471352.875,0.41,0.675583124,23062,Buy,25000,25000,0.132791278,199.25,197.07,197.1,200.32,199.2376405
STT,8/9/24,Broker E,2406070.25,0.51,0.965664208,23269,Sell,119000,119000,0.186921935,79.22,80.63,80.56,79.68,79.32414334
KEYS,8/9/24,Broker A,1073229.625,0.59,1.460006237,22790,Sell,42700,42700,0.198398236,128.99,131.88,131.66,130.22,129.0660294
EQR,8/9/24,Broker E,2058523.25,0.41,0.833705187,25639,Sell,76800,76800,0.176536479,66.61,67.5,67.44,66.9,66.72612502
PPG,8/9/24,Broker A,2583960.25,0.52,0.913599849,22561,Buy,68700,58700,0.106413579,100.97,99.4,99.44,100.95,100.8548025
FITB,8/9/24,Broker D,6024540,0.51,1.154086709,22261,Buy,86700,86700,0.157072456,33.66,33.32,33.27,33.85,33.62746088
ADM,8/9/24,Broker A,5736518,0.43,0.613135517,23091,Buy,198400,171000,0.056409898,48.86,48.09,48.15,49.13,48.77771573
CBOE,8/9/24,Broker D,1028178.75,0.3,0.335441858,22449,Sell,40100,39500,0.124819493,211.98,214.39,214.33,212.22,212.0109788
EXE,8/9/24,Broker B,6257997,0.43,0.875163198,23791,Buy,184300,184300,0.127165134,103.84,102.24,102.39,104.97,103.755731
HPQ,8/9/24,Broker E,10433243,0.69,1.06854558,22389,Sell,446500,446500,0.162086404,23.33,23.75,23.81,23.77,23.48421264
FTV,8/9/24,Broker D,2953923,0.5,1.015593648,21779,Buy,29600,29600,0.184239127,64.74,64,64.1,65.02,64.68312257
EIX,8/9/24,Broker D,3870291.5,0.38,0.615453899,21488,Sell,54300,50600,0.156389342,55.27,55.81,55.77,55.64,55.33174928
K,8/9/24,Broker D,2832324.25,0.04,0.390702844,28449,Buy,55300,47100,0.080324488,82.54,82.41,82.42,82.48,82.47063593
VLTO,8/9/24,Broker A,1591432.75,0.37,1.5,21630,Sell,200,200,0.106820517,86.88,87.2,87.13,86.99,86.98487019
DOV,8/9/24,Broker A,1323083.75,0.51,1.118279934,21659,Buy,48000,48000,0.128471437,160.97,158.02,158.16,162.06,160.889226
STE,8/9/24,Broker D,602092.9375,0.32,0.631336212,21495,Buy,13100,13100,0.08577946,220.94,218.78,218.89,221.47,220.8779202
UAL,8/9/24,Broker A,12011164,1.08,1.18553853,21399,Buy,514400,460100,0.099566638,67.56,65.3,65.53,69.11,67.45320443
CMS,8/9/24,Broker C,2745851.25,0.23,0.402545393,21566,Buy,75000,75000,0.138533306,72.88,72.1,72.28,73.47,72.8987869
FE,8/9/24,Broker A,5861474.5,0.28,0.476894647,24124,Sell,260000,260000,0.04702259,41.34,41.8,41.86,41.63,41.47999662
NVR,8/9/24,Broker C,26889.36719,0.39,0.721931219,21180,Buy,1300,1300,0.108617259,7241.86,7133.84,7133.8,7310.39,7241.85138
CPAY,8/9/24,Broker D,511122.2813,0.7,1.102929354,20953,Sell,4200,4200,0.089399208,294.53,298.26,298.15,296.9,294.511799
TDY,8/9/24,Broker A,304619.3125,0.41,0.851020634,21234,Sell,11500,11500,0.07277558,446.41,453.35,453.4,453.33,446.5375939
ES,8/9/24,Broker C,2653985.75,0.35,0.498877913,20696,Sell,132200,116400,0.17594321,55.64,56.38,56.4,56.28,55.66895578
MTD,8/9/24,Broker C,196380.4375,0.55,1.060753942,20219,Buy,600,600,0.043373057,977.33,970.15,970.09,978.2,977.2745746
MCHP,8/9/24,Broker E,13373664,1.16,1.530130506,21206,Buy,55700,55700,0.119400885,40.03,39.43,39.53,40.02,39.91870425
CINF,8/9/24,Broker A,926051.375,0.41,0.634547472,19996,Sell,45300,45300,0.058172987,125.44,127.72,127.58,126.24,125.5289378
WRB,8/9/24,Broker E,2284885,0.37,0.595682919,25539,Sell,106200,102600,0.103777027,66.37,67.33,67.19,66.74,66.49491674
DG,8/9/24,Broker E,5504300.5,0.46,0.147626966,21029,Buy,270400,270400,0.067534466,97,95.61,95.54,98.15,96.91692956
SW,8/9/24,Broker C,4414833.5,0.57,1.5,21286,Buy,167000,167000,0.179040351,41.64,40.78,40.88,42.31,41.66546834
CDW,8/9/24,Broker E,1711498.375,0.53,1.044915199,19557,Sell,47500,47500,0.170615288,146.2,148.42,148.23,147.41,146.3096694
VRSN,8/9/24,Broker C,912534.6875,0.29,0.593307614,22717,Buy,16300,16300,0.183639044,243.43,241.34,241.36,245.33,243.3800658
LYV,8/9/24,Broker B,2976203.75,0.53,1.095992446,28820,Buy,115000,115000,0.128269364,125.53,123.48,123.3,126.72,125.5110971
DVN,8/9/24,Broker A,10589528,0.85,0.784066737,19133,Sell,168400,155900,0.169622042,28.8,29.48,29.36,28.92,28.91067113
HPE,8/9/24,Broker A,29635630,0.83,1.436243892,19467,Buy,1465200,1465200,0.184991822,15.32,14.82,14.9,15.25,15.24311229
HBAN,8/9/24,Broker B,25923222,0.59,1.129999638,19676,Buy,391900,391900,0.182143087,13.61,13.47,13.42,13.71,13.58436996
NRG,8/9/24,Broker C,3331282.75,0.74,1.218113065,18959,Buy,2300,2300,0.000903235,93.53,93.09,93.02,93.88,93.54523141
DOW,8/9/24,Broker B,9681285,0.76,0.934338987,19846,Buy,72100,72100,0.144669346,28.37,28.12,27.99,28.67,28.35546594
HAL,8/9/24,Broker B,14295516,0.79,0.9959566,18895,Buy,272800,272800,0.170149768,22.38,21.92,21.96,22.54,22.31046796
TROW,8/9/24,Broker E,2628548.75,0.55,1.24284482,18568,Sell,69500,69500,0.174866475,82.23,83.55,83.39,83.2,82.30623849
ZBH,8/9/24,Broker A,2224673.75,0.3,0.66424644,19026,Buy,74900,74900,0.16013569,97.32,96.17,96.17,97.83,97.19728523
PHM,8/9/24,Broker A,2378124.5,0.43,0.928031027,18770,Sell,51300,51300,0.192964643,91.76,93.11,93,92.16,91.87406871
INVH,8/9/24,Broker C,3488844.75,0.31,0.804176807,20470,Sell,80700,68300,0.061003051,33.17,33.4,33.48,33.35,33.18501895
WAT,8/9/24,Broker B,577985.25,0.53,0.874369264,18814,Buy,21300,21300,0.120945263,321.84,316.23,316.2,326.2,321.8056683
CTRA,8/9/24,Broker D,7670125,0.45,0.794653773,18957,Buy,246100,235600,0.142007257,25.1,24.81,24.76,25.19,25.05996017
MKC,8/9/24,Broker B,2814116.5,0.32,0.453034908,20013,Sell,116100,116100,0.102031572,73.71,74.67,74.67,74.5,73.73430756
CCL,8/9/24,Broker D,30730354,0.84,1.585720658,22498,Buy,1128900,1128900,0.135850971,17.57,17.24,17.16,17.74,17.48228425
WY,8/9/24,Broker D,3923671.75,0.41,0.926903367,17921,Buy,132300,124500,0.084838749,25.06,24.69,24.74,25.01,25.01268477
EXPE,8/9/24,Broker A,2731665,0.76,1.383257627,18899,Buy,54600,52500,0.065950273,149.46,146.67,146.66,149.53,149.3731719
SYF,8/9/24,Broker B,5665065,0.79,1.195883751,18361,Buy,159000,159000,0.058948125,48.3,47.23,47.27,49.04,48.2642125
IFF,8/9/24,Broker D,2113117.5,0.43,0.765907586,18594,Sell,33200,33200,0.022709794,71.82,72.71,72.58,72.34,71.86914723
NI,8/9/24,Broker C,5584637.5,0.29,0.636198223,17935,Sell,92500,87500,0.127404219,37.78,38.11,38.09,37.8,37.76320074
MAA,8/9/24,Broker D,1073008.875,0.33,0.744632661,18099,Buy,10100,10100,0.064066153,155.94,154.82,154.85,156.14,155.8537574
LDOS,8/9/24,Broker B,1774806.75,0.33,0.886574626,17724,Sell,64800,64800,0.150008654,136.48,138.24,138.22,137.28,136.552275
HUBB,8/9/24,Broker A,752433.75,0.47,1.161202312,17637,Sell,21500,21500,0.169743223,324.07,329.22,329.17,324.25,324.1810711
DGX,8/9/24,Broker E,1434326.75,0.25,0.461955011,17963,Sell,25100,24300,0.135075629,160.84,161.86,161.73,161.39,160.9181041
WBD,8/9/24,Broker C,44823424,1.01,1.16329062,19642,Buy,329500,284300,0.156403922,8.08,7.94,7.96,8.13,8.093675805
LH,8/9/24,Broker E,818770,0.33,0.56757921,17756,Buy,37100,37100,0.054802745,214.78,212.22,212.43,216.87,214.6644347
MOH,8/9/24,Broker D,752848.375,0.42,0.305419803,16524,Buy,14800,14800,0.186884737,305.59,302.09,302.21,305.8,305.5303624
LII,8/9/24,Broker C,457593.5,0.48,1.069374204,19202,Sell,15000,15000,0.112687247,532.51,541.02,540.87,535.17,532.578125
ESS,8/9/24,Broker B,526468.6875,0.42,0.903372884,17425,Sell,19600,19600,0.075761079,266.83,270.89,270.92,267.36,266.8758203
RF,8/9/24,Broker B,11484495,0.53,1.14174211,17285,Buy,568000,522900,0.144906355,19.45,19.09,19.08,19.54,19.383693
TSN,8/9/24,Broker B,2524327,0.29,0.444923162,21653,Sell,39900,39900,0.067088178,60.14,60.79,60.67,60.3,60.24183124
BIIB,8/9/24,Broker C,1859786.375,0.44,0.701340735,17051,Sell,68900,68900,0.114022268,114.55,116.49,116.31,115.13,114.5603076
PODD,8/9/24,Broker D,913339.9375,0.47,1.104999661,16754,Buy,12300,12300,0.08112137,241.23,238.57,238.69,241.63,241.1817434
NTRS,8/9/24,Broker A,1545806.5,0.52,1.090333939,16920,Sell,58300,58300,0.131336657,85.06,86.78,86.64,85.6,85.14954897
PTC,8/9/24,Broker E,1066607.125,0.44,1.078693867,16800,Buy,52900,52900,0.06952575,141.65,139.62,139.59,143.16,141.5278237
CLX,8/9/24,Broker B,1512404.375,0.23,0.525460303,17079,Sell,3300,3300,0.094515253,138.04,138.64,138.59,138.3,138.0718203
GPN,8/9/24,Broker E,3507925.75,0.84,0.966453552,16589,Sell,96100,96100,0.173081958,66.06,67.47,67.41,66.92,66.16176596
WSM,8/9/24,Broker E,3767200.25,0.79,1.285576701,17028,Buy,114400,114400,0.036522838,140.73,137.87,137.99,143.2,140.6147739
NTAP,8/9/24,Broker A,2661723.75,0.59,1.255655408,16615,Buy,114500,114500,0.127860995,83.51,81.68,81.81,83.71,83.38953739
STLD,8/9/24,Broker D,2060822.125,0.57,1.085546494,17021,Sell,96800,96800,0.087877268,111.15,113.55,113.35,112.96,111.1792618
PKG,8/9/24,Broker D,1002152,0.39,0.758322477,16373,Sell,800,800,0.048665952,181.4,182.07,181.97,181.53,181.4826229
ULTA,8/9/24,Broker A,1273502.75,0.66,0.72329247,16568,Sell,41800,41800,0.191065527,357.97,365.67,365.51,360.1,358.0767644
FDS,8/9/24,Broker E,352102.2813,0.36,0.788227975,15673,Buy,13900,13000,0.110583301,417.68,413.03,413.14,420.61,417.5791472
DPZ,8/9/24,Broker D,719962.3125,0.39,0.976678789,16060,Buy,20800,20800,0.061686859,474.08,468.27,468.39,478.95,473.9965374
DECK,8/9/24,Broker A,3603507.5,0.77,0.957816899,15716,Buy,164600,144800,0.087195033,106.17,103.55,103.62,108.12,106.0519677
STX,8/9/24,Broker B,4192351,0.75,1.502993703,15652,Buy,2600,2600,0.073477648,74.51,73.93,74.07,74.78,74.45858029
SNA,8/9/24,Broker A,519470.875,0.45,0.87209785,15288,Sell,2200,2200,0.0101131,290.05,292.36,292.44,291.58,290.1016723
DLTR,8/9/24,Broker B,6869030,0.79,0.797286034,17131,Buy,334900,334900,0.047808332,81.55,79.65,79.46,81.98,81.51816046
GPC,8/9/24,Broker E,1654921.25,0.42,0.686277211,15519,Buy,63600,63600,0.067279238,113.4,111.82,111.97,114.49,113.3276486
SMCI,8/9/24,Broker A,53867424,1.05,2.397611856,17514,Buy,866000,780700,0.052003323,30.13,29.51,29.49,30.36,30.03827678
COO,8/9/24,Broker D,2442022.25,0.45,0.941235423,15739,Buy,120400,120400,0.087272678,80.02,78.7,78.72,80.48,79.93699833
EVRG,8/9/24,Broker D,2780009.25,0.23,0.49877277,15381,Buy,97600,97600,0.121265616,67.56,66.95,66.98,67.59,67.48424946
ROL,8/9/24,Broker B,2293436.25,0.33,0.708591282,26548,Sell,101000,101000,0.134784886,54.05,54.73,54.79,54.12,54.1060963
LNT,8/9/24,Broker C,2183584.75,0.26,0.496919721,15230,Sell,6100,6100,0.007730479,58.95,59.29,59.19,59.11,58.89803293
CFG,8/9/24,Broker A,6193755.5,0.62,1.265007377,15077,Sell,81300,81300,0.191812608,33.92,34.49,34.42,34.33,33.97699762
PFG,8/9/24,Broker B,1607446.125,0.57,0.982086778,15807,Sell,1200,1200,0.175584469,69.88,70.26,70.25,70.01,69.95245508
L,8/9/24,Broker D,910343.9375,0.39,0.612332523,17530,Buy,24600,24600,0.198664062,84.47,83.34,83.48,84.48,84.44939914
EG,8/9/24,Broker A,415288.5313,0.35,0.552587211,16384,Sell,14300,14300,0.199561067,338.16,342.87,342.76,340.65,338.2959934
EXPD,8/9/24,Broker B,1753609.625,0.44,0.754186869,14436,Sell,4200,4200,0.107579698,104.21,104.79,104.87,104.35,104.2293808
FFIV,8/9/24,Broker C,576744.125,0.48,0.925122261,14459,Buy,33000,28300,0.082116843,255.42,250.8,250.96,259.09,255.4095256
JBL,8/9/24,Broker C,1724661.25,0.67,1.366136074,13928,Buy,13600,13600,0.140824082,131.29,129.75,129.73,132.34,131.2359176
BAX,8/9/24,Broker C,5027440,0.56,0.750824749,14639,Buy,184300,184300,0.092639613,29.1,28.54,28.58,29.13,29.04591218
LYB,8/9/24,Broker A,4547265,0.69,0.844999075,18176,Buy,218900,218900,0.188236899,57.81,56.3,56.44,58.56,57.67655729
LUV,8/9/24,Broker E,16223484,0.81,0.978310943,13797,Buy,454900,386300,0.150581896,24.62,24.04,24.17,24.61,24.53171496
WST,8/9/24,Broker D,972558.875,0.44,0.812731206,14884,Sell,42400,42400,0.074297697,202.52,205.88,205.71,203.44,202.5512156
ON,8/9/24,Broker D,10593790,0.95,1.216935754,14662,Sell,88600,88600,0.081193764,34.09,34.74,34.63,34.21,34.07727276
OMC,8/9/24,Broker D,4378209.5,0.49,0.86769712,14065,Buy,79900,75000,0.175332206,72.84,72.09,71.98,73.57,72.78834114
J,8/9/24,Broker A,987790.3125,0.37,0.765809715,14176,Buy,21500,21500,0.049928558,117.21,115.68,115.82,117.68,117.0899766
TRMB,8/9/24,Broker C,1833999.625,0.59,1.16162169,13818,Sell,40500,40500,0.088316053,55.27,56.22,56.15,55.98,55.29039297
KEY,8/9/24,Broker D,18568466,0.59,1.350797296,15110,Buy,72600,72600,0.164902603,13.92,13.79,13.81,13.89,13.85230463
BALL,8/9/24,Broker E,2751362.5,0.35,0.72291398,13357,Buy,105300,90300,0.155283967,47.92,47.3,47.44,47.81,47.80007634
KIM,8/9/24,Broker D,6303217,0.41,0.923541188,13651,Buy,73100,73100,0.143464407,20.37,20.09,20.19,20.46,20.34243279
AVY,8/9/24,Broker C,860455.75,0.33,0.759776711,13348,Sell,14100,14100,0.118674782,167.57,169.03,169.12,168.27,167.615015
FSLR,8/9/24,Broker A,3386447.75,0.58,0.734085619,13132,Buy,42800,42800,0.084642456,124.23,122.45,122.54,125.71,124.1273534
AMCR,8/9/24,Broker B,34436428,0.35,0.618396103,13456,Sell,68400,68400,0.019966141,8.96,9.31,9.01,9,9.000898304
BLDR,8/9/24,Broker B,1751718.125,0.58,1.242862463,12976,Buy,4900,4900,0.066171201,114.93,114.08,114.01,115.16,114.9088169
PNR,8/9/24,Broker A,1924131,0.49,1.106546164,13026,Sell,79300,79300,0.143068045,77.36,78.96,78.78,77.86,77.50454178
GEN,8/9/24,Broker D,4726144.5,0.47,1.009418488,14520,Sell,168900,168900,0.124101439,23,23.56,23.35,23.1,23.0869948
TPR,8/9/24,Broker C,7014728.5,0.63,1.042785764,13079,Sell,284900,284900,0.18502316,61.72,63.18,63.01,62.57,61.72291545
DOC,8/9/24,Broker E,5513162,0.29,0.821606755,12889,Buy,43600,38900,0.142859913,18.46,18.45,18.38,18.26,18.32083408
MAS,8/9/24,Broker D,2461541.5,0.48,1.01499474,12710,Buy,103100,103100,0.060672561,61.17,60.05,60.19,61.65,61.1208639
CF,8/9/24,Broker A,2908823.75,0.38,0.506944835,12507,Buy,52400,52400,0.182879756,76,75.13,75.13,76.44,75.94085005
HOLX,8/9/24,Broker C,3410084.75,0.3,0.439089477,12853,Buy,33600,33600,0.070397835,57.31,56.94,56.9,57.62,57.28987146
EL,8/9/24,Broker E,4540624.5,0.78,1.135743618,19565,Sell,96400,96400,0.147629116,53.31,54.39,54.24,53.47,53.41063541
WDC,8/9/24,Broker C,9308912,0.9,1.804587364,12508,Buy,312400,312400,0.182886136,36.86,35.96,35.96,37.13,36.82941305
JKHY,8/9/24,Broker D,710372.875,0.38,0.583922863,12299,Buy,32100,32100,0.063849771,171.22,168.72,168.86,172.8,171.178734
IEX,8/9/24,Broker C,721935.25,0.4,0.921658635,12137,Sell,18600,18600,0.033621664,158.7,160.66,160.69,159.76,158.6686178
UDR,8/9/24,Broker E,2407958,0.43,0.85049963,13490,Buy,114600,114600,0.073888189,41.45,40.74,40.87,41.52,41.29192218
SJM,8/9/24,Broker A,1412505.25,0.28,0.436529636,12334,Buy,44400,44400,0.130724466,117.01,115.9,115.72,118.05,116.9189005
CAG,8/9/24,Broker A,6965156.5,0.29,0.338077486,12120,Buy,128600,107200,0.031858949,25.7,25.39,25.47,25.83,25.65095029
TXT,8/9/24,Broker C,1671518.375,0.52,1.009713173,11729,Buy,35400,35400,0.155298456,65.53,64.58,64.62,66.14,65.51324555
BBY,8/9/24,Broker D,4805700,0.84,0.958788991,13128,Sell,52700,52700,0.192501921,61.12,62.11,62.08,61.53,61.20348436
ALGN,8/9/24,Broker D,1371862,0.57,1.381431937,12608,Sell,20400,20400,0.189893128,169.8,172.22,172.01,171.64,169.8563444
ARE,8/9/24,Broker E,1681613.75,0.47,1.095249534,13100,Buy,23700,23700,0.129760495,76.65,75.73,75.94,76.6,76.54404192
CPT,8/9/24,Broker A,1145793,0.35,0.813532531,12056,Buy,38200,35800,0.06229547,112.32,110.81,110.88,113.22,112.2738724
APTV,8/9/24,Broker A,4253347.5,0.62,0.834469736,11699,Sell,175000,175000,0.055056304,50.08,50.99,51.17,51.05,50.18763021
REG,8/9/24,Broker E,1255055.125,0.33,0.702210128,13247,Buy,11000,11000,0.116814969,71.16,70.78,70.78,71.08,71.02682733
ZBRA,8/9/24,Broker A,718495.125,0.81,1.371357441,11356,Buy,16200,16200,0.155878464,226.8,222.05,222.12,227.59,226.7366037
POOL,8/9/24,Broker C,454624.6875,0.43,0.911036551,11186,Buy,7500,7500,0.162731394,299.92,296.56,296.6,302.16,299.851053
TER,8/9/24,Broker C,4338915.5,0.96,1.628202081,11277,Sell,8800,8800,0.144999848,69.22,69.81,69.91,69.49,69.24874165
JNPR,8/9/24,Broker E,3132681.5,0.19,0.634801924,11379,Buy,134400,134400,0.17457461,34.27,34.04,34.05,34.21,34.17508001
LVS,8/9/24,Broker D,6501377.5,0.57,0.823726475,23008,Buy,13300,13300,0.187087956,33.02,32.56,32.82,33,32.98224454
RVTY,8/9/24,Broker A,1219324.5,0.55,0.797572315,10786,Buy,25100,25100,0.093860886,91.39,89.77,89.99,92.63,91.31453064
AKAM,8/9/24,Broker E,2377838.5,0.52,0.784386694,10509,Buy,49300,44900,0.16920341,72.98,71.92,72.15,73.36,72.93348823
ALLE,8/9/24,Broker A,1194745.875,0.34,0.85759753,10607,Sell,69800,59300,0.176849269,121.48,123.27,123.31,122.8,121.539195
LKQ,8/9/24,Broker D,2848942.25,0.37,0.666749001,10655,Sell,32900,32900,0.150221368,40.85,41.21,41.19,41.01,40.8821939
CHRW,8/9/24,Broker D,1592970,0.4,0.668679476,10554,Sell,39100,39100,0.059115423,88.17,89.27,89.21,88.31,88.2215875
PNW,8/9/24,Broker B,1304774.75,0.23,0.468580067,11116,Buy,64100,64100,0.090259703,94.31,93.24,93.31,94.87,94.25546185
BG,8/9/24,Broker E,1928443.25,0.39,0.430640489,10557,Buy,93500,93500,0.095821994,79.88,78.8,78.84,79.89,79.76025346
FOXA,8/9/24,Broker C,4894352,0.5,0.622418344,20638,Buy,12500,12500,0.026493994,47.68,47.21,47.37,47.88,47.69388423
JBHT,8/9/24,Broker A,1416926.375,0.6,0.961994886,12713,Sell,60500,59200,0.092497739,124.34,127.12,126.99,125.18,124.4906221
UHS,8/9/24,Broker B,936496.0625,0.52,0.833979607,10240,Buy,15600,15600,0.117534456,159.29,157.05,157.18,160.69,159.2061212
ERIE,8/9/24,Broker A,135175.3594,0.4,0.544575632,20663,Buy,3500,3500,0.101759393,400.56,395.17,395.26,404.47,400.4578099
PAYC,8/9/24,Broker E,727074.8125,0.56,0.874895334,11929,Sell,7200,7200,0.167200253,204.21,206.2,206.15,204.33,204.3304212
GL,8/9/24,Broker A,742776.5625,0.45,0.797355115,9754,Buy,12700,12700,0.039249351,118.57,117.17,117.08,118.98,118.381838
TAP,8/9/24,Broker D,2594431.25,0.27,0.463173449,11908,Buy,124200,104500,0.085444881,58.42,57.93,57.83,58.86,58.38362912
KMX,8/9/24,Broker D,3893916.5,0.76,0.924367547,9517,Sell,187800,187800,0.154636246,60.66,62.33,62.18,61.79,60.74157759
TKO,8/9/24,Broker B,2176504.5,0.48,0.791934609,28227,Buy,66400,66400,0.058285301,145.55,143.09,143.32,146.57,145.4563168
NDSN,8/9/24,Broker B,408402.3438,0.53,1.068100691,10080,Buy,17700,16200,0.054960731,180.39,177.11,177.15,182.1,180.3073501
NWSA,8/9/24,Broker D,4041857,0.41,0.929095805,15160,Buy,150100,150100,0.041057262,25.78,25.35,25.43,25.93,25.74295823
AIZ,8/9/24,Broker E,495442.1563,0.43,0.737580895,9353,Sell,4700,4700,0.166698685,182.56,183.87,183.89,183.68,182.6957953
HST,8/9/24,Broker E,11824158,0.56,1.002946138,9439,Sell,131600,131600,0.078289217,13.19,13.51,13.32,13.3,13.26972832
INCY,8/9/24,Broker B,2254369,0.47,0.670278668,10992,Buy,73300,73300,0.037104852,57.89,56.8,57,58.63,57.85273475
BXP,8/9/24,Broker C,1637994.625,0.49,1.16145134,9899,Buy,51300,51200,0.148409354,63.79,62.57,62.82,64.5,63.78166641
SOLV,8/9/24,Broker D,1395912.125,0.51,1.5,11062,Buy,7100,7100,0.054596558,64.56,63.94,64.05,64.77,64.51692617
VTRS,8/9/24,Broker E,15793166,0.48,0.810708165,9036,Sell,375200,375200,0.103347328,7.37,7.57,7.46,7.46,7.461940083
SWKS,8/9/24,Broker E,4347467,0.93,1.274859548,8720,Buy,27200,27200,0.067337524,57.42,56.78,56.73,57.53,57.34029329
IPG,8/9/24,Broker C,8651978,0.5,0.892075121,8757,Buy,128900,128900,0.0196068,23.8,23.5,23.52,23.89,23.7661322
HRL,8/9/24,Broker E,3378499.75,0.26,0.42143631,16717,Buy,146900,146900,0.089142183,30.75,30.4,30.48,30.7,30.64058648
EMN,8/9/24,Broker C,1493853.5,0.57,1.016051292,8883,Sell,29100,28900,0.095745331,75.87,76.94,77,76.59,75.87875735
SWK,8/9/24,Broker E,2905021.75,0.8,1.096431136,8711,Buy,14000,14000,0.066884279,56.85,56.37,56.31,56.81,56.73535242
MOS,8/9/24,Broker B,5865110.5,0.52,0.943756461,8629,Sell,83100,83100,0.077895144,26.96,27.2,27.31,27.12,27.05524706
DAY,8/9/24,Broker D,2080966.125,0.61,1.275922179,8282,Buy,57800,57800,0.196948938,53.27,52.33,52.38,54.07,53.25039303
HII,8/9/24,Broker A,780269.9375,0.46,1.021251202,8548,Buy,7200,6500,0.14052378,220.06,217.86,217.82,220.8,219.9833633
MKTX,8/9/24,Broker B,684962.75,0.29,0.569458306,8374,Buy,8600,8600,0.067388508,224.03,222.17,222.24,224.83,223.9552122
MRNA,8/9/24,Broker A,9824392,0.7,1.143159986,9716,Sell,179300,179300,0.13085741,24.6,25.13,25.04,24.98,24.68075894
EPAM,8/9/24,Broker B,775269.125,0.59,1.141998291,8339,Buy,36900,36900,0.190289693,148.64,145.61,145.58,150.05,148.57044
RL,8/9/24,Broker E,1348353,0.81,1.060222864,12602,Buy,43000,43000,0.085841385,208.3,204.04,204.09,209.33,208.1621477
HSIC,8/9/24,Broker E,1568497.375,0.35,0.590051532,7728,Sell,2800,2800,0.140141805,62.71,63.08,62.86,62.86,62.82658223
WBA,8/9/24,Broker D,19665150,0.15,0.587754667,9400,Buy,269700,269700,0.150103109,10.93,10.87,10.88,10.9,10.89001253
LW,8/9/24,Broker B,2839034,0.55,0.564399183,7269,Sell,14000,12800,0.069453709,51.14,51.51,51.61,51.58,51.21045281
TECH,8/9/24,Broker A,2193590.5,0.64,0.978624701,7511,Sell,84700,84700,0.16883281,46.46,47.51,47.47,46.63,46.5824267
AOS,8/9/24,Broker D,1550288.375,0.3,0.872556567,8857,Sell,57700,57700,0.141803783,61.02,61.71,61.69,61.45,61.07736588
CPB,8/9/24,Broker C,3745423,0.32,0.404911965,11203,Sell,67800,67800,0.170011713,37.14,37.57,37.49,37.22,37.20863108
MTCH,8/9/24,Broker B,5115680.5,0.44,0.591599047,7173,Buy,154300,154300,0.115616404,29.68,29.08,29.25,29.71,29.66471415
AES,8/9/24,Broker A,14259086,0.58,0.945910573,6977,Buy,217100,217100,0.183131953,10.04,9.8,9.9,9.97,9.951824105
FRT,8/9/24,Broker B,981473.5,0.43,0.80000782,7917,Sell,28700,28700,0.139640047,90.84,92.29,92.15,91.01,90.86929825
NCLH,8/9/24,Broker B,16253093,0.88,1.468388319,7114,Sell,396400,396400,0.144503536,15.65,16.05,16.01,15.79,15.71351072
ENPH,8/9/24,Broker B,3664565.5,0.72,1.072749496,6772,Buy,130300,130300,0.151393006,52.76,51.62,51.62,53.28,52.70808003
HAS,8/9/24,Broker C,2073502.25,0.59,0.878377974,7210,Buy,28000,28000,0.088134234,52.29,51.54,51.61,52.76,52.2414567
WYNN,8/9/24,Broker C,2804277.75,0.64,0.920791984,7958,Sell,41400,37700,0.044951938,73.84,74.96,74.89,74.14,73.85077922
GNRC,8/9/24,Broker E,931832.75,0.64,1.488258839,6354,Buy,32900,32900,0.045528157,108.42,106.58,106.54,109.9,108.3175922
PARA,8/9/24,Broker B,9434556,0.34,0.801711023,7689,Sell,167300,167300,0.112977276,10.43,10.76,10.54,10.54,10.5362396
MGM,8/9/24,Broker E,6752680,0.67,1.398429513,8183,Buy,179700,179700,0.145927219,29.46,28.92,28.98,29.61,29.31757601
ALB,8/9/24,Broker A,3355922.75,0.93,1.281180859,6238,Buy,123500,123500,0.120080809,54.48,53.02,53.03,55.69,54.36467346
DVA,8/9/24,Broker D,909545.5,0.38,0.739418805,10680,Buy,15100,14900,0.142554658,134.88,133.5,133.59,135.34,134.7917555
APA,8/9/24,Broker B,9381971,1.05,0.943391263,5606,Buy,408900,408900,0.124977447,15.96,15.5,15.48,16.33,15.92090238
FOX,8/9/24,Broker C,1367305.625,0.52,0.653857589,20638,Sell,44700,44700,0.058921766,43.19,43.95,43.91,43.66,43.20856295
IVZ,8/9/24,Broker C,6818165,0.68,1.153514981,5575,Sell,12300,12300,0.108492033,12.33,12.46,12.42,12.36,12.34079416
BEN,8/9/24,Broker C,5018205,0.5,0.993404508,9116,Buy,77100,77100,0.09556883,17.64,17.35,17.43,17.79,17.64524503
CRL,8/9/24,Broker E,1923912.25,1.15,0.819497168,5043,Buy,52800,52800,0.11264439,105.63,102.67,102.96,107.47,105.5002385
CZR,8/9/24,Broker D,6304107,0.76,1.529064894,5300,Buy,164200,164200,0.137400555,25.52,25,25.03,25.73,25.53896347
MHK,8/9/24,Broker A,818728.5,0.53,1.147715569,6250,Sell,34800,34800,0.197566862,97.89,99.97,99.81,98.72,98.00512881
NWS,8/9/24,Broker D,946888.9375,0.42,0.94787389,15160,Buy,15300,13300,0.060203191,29.92,29.45,29.63,30.15,29.89761402